domain,tld,is_https,url_length,num_hyphens,num_digits,num_special_chars,num_path_segments,has_ssl,whois_registrar,whois_country,domain_age_days,is_phishing
https://lang-simpson.io,io,1,23,1,0,0,2,0,Barker Ltd,Greenland,6430,True
https://ross.gov,gov,1,16,0,0,0,2,0,Fields-Young,Western Sahara,6764,False
https://payne-wright.gov,gov,1,24,1,0,0,2,1,Tate Group,Seychelles,7062,False
http://lee.org,org,0,14,0,0,0,2,1,"Waters, Flowers and Burton",New Zealand,4002,False
http://johnson-bailey.info,info,0,26,1,0,0,2,1,Edwards LLC,North Macedonia,4921,False
http://snyder.com,com,0,17,0,0,0,2,1,Lucero PLC,Tunisia,3262,True
http://johnson.net,net,0,18,0,0,0,2,1,Wolfe and Sons,Kuwait,1806,True
http://beasley-roth.info,info,0,24,1,0,0,2,1,Willis-Mathis,Mexico,2830,True
https://welch-hancock.io,io,1,24,1,0,0,2,1,Wilson-Taylor,Norfolk Island,1714,True
https://cabrera-perez.dev,dev,1,25,1,0,0,2,1,Hunter-Rodriguez,Faroe Islands,4988,False
https://johnson-sims.biz,biz,1,24,1,0,0,2,0,"Warner, Mcclain and Powers",Moldova,574,True
http://simmons.ar,ar,0,17,0,0,0,2,0,"Mendez, Heath and Colon",Kiribati,6779,True
http://lopez.io,io,0,15,0,0,0,2,0,Nelson-Brooks,Jordan,7297,False
https://marshall-hampton.gov,gov,1,28,1,0,0,2,0,Gordon LLC,Ethiopia,6763,True
http://valdez.net,net,0,17,0,0,0,2,1,Perez-Coffey,Equatorial Guinea,7048,True
http://allen.edu,edu,0,16,0,0,0,2,0,Jackson-Ayala,French Polynesia,2492,False
https://villarreal.gov,gov,1,22,0,0,0,2,0,"Davis, Williams and Ochoa",Netherlands,5487,False
https://hernandez.net,net,1,21,0,0,0,2,1,"Gibson, Brennan and Kim",Lebanon,7292,True
http://hester-james.dev,dev,0,23,1,0,0,2,1,White-Hill,Niue,7079,False
http://johnston-hall.net,net,0,24,1,0,0,2,0,Robles-Delacruz,Cameroon,1538,False
https://garrett-rodriguez.net,net,1,29,1,0,0,2,0,Williams PLC,Monaco,7253,False
https://beck.io,io,1,15,0,0,0,2,0,"Newton, Espinoza and Navarro",Bosnia and Herzegovina,424,False
https://ruiz.edu,edu,1,16,0,0,0,2,1,"Powell, Rojas and Cole",Antigua and Barbuda,3849,False
https://gray.net,net,1,16,0,0,0,2,0,Smith-Wells,Nepal,1133,True
http://harris.edu,edu,0,17,0,0,0,2,1,Collins Ltd,Austria,1100,False
https://lynch.net,net,1,17,0,0,0,2,0,Duncan-Lewis,Greece,3958,False
https://hall.io,io,1,15,0,0,0,2,1,"Carpenter, Barton and Smith",Poland,4929,False
https://young-weber.gov,gov,1,23,1,0,0,2,0,Stokes Inc,North Macedonia,6095,False
http://scott.biz,biz,0,16,0,0,0,2,0,Gonzalez-Woodward,Congo,4614,False
https://kennedy-mitchell.io,io,1,27,1,0,0,2,0,Fleming-Gregory,Lebanon,5946,True
http://dominguez-jackson.net,net,0,28,1,0,0,2,0,Kelly Ltd,Cyprus,2154,False
https://zamora.net,net,1,18,0,0,0,2,1,"Baker, Thomas and Gibson",Tunisia,6540,False
https://wilson-kim.gov,gov,1,22,1,0,0,2,0,Cohen Ltd,Saint Helena,6912,False
http://smith-thomas.edu,edu,0,23,1,0,0,2,1,Wilkinson-Ortiz,Taiwan,6965,False
https://keith-herrera.dev,dev,1,25,1,0,0,2,0,"Ramirez, Shepherd and Powers",Kenya,3400,False
https://house.com,com,1,17,0,0,0,2,1,Williams LLC,Korea,4296,False
https://oconnor.biz,biz,1,19,0,0,0,2,1,Paul Group,Palestinian Territory,3452,True
https://tran.org,org,1,16,0,0,0,2,1,Hawkins LLC,Saudi Arabia,866,True
http://anderson.gov,gov,0,19,0,0,0,2,1,Jones-Fernandez,Guinea,4702,True
https://hickman.net,net,1,19,0,0,0,2,1,Hunter and Sons,Sao Tome and Principe,1010,True
https://murphy.io,io,1,17,0,0,0,2,0,King-Allen,Rwanda,2643,False
https://wong-griffin.ar,ar,1,23,1,0,0,2,1,Horton LLC,Bermuda,5957,True
http://saunders-johnson.ar,ar,0,26,1,0,0,2,1,"Underwood, Thompson and Long",Nepal,470,False
https://reid.biz,biz,1,16,0,0,0,2,1,Sexton-Roberts,Swaziland,3825,False
http://welch.gov,gov,0,16,0,0,0,2,0,Ramos-Schmidt,Mauritius,2966,True
https://davis-potter.dev,dev,1,24,1,0,0,2,0,Mason PLC,Belgium,6919,True
https://harris-johnson.biz,biz,1,26,1,0,0,2,0,Cross PLC,Faroe Islands,3954,False
http://hernandez-cohen.ar,ar,0,25,1,0,0,2,0,Rose and Sons,Maldives,7095,True
https://mcpherson.dev,dev,1,21,0,0,0,2,1,"Ramirez, Cunningham and Welch",Nepal,6693,False
http://johnson.org,org,0,18,0,0,0,2,1,"Foster, Davis and Cole",Nigeria,6138,True
https://benjamin-cox.edu,edu,1,24,1,0,0,2,1,Kane-Miller,Bolivia,6839,False
http://clayton-miranda.com,com,0,26,1,0,0,2,0,"Deleon, Evans and Robinson",United States of America,6780,True
https://jackson.org,org,1,19,0,0,0,2,1,Pierce-Shaffer,Namibia,5099,True
https://brown-luna.net,net,1,22,1,0,0,2,1,"Black, Olson and Foster",India,4012,False
http://pitts.com,com,0,16,0,0,0,2,0,Hall LLC,Paraguay,858,True
https://rosales-sanders.info,info,1,28,1,0,0,2,0,Scott-Norris,Saint Pierre and Miquelon,5090,True
http://merritt-smith.org,org,0,24,1,0,0,2,0,Wright PLC,Poland,5129,True
https://mullins-peterson.org,org,1,28,1,0,0,2,0,Grant-Sweeney,Spain,2033,True
http://powell.ar,ar,0,16,0,0,0,2,0,Mack-Greer,Myanmar,4881,False
https://mason.dev,dev,1,17,0,0,0,2,1,Deleon-Harrison,Zambia,3011,False
http://turner-young.biz,biz,0,23,1,0,0,2,1,"Thomas, Werner and Guzman",Australia,1493,True
https://lewis.org,org,1,17,0,0,0,2,0,Solomon Inc,Ecuador,6723,True
http://howard.dev,dev,0,17,0,0,0,2,1,Richard-Blevins,Guernsey,1166,True
https://evans.ar,ar,1,16,0,0,0,2,1,Miller-Rogers,Spain,3184,False
http://ayers.ar,ar,0,15,0,0,0,2,0,Jones PLC,Cameroon,5824,False
https://singleton.ar,ar,1,20,0,0,0,2,0,Davis-Hartman,New Caledonia,693,True
http://robinson-brown.edu,edu,0,25,1,0,0,2,0,Frost-French,Cayman Islands,5476,False
https://lopez.net,net,1,17,0,0,0,2,0,Everett-Smith,Portugal,2124,False
https://crawford-cox.dev,dev,1,24,1,0,0,2,0,"Parker, Hansen and Lewis",Nicaragua,4219,True
https://anthony.io,io,1,18,0,0,0,2,0,Smith-Wilkinson,Gibraltar,6259,False
https://sanchez-campos.io,io,1,25,1,0,0,2,0,Holland LLC,Korea,6000,True
https://shaw.net,net,1,16,0,0,0,2,1,Martinez and Sons,Zambia,4572,True
http://hill.gov,gov,0,15,0,0,0,2,1,Wilson-Brown,Germany,6425,True
https://thompson.biz,biz,1,20,0,0,0,2,1,Rich-Garcia,Burundi,5958,True
http://rogers-torres.biz,biz,0,24,1,0,0,2,0,"Phillips, Mejia and Brown",Lithuania,764,False
http://wilson.org,org,0,17,0,0,0,2,1,"Krueger, Freeman and Smith",Qatar,3605,True
http://padilla.edu,edu,0,18,0,0,0,2,0,Rosario LLC,Vanuatu,3842,True
https://watson-mcgee.biz,biz,1,24,1,0,0,2,1,"Allen, Harris and Vaughan",Papua New Guinea,645,False
http://bradley.edu,edu,0,18,0,0,0,2,1,Kelley-Payne,Saint Pierre and Miquelon,2051,True
http://duke.gov,gov,0,15,0,0,0,2,1,Ellis-Williams,Taiwan,4630,True
http://gates-nicholson.biz,biz,0,26,1,0,0,2,0,Thomas Ltd,Grenada,5659,False
http://barnes.net,net,0,17,0,0,0,2,0,Peterson-Alexander,Estonia,4982,True
https://edwards.ar,ar,1,18,0,0,0,2,1,"Goodwin, King and Hodges",Finland,5064,False
https://ortiz.io,io,1,16,0,0,0,2,0,Haney-Cochran,Somalia,3798,False
https://mason.net,net,1,17,0,0,0,2,1,Perez LLC,Slovakia (Slovak Republic),1755,True
https://green.io,io,1,16,0,0,0,2,1,"Vasquez, Gomez and Richardson",French Guiana,7139,True
https://crosby.ar,ar,1,17,0,0,0,2,1,Salas-Castillo,Sweden,4870,True
https://oconnor.dev,dev,1,19,0,0,0,2,1,Nelson-Mcdonald,Uruguay,3109,True
http://cobb.net,net,0,15,0,0,0,2,0,Martin and Sons,New Caledonia,1118,False
https://skinner-woods.gov,gov,1,25,1,0,0,2,0,Kaufman Inc,Iceland,3161,False
https://gallagher.net,net,1,21,0,0,0,2,0,"Thomas, Simpson and Rodriguez",Kiribati,2467,True
https://brown.org,org,1,17,0,0,0,2,1,Johnson-Dickson,Gambia,1060,False
https://williams-gardner.net,net,1,28,1,0,0,2,0,Fisher Ltd,Botswana,1830,False
https://adams-peterson.biz,biz,1,26,1,0,0,2,1,Schaefer-Edwards,Holy See (Vatican City State),1307,True
https://mueller-may.io,io,1,22,1,0,0,2,1,Owens-Sawyer,Palau,6542,False
http://gibson.com,com,0,17,0,0,0,2,0,"Lee, Henry and Phillips",Portugal,5445,False
https://gaines.edu,edu,1,18,0,0,0,2,1,Hammond and Sons,Israel,6691,True
https://duran-arnold.info,info,1,25,1,0,0,2,1,Marquez PLC,Azerbaijan,4924,True
http://smith-riggs.com,com,0,22,1,0,0,2,0,Baker Inc,Israel,1805,False
http://dyer-nguyen.info,info,0,23,1,0,0,2,1,Morales-Ramirez,Uruguay,2413,True
http://carter.com,com,0,17,0,0,0,2,0,Bright-Martin,Senegal,581,True
https://kennedy.ar,ar,1,18,0,0,0,2,0,Young Group,Cayman Islands,6143,True
http://sullivan.ar,ar,0,18,0,0,0,2,0,White-Paul,Ireland,4918,True
http://summers-monroe.dev,dev,0,25,1,0,0,2,1,"Austin, Wright and Ruiz",Palau,4644,False
https://palmer.net,net,1,18,0,0,0,2,0,"Patrick, Parks and Andersen",Brazil,4399,False
https://briggs.gov,gov,1,18,0,0,0,2,0,"Gallegos, Taylor and Marks",Palau,4801,False
http://smith.info,info,0,17,0,0,0,2,1,"Martinez, Gilmore and Schmidt",Nicaragua,5770,True
http://king-lewis.biz,biz,0,21,1,0,0,2,0,Pace Inc,Yemen,5114,True
https://vega.biz,biz,1,16,0,0,0,2,0,Delgado and Sons,Portugal,4234,False
https://johnson-owen.info,info,1,25,1,0,0,2,0,Blair-Baker,San Marino,4696,True
http://calderon-johnson.com,com,0,27,1,0,0,2,0,"Larson, Brown and Parker",Liechtenstein,5815,False
https://wallace-ryan.ar,ar,1,23,1,0,0,2,0,"Clark, Hernandez and Harrison",Madagascar,3769,False
https://ramirez.edu,edu,1,19,0,0,0,2,1,Miller LLC,Togo,4332,False
https://hicks-jones.biz,biz,1,23,1,0,0,2,0,"Williams, Anderson and Newman",Pakistan,1086,True
https://braun.com,com,1,17,0,0,0,2,0,Hatfield PLC,Iran,4656,False
http://carr.org,org,0,15,0,0,0,2,0,Briggs-Frey,Hungary,423,True
http://snyder.info,info,0,18,0,0,0,2,0,Holmes-White,Tuvalu,4897,False
https://mccoy.info,info,1,18,0,0,0,2,0,"Arroyo, Guzman and Baker",Christmas Island,3992,True
http://wilson-keller.dev,dev,0,24,1,0,0,2,0,"Jones, Jackson and Thomas",Faroe Islands,1678,True
http://gibson.gov,gov,0,17,0,0,0,2,0,"Diaz, Hudson and Burns",Austria,1153,True
https://norman.gov,gov,1,18,0,0,0,2,0,"Gonzales, Peterson and Obrien",Uzbekistan,1399,True
https://phillips-livingston.edu,edu,1,31,1,0,0,2,1,"Evans, Powers and Foster",Saint Vincent and the Grenadines,2461,False
http://lee-kelly.gov,gov,0,20,1,0,0,2,1,Hunt-Wells,Western Sahara,6755,False
http://rodriguez.edu,edu,0,20,0,0,0,2,1,Owens PLC,Antigua and Barbuda,1723,False
https://cook.net,net,1,16,0,0,0,2,1,Hernandez-Shepherd,Argentina,3884,True
https://ramos-thomas.io,io,1,23,1,0,0,2,1,Smith-Wilson,Korea,3729,False
http://strickland-kelly.ar,ar,0,26,1,0,0,2,1,Morris-Richard,Vanuatu,5510,False
http://hanson-peters.io,io,0,23,1,0,0,2,0,Hamilton PLC,Philippines,1466,True
https://owens-salas.info,info,1,24,1,0,0,2,1,Schmidt PLC,Paraguay,493,True
http://hernandez.org,org,0,20,0,0,0,2,1,Mason Inc,Pitcairn Islands,2410,True
https://wilson-garner.edu,edu,1,25,1,0,0,2,1,Edwards LLC,Slovenia,2355,False
https://rivera.com,com,1,18,0,0,0,2,1,"Glover, Johnson and Mora",Bahrain,5405,True
http://fuller-valdez.org,org,0,24,1,0,0,2,1,"Everett, Williams and Baker",Syrian Arab Republic,4134,True
http://hill.io,io,0,14,0,0,0,2,0,Steele LLC,Bangladesh,1773,False
https://wolf.gov,gov,1,16,0,0,0,2,1,Snyder-Griffin,Netherlands Antilles,3460,False
http://anderson-golden.org,org,0,26,1,0,0,2,0,Guerrero-Swanson,Zimbabwe,849,False
http://todd.info,info,0,16,0,0,0,2,1,Edwards Group,Pitcairn Islands,6294,False
http://scott.net,net,0,16,0,0,0,2,0,"Andrews, Hernandez and Parrish",Finland,4427,False
http://mitchell-deleon.gov,gov,0,26,1,0,0,2,0,"Lewis, Garcia and Montgomery",Saint Kitts and Nevis,2575,True
https://cummings-scott.edu,edu,1,26,1,0,0,2,0,Crosby Group,Burkina Faso,6583,True
https://romero-garza.gov,gov,1,24,1,0,0,2,1,White Group,Paraguay,2936,False
http://norris.ar,ar,0,16,0,0,0,2,0,"Hawkins, Scott and Myers",Saint Vincent and the Grenadines,4381,True
https://griffin.io,io,1,18,0,0,0,2,1,"Davidson, Matthews and Bowman",Grenada,577,True
https://pittman.dev,dev,1,19,0,0,0,2,1,"Morris, Gomez and Burns",India,5384,True
https://hoffman.dev,dev,1,19,0,0,0,2,1,"Smith, Lopez and Frazier",Aruba,6263,False
https://fowler.com,com,1,18,0,0,0,2,1,"Joseph, Kramer and Baker",Faroe Islands,3013,False
https://rivera-davidson.gov,gov,1,27,1,0,0,2,1,"Quinn, Diaz and Nelson",Angola,4535,False
http://moore.com,com,0,16,0,0,0,2,1,Gonzalez-King,Pakistan,4034,False
https://lawrence-scott.com,com,1,26,1,0,0,2,1,"Strong, Marshall and Gutierrez",Hungary,5049,False
https://kirk-harris.edu,edu,1,23,1,0,0,2,0,Arellano Inc,Ethiopia,7204,True
https://johnston-cooper.net,net,1,27,1,0,0,2,1,Moore LLC,San Marino,3057,True
https://kaiser.biz,biz,1,18,0,0,0,2,0,Glass-Hodge,Gambia,5673,True
http://richards-lowery.edu,edu,0,26,1,0,0,2,1,Wright LLC,Isle of Man,428,True
https://scott.dev,dev,1,17,0,0,0,2,1,Martin and Sons,Chad,6620,False
http://kerr.net,net,0,15,0,0,0,2,1,"Foster, Rivers and Murphy",Saint Helena,3685,False
http://wallace-thomas.ar,ar,0,24,1,0,0,2,1,Wheeler Group,Netherlands Antilles,767,True
https://brock.org,org,1,17,0,0,0,2,1,"Weaver, Watkins and Hernandez",Latvia,638,False
http://lopez.edu,edu,0,16,0,0,0,2,1,Doyle Inc,Nepal,1144,False
https://gomez.gov,gov,1,17,0,0,0,2,0,Jones-Brock,Cuba,4048,False
https://woods-jenkins.ar,ar,1,24,1,0,0,2,0,Rodriguez-Tucker,Madagascar,3719,True
https://cantrell.net,net,1,20,0,0,0,2,0,Strickland Ltd,Dominican Republic,7157,False
https://gould-adams.dev,dev,1,23,1,0,0,2,1,Thomas Inc,Azerbaijan,1155,True
http://salazar-mason.info,info,0,25,1,0,0,2,1,"Gibbs, Madden and Oliver",Canada,5706,False
http://cruz.info,info,0,16,0,0,0,2,1,"Campos, Davis and Robinson",Equatorial Guinea,3929,False
https://gonzalez.com,com,1,20,0,0,0,2,1,"Hardy, Shepherd and Clarke",Norway,1594,False
http://kirk.gov,gov,0,15,0,0,0,2,0,Barber Inc,China,6901,True
http://le.net,net,0,13,0,0,0,2,0,Park and Sons,Chad,1235,False
https://fisher.net,net,1,18,0,0,0,2,0,Bates PLC,Hong Kong,6297,False
https://wilson-mcintyre.edu,edu,1,27,1,0,0,2,1,Rodriguez-Miller,Ethiopia,6918,True
https://weaver.net,net,1,18,0,0,0,2,0,Flores-Daniels,Bosnia and Herzegovina,1004,True
http://gonzalez.gov,gov,0,19,0,0,0,2,0,"Gutierrez, Esparza and Oliver",Botswana,2021,False
http://ramsey-mccullough.info,info,0,29,1,0,0,2,1,Harper-Walsh,Reunion,6806,False
http://wheeler.gov,gov,0,18,0,0,0,2,0,"Green, Morgan and Day",Puerto Rico,5785,True
https://tyler.gov,gov,1,17,0,0,0,2,0,Kelley-James,Puerto Rico,1861,True
https://king.io,io,1,15,0,0,0,2,1,"Walter, Cooper and Rodriguez",Cameroon,5358,True
https://sims.org,org,1,16,0,0,0,2,1,Wood-Hughes,Philippines,5379,True
https://stark-farmer.edu,edu,1,24,1,0,0,2,1,Parker-Hernandez,Martinique,2030,False
https://jackson-woods.com,com,1,25,1,0,0,2,1,"Reed, Dunlap and Greene",Niue,3235,False
https://brown.net,net,1,17,0,0,0,2,1,Owens LLC,Finland,6343,False
https://edwards.biz,biz,1,19,0,0,0,2,1,"Davis, Molina and Morales",Norway,3047,True
https://sweeney.org,org,1,19,0,0,0,2,0,Harris PLC,Angola,6144,True
http://maddox.com,com,0,17,0,0,0,2,0,Jensen-Hicks,Dominican Republic,6911,True
https://fields-levine.dev,dev,1,25,1,0,0,2,1,Blake-Kramer,Saint Pierre and Miquelon,2223,False
https://lutz.dev,dev,1,16,0,0,0,2,1,Crane Inc,Saint Martin,2390,False
https://williams-gibson.org,org,1,27,1,0,0,2,1,"Spencer, Stewart and Moyer",Nigeria,7097,False
http://hall.gov,gov,0,15,0,0,0,2,0,Chambers LLC,Kiribati,2123,False
https://singh.biz,biz,1,17,0,0,0,2,1,Stewart and Sons,France,687,False
http://hall.edu,edu,0,15,0,0,0,2,0,Hill-Rodriguez,Albania,6765,True
https://foster-smith.gov,gov,1,24,1,0,0,2,1,"Parks, Barnett and Adams",Mongolia,2433,True
http://garcia.dev,dev,0,17,0,0,0,2,1,Graham Group,Qatar,4836,False
http://franklin.com,com,0,19,0,0,0,2,1,"Walker, Clarke and Tucker",Barbados,2833,False
https://manning.org,org,1,19,0,0,0,2,1,Richardson PLC,Sao Tome and Principe,4912,False
http://brewer.biz,biz,0,17,0,0,0,2,1,"Simmons, Flores and Taylor",Lesotho,3050,True
http://sutton.info,info,0,18,0,0,0,2,0,"Hoffman, Case and Moore",Martinique,4994,False
http://dunn.biz,biz,0,15,0,0,0,2,1,Graves-Morris,Maldives,3322,True
https://myers.edu,edu,1,17,0,0,0,2,0,Villanueva and Sons,Maldives,2166,False
https://jennings-moore.gov,gov,1,26,1,0,0,2,0,Galvan LLC,Libyan Arab Jamahiriya,4615,True
http://pitts.biz,biz,0,16,0,0,0,2,1,Hunter Inc,Gibraltar,1943,False
https://miller-wright.net,net,1,25,1,0,0,2,1,Crawford-Nichols,Micronesia,5295,True
https://gross.biz,biz,1,17,0,0,0,2,0,Fischer and Sons,Djibouti,6431,True
https://king.edu,edu,1,16,0,0,0,2,1,Andersen-Young,Ghana,7172,False
http://ross.net,net,0,15,0,0,0,2,1,"Obrien, Morrison and Rodriguez",Ghana,4770,False
https://adams.biz,biz,1,17,0,0,0,2,1,Mcintosh-Freeman,Canada,7064,False
http://hurst-turner.com,com,0,23,1,0,0,2,1,Davis PLC,South Georgia and the South Sandwich Islands,5121,True
http://singleton-huff.info,info,0,26,1,0,0,2,1,Hess Group,Liechtenstein,5803,True
http://erickson-lamb.ar,ar,0,23,1,0,0,2,1,Fry-Rose,Trinidad and Tobago,5816,True
http://steele.ar,ar,0,16,0,0,0,2,1,Harvey and Sons,Sri Lanka,3221,True
http://jackson.gov,gov,0,18,0,0,0,2,1,Potts-Shaw,Netherlands,4607,True
http://lee.net,net,0,14,0,0,0,2,1,"Cooper, Forbes and Velazquez",Montserrat,3054,False
https://flores.net,net,1,18,0,0,0,2,1,"Cain, Henry and Baxter",Oman,1641,False
http://daniels.biz,biz,0,18,0,0,0,2,0,Hopkins-Thompson,Belgium,6375,False
https://rivera.gov,gov,1,18,0,0,0,2,1,Morris-Vasquez,Ecuador,3881,True
https://leonard.org,org,1,19,0,0,0,2,0,"Wolfe, Hatfield and Moon",Germany,6791,False
https://garcia.edu,edu,1,18,0,0,0,2,1,"Gallegos, Johnson and Smith",Congo,710,False
http://fox.ar,ar,0,13,0,0,0,2,0,Li Ltd,Bahrain,3562,True
http://flores-sutton.net,net,0,24,1,0,0,2,0,"Torres, Martinez and Francis",Botswana,3904,False
http://roberts-johnson.gov,gov,0,26,1,0,0,2,1,"Montgomery, Wood and Taylor",Wallis and Futuna,3275,False
https://dennis.edu,edu,1,18,0,0,0,2,1,"Rodriguez, Haynes and Lyons",Cambodia,1193,True
https://harris-anderson.dev,dev,1,27,1,0,0,2,0,"Mathews, Gibson and Medina",Palau,4019,True
http://peterson.edu,edu,0,19,0,0,0,2,0,King-Williams,South Georgia and the South Sandwich Islands,3911,True
http://castro.biz,biz,0,17,0,0,0,2,1,Thomas-Clark,Turkmenistan,3268,True
http://ramirez.net,net,0,18,0,0,0,2,1,"Crane, Underwood and Powers",Nicaragua,3097,False
https://alexander-harris.info,info,1,29,1,0,0,2,1,Davis Ltd,Djibouti,5639,True
http://stanley.gov,gov,0,18,0,0,0,2,0,"Jackson, Hunt and Wright",Heard Island and McDonald Islands,2480,True
http://chandler-ayers.com,com,0,25,1,0,0,2,0,Williams-Butler,Northern Mariana Islands,2938,True
https://green.org,org,1,17,0,0,0,2,1,Hebert-Wood,Argentina,3818,False
https://smith-mejia.io,io,1,22,1,0,0,2,1,Martinez PLC,Lithuania,597,False
https://tate.info,info,1,17,0,0,0,2,1,Knox-Fleming,Tajikistan,1924,False
https://herrera-barajas.gov,gov,1,27,1,0,0,2,1,"Dixon, Green and Leonard",Cape Verde,4898,True
http://wilkins.biz,biz,0,18,0,0,0,2,0,Reyes-Walsh,South Georgia and the South Sandwich Islands,3976,True
https://parker.biz,biz,1,18,0,0,0,2,0,Rodriguez-Brown,Uganda,7205,True
https://leonard.info,info,1,20,0,0,0,2,1,Briggs PLC,Malta,2455,False
https://adams.info,info,1,18,0,0,0,2,1,"Smith, Rodriguez and Eaton",Papua New Guinea,4254,False
https://alvarado-mendez.dev,dev,1,27,1,0,0,2,0,"Austin, Welch and Thompson",Colombia,4152,False
https://hill.com,com,1,16,0,0,0,2,0,Clark LLC,France,2459,False
http://warren.biz,biz,0,17,0,0,0,2,0,Davis and Sons,Nicaragua,3837,True
http://walker.com,com,0,17,0,0,0,2,0,Simmons LLC,Martinique,5613,False
http://moreno-everett.net,net,0,25,1,0,0,2,0,Harris-Hanson,Heard Island and McDonald Islands,1758,False
https://woods.edu,edu,1,17,0,0,0,2,0,Arnold Group,Thailand,4185,True
https://snyder.com,com,1,18,0,0,0,2,1,Guerrero-Adams,Angola,1313,False
http://chang-berger.com,com,0,23,1,0,0,2,0,Johnson Group,Finland,3358,True
https://garcia.net,net,1,18,0,0,0,2,1,Simpson-Barron,Tokelau,2956,False
https://adams.org,org,1,17,0,0,0,2,0,Richardson-Bryan,Netherlands Antilles,1395,False
https://salazar.io,io,1,18,0,0,0,2,0,Stevens-Harris,Serbia,5633,False
https://hayes.edu,edu,1,17,0,0,0,2,0,Gray Ltd,Mauritania,6502,False
http://nichols.dev,dev,0,18,0,0,0,2,1,Quinn-Reynolds,Kyrgyz Republic,917,False
https://shields.net,net,1,19,0,0,0,2,1,Barnett Group,Finland,4703,False
https://rodgers.ar,ar,1,18,0,0,0,2,1,Hays-Wilson,Antarctica (the territory South of 60 deg S),2391,False
http://stewart-flores.biz,biz,0,25,1,0,0,2,0,"Garcia, Kaufman and Vega",Burundi,6588,True
http://thompson.gov,gov,0,19,0,0,0,2,1,"Mcmillan, Morris and Martinez",Bolivia,2073,False
https://madden.io,io,1,17,0,0,0,2,0,"Evans, Webb and Hunt",Israel,3475,False
https://avery-williams.org,org,1,26,1,0,0,2,0,"Garcia, Vargas and Wilson",Norfolk Island,4005,False
https://garner.gov,gov,1,18,0,0,0,2,1,Little-Everett,United Arab Emirates,3169,True
https://gordon.com,com,1,18,0,0,0,2,1,Vargas LLC,Turkmenistan,2862,True
http://cook-wallace.edu,edu,0,23,1,0,0,2,1,Eaton-Foley,Vanuatu,6540,False
http://delacruz.gov,gov,0,19,0,0,0,2,0,Jacobs-Rice,Cyprus,3015,False
https://allen.ar,ar,1,16,0,0,0,2,1,Jones-Young,Nigeria,685,True
http://white-sullivan.org,org,0,25,1,0,0,2,1,"Snyder, Coleman and Payne",Niue,4530,True
https://jones.dev,dev,1,17,0,0,0,2,0,Vance-Burgess,Gabon,1859,False
http://parker-dunn.io,io,0,21,1,0,0,2,1,Randall PLC,Palestinian Territory,7155,False
http://brown.info,info,0,17,0,0,0,2,1,White Group,British Virgin Islands,7074,False
http://mayer.io,io,0,15,0,0,0,2,1,Jones PLC,Madagascar,6072,True
https://hughes.biz,biz,1,18,0,0,0,2,1,Carter PLC,Slovenia,4635,False
https://jackson.edu,edu,1,19,0,0,0,2,0,Zavala LLC,Saint Vincent and the Grenadines,6609,True
http://evans-gonzalez.io,io,0,24,1,0,0,2,0,Williams Inc,Sudan,6950,True
https://nicholson.edu,edu,1,21,0,0,0,2,1,Brooks-Robinson,Pitcairn Islands,5299,False
http://johnson.io,io,0,17,0,0,0,2,0,Bryant Group,Ethiopia,6783,True
https://thomas.org,org,1,18,0,0,0,2,1,"Barry, Carter and White",Cameroon,7029,True
http://jackson.info,info,0,19,0,0,0,2,0,Sanchez-Campbell,Lebanon,5478,False
https://barrett-dudley.dev,dev,1,26,1,0,0,2,1,Ferguson-Serrano,Spain,1275,False
https://valentine-mitchell.info,info,1,31,1,0,0,2,1,Frederick-Arellano,Macao,6319,False
http://johns.org,org,0,16,0,0,0,2,0,"Crawford, Dominguez and Baker",Norfolk Island,6407,False
http://callahan-romero.ar,ar,0,25,1,0,0,2,0,Mcbride-Hunter,Montserrat,1549,True
https://bell-mcconnell.org,org,1,26,1,0,0,2,0,Smith-Shields,Nigeria,5656,True
http://perez-franklin.gov,gov,0,25,1,0,0,2,1,Simon LLC,Kenya,3886,False
http://lee.biz,biz,0,14,0,0,0,2,1,"Moore, Gordon and Fernandez",Belarus,6502,True
https://young.org,org,1,17,0,0,0,2,1,"Ross, Morales and Ortega",Nepal,1482,False
http://anderson-gomez.ar,ar,0,24,1,0,0,2,1,Macias-Bowers,South Africa,2047,True
https://garcia-romero.ar,ar,1,24,1,0,0,2,0,Martin-White,Canada,2514,True
https://montgomery-reynolds.info,info,1,32,1,0,0,2,0,Logan-Horn,Slovakia (Slovak Republic),2747,True
http://lynch.com,com,0,16,0,0,0,2,1,Miller-Roman,Pitcairn Islands,6970,False
http://cannon.info,info,0,18,0,0,0,2,1,Barrett-Bray,New Caledonia,5636,True
http://walker.org,org,0,17,0,0,0,2,0,Smith Ltd,Niger,2657,True
https://taylor.edu,edu,1,18,0,0,0,2,1,Hunter PLC,Jamaica,1496,True
https://price.biz,biz,1,17,0,0,0,2,1,Ross Ltd,Canada,4832,False
https://mata.gov,gov,1,16,0,0,0,2,1,Hernandez-Parker,Norfolk Island,5397,True
https://stevens.dev,dev,1,19,0,0,0,2,1,Mcdonald-Hernandez,Russian Federation,4269,True
http://austin.biz,biz,0,17,0,0,0,2,1,"Larson, Thompson and Fitzpatrick",Mozambique,4297,True
https://parks.edu,edu,1,17,0,0,0,2,1,"Ortega, Campbell and Anthony",Malta,7092,False
http://wheeler.io,io,0,17,0,0,0,2,1,Foster LLC,Liechtenstein,6466,False
https://morgan.info,info,1,19,0,0,0,2,1,Mendoza Group,Guatemala,2570,True
http://padilla.info,info,0,19,0,0,0,2,0,Evans LLC,Mozambique,3778,True
https://campbell-valdez.dev,dev,1,27,1,0,0,2,1,Griffin Group,Malaysia,6077,True
http://collins.org,org,0,18,0,0,0,2,1,Zimmerman and Sons,Estonia,4888,False
https://kim.edu,edu,1,15,0,0,0,2,0,"House, Peterson and Gonzalez",Myanmar,3252,False
https://hayden.edu,edu,1,18,0,0,0,2,1,"Harrison, Cardenas and Payne",Somalia,739,True
http://carter-simpson.edu,edu,0,25,1,0,0,2,1,Brown-Washington,Mauritius,6301,False
https://carpenter.ar,ar,1,20,0,0,0,2,1,Johnson Inc,Qatar,1378,False
http://kelly.com,com,0,16,0,0,0,2,1,Gibson Ltd,Saint Lucia,1137,True
https://day.com,com,1,15,0,0,0,2,1,Fisher-Morse,Falkland Islands (Malvinas),5095,False
https://oliver.edu,edu,1,18,0,0,0,2,1,Jackson Group,Egypt,4496,False
http://wilkerson.com,com,0,20,0,0,0,2,1,"Brown, Mccullough and Hamilton",Croatia,3995,True
http://jackson.org,org,0,18,0,0,0,2,0,Lindsey-Collier,Puerto Rico,1134,True
https://mayo-curtis.info,info,1,24,1,0,0,2,1,Holt PLC,Brazil,745,True
http://norton.edu,edu,0,17,0,0,0,2,0,Mejia Group,Saint Pierre and Miquelon,2341,False
http://thomas.biz,biz,0,17,0,0,0,2,0,"Harris, Carter and Gallegos",Bermuda,6629,False
https://gibson.io,io,1,17,0,0,0,2,0,"Miller, Noble and Clark",Barbados,733,False
https://carlson-carlson.net,net,1,27,1,0,0,2,0,"Boyd, Norman and Hodge",Singapore,5382,True
https://gonzalez.net,net,1,20,0,0,0,2,1,Newman-Long,Russian Federation,3778,True
http://whitney.com,com,0,18,0,0,0,2,0,"Foster, Powell and Barron",Thailand,1712,True
https://evans-hughes.edu,edu,1,24,1,0,0,2,0,Jackson Ltd,Saint Helena,4921,True
http://marshall-chan.dev,dev,0,24,1,0,0,2,0,"Brown, Patterson and Baker",Luxembourg,2122,False
http://greene.gov,gov,0,17,0,0,0,2,0,Callahan Group,Comoros,3934,False
https://dominguez.com,com,1,21,0,0,0,2,1,Meyers PLC,Bahamas,6534,False
http://bradley-crosby.biz,biz,0,25,1,0,0,2,0,Hudson-Hernandez,Iran,950,False
https://cummings-powell.net,net,1,27,1,0,0,2,0,"Burke, Blake and Lewis",Zimbabwe,1226,True
http://whitney.gov,gov,0,18,0,0,0,2,1,"Harris, Page and Armstrong",Trinidad and Tobago,5382,False
http://hansen.ar,ar,0,16,0,0,0,2,0,Sanchez-Harrington,Jamaica,6588,True
https://jones-lowe.gov,gov,1,22,1,0,0,2,1,Bates LLC,Comoros,5417,False
https://bailey.com,com,1,18,0,0,0,2,0,Jones-Nguyen,Chad,6623,False
https://harris.biz,biz,1,18,0,0,0,2,1,"Mullins, Reid and Rodriguez",Falkland Islands (Malvinas),3269,False
http://turner-harper.net,net,0,24,1,0,0,2,0,Sims Ltd,Kiribati,1274,False
http://brooks-thompson.dev,dev,0,26,1,0,0,2,1,"Zhang, Wilson and Smith",Kuwait,3283,True
https://hurley.net,net,1,18,0,0,0,2,0,Davis-Lucas,Christmas Island,6968,False
https://lee-mitchell.info,info,1,25,1,0,0,2,0,Howard and Sons,Niger,4286,False
https://mcdaniel.gov,gov,1,20,0,0,0,2,1,"Stout, Murillo and Hoffman",Vanuatu,6207,True
https://poole.com,com,1,17,0,0,0,2,1,Woods Inc,Oman,1527,False
https://velazquez.dev,dev,1,21,0,0,0,2,1,"Adams, Jones and Smith",Cyprus,2533,True
https://coleman-munoz.ar,ar,1,24,1,0,0,2,0,"Zimmerman, White and Walker",Hong Kong,1025,True
https://gomez.net,net,1,17,0,0,0,2,1,Johnson-Torres,Tonga,1518,True
http://harris.info,info,0,18,0,0,0,2,1,Flores-Richardson,Guernsey,5650,True
https://russell.org,org,1,19,0,0,0,2,0,"Kelly, Guzman and Ramsey",Uruguay,4907,False
https://baker-ingram.info,info,1,25,1,0,0,2,0,"Meza, Johnson and Cole",Reunion,1752,False
http://russell.biz,biz,0,18,0,0,0,2,0,Shaw-Adams,Northern Mariana Islands,5170,False
http://riggs.gov,gov,0,16,0,0,0,2,0,"Phillips, Coleman and Rubio",Uzbekistan,4149,False
http://tanner.dev,dev,0,17,0,0,0,2,0,"Blackburn, Francis and Curry",Western Sahara,5380,True
http://jones.gov,gov,0,16,0,0,0,2,1,"Stevens, Rogers and Lang",Solomon Islands,787,True
https://barajas.com,com,1,19,0,0,0,2,1,Campbell Group,Cape Verde,3552,True
http://harris.com,com,0,17,0,0,0,2,1,Mitchell and Sons,Iceland,1351,False
https://lloyd.edu,edu,1,17,0,0,0,2,0,"Sanchez, Beasley and Watson",Panama,2563,True
https://graham-robles.org,org,1,25,1,0,0,2,0,"Thompson, Elliott and Leblanc",Nicaragua,5319,True
https://johnson-brown.org,org,1,25,1,0,0,2,0,"Erickson, Wilson and Richardson",Cocos (Keeling) Islands,7008,True
http://johnson.com,com,0,18,0,0,0,2,0,Stevens and Sons,Mali,1038,False
http://farley.dev,dev,0,17,0,0,0,2,0,Rollins Group,Ethiopia,2018,True
https://james-stark.info,info,1,24,1,0,0,2,0,Robinson-Mccarthy,Russian Federation,6249,False
http://ortiz.biz,biz,0,16,0,0,0,2,1,Adams and Sons,El Salvador,6202,True
https://jones-ortega.gov,gov,1,24,1,0,0,2,1,Dougherty-Sweeney,Antigua and Barbuda,2551,False
https://black-silva.ar,ar,1,22,1,0,0,2,1,Peterson Group,Montserrat,607,True
http://schmidt.edu,edu,0,18,0,0,0,2,0,"Shaw, Oneill and Stevenson",Mauritania,7170,False
http://carlson.edu,edu,0,18,0,0,0,2,1,Moreno-Smith,Iceland,1101,True
http://mcbride.io,io,0,17,0,0,0,2,1,Johnson-Mckenzie,Pakistan,4329,False
https://alvarez-cameron.biz,biz,1,27,1,0,0,2,0,Woods-Sullivan,Bouvet Island (Bouvetoya),1698,True
https://carroll-foster.edu,edu,1,26,1,0,0,2,0,Smith-White,Guyana,3831,True
https://gray-duffy.info,info,1,23,1,0,0,2,1,Lewis LLC,Eritrea,583,True
http://turner-rowe.io,io,0,21,1,0,0,2,1,Dunn-Sanchez,Cook Islands,3958,True
https://andrade.io,io,1,18,0,0,0,2,1,Lee-Shelton,Mauritius,2352,False
https://bender.io,io,1,17,0,0,0,2,0,"Walker, May and Skinner",Wallis and Futuna,1253,True
https://jones.ar,ar,1,16,0,0,0,2,0,"Bean, Fox and Hurley",Ireland,2028,False
https://carney-villarreal.net,net,1,29,1,0,0,2,0,Johnson Ltd,Kuwait,2224,False
https://allen-rodriguez.biz,biz,1,27,1,0,0,2,0,Sloan-Porter,Ukraine,1472,False
https://smith-baker.com,com,1,23,1,0,0,2,0,Green LLC,Mongolia,6689,True
https://lewis.net,net,1,17,0,0,0,2,0,Le-Smith,Congo,4320,False
http://jones.dev,dev,0,16,0,0,0,2,1,"Hull, Dunn and Walker",British Virgin Islands,3232,False
https://le.com,com,1,14,0,0,0,2,0,Sims-Leach,Estonia,508,True
https://cooper.net,net,1,18,0,0,0,2,1,"Clark, Smith and Hernandez",Tokelau,3686,False
http://reed.org,org,0,15,0,0,0,2,0,Michael-Martin,Puerto Rico,568,False
http://conner.net,net,0,17,0,0,0,2,0,"Riddle, Duncan and Sullivan",Central African Republic,858,True
https://howard.org,org,1,18,0,0,0,2,0,"Davis, Hayes and Adkins",Greece,1349,False
https://benton-hood.net,net,1,23,1,0,0,2,1,Martin-Perez,Seychelles,7072,True
https://lopez.edu,edu,1,17,0,0,0,2,1,Dawson-Barker,Seychelles,2145,True
http://logan.io,io,0,15,0,0,0,2,1,Brown-Smith,Guinea-Bissau,7126,True
https://powell-graham.io,io,1,24,1,0,0,2,0,"Coleman, Zamora and Wilson",Montenegro,5232,True
http://jenkins-cantu.ar,ar,0,23,1,0,0,2,1,Byrd Inc,Zambia,3366,True
http://sheppard-duncan.ar,ar,0,25,1,0,0,2,0,"Daugherty, Herring and Ortiz",Samoa,2706,False
https://riley-gonzales.io,io,1,25,1,0,0,2,1,Watson PLC,Senegal,4509,False
http://page-dillon.net,net,0,22,1,0,0,2,0,Yates LLC,Solomon Islands,5630,True
https://davila-medina.com,com,1,25,1,0,0,2,1,"Miller, Robinson and Gibson",Bolivia,1413,False
http://scott.info,info,0,17,0,0,0,2,0,"Burnett, Jordan and Oliver",Central African Republic,5798,False
http://smith.org,org,0,16,0,0,0,2,1,West-Dawson,Serbia,5478,True
https://odonnell-green.biz,biz,1,26,1,0,0,2,1,Romero Ltd,Taiwan,1058,True
https://patel.biz,biz,1,17,0,0,0,2,0,Clark-Jones,Zambia,4632,True
http://jordan-james.info,info,0,24,1,0,0,2,0,Rodriguez-Lloyd,New Zealand,1976,True
http://cooper.ar,ar,0,16,0,0,0,2,1,"Lowe, Morrison and Cook",Venezuela,4074,True
http://pena.edu,edu,0,15,0,0,0,2,0,Williams-Reynolds,Sri Lanka,4656,True
https://garcia-hurst.edu,edu,1,24,1,0,0,2,1,Rogers and Sons,Uzbekistan,435,True
http://vazquez-mora.gov,gov,0,23,1,0,0,2,1,Gross-Carter,North Macedonia,4215,False
http://harding-webster.net,net,0,26,1,0,0,2,0,Nichols Inc,Indonesia,3937,False
https://ritter.dev,dev,1,18,0,0,0,2,1,Davis PLC,Togo,6431,True
https://pratt-baker.com,com,1,23,1,0,0,2,0,Hamilton Inc,Ireland,2769,False
http://moody-west.org,org,0,21,1,0,0,2,1,"Turner, Evans and Vazquez",Ukraine,4798,False
http://skinner.info,info,0,19,0,0,0,2,0,"Rasmussen, Jenkins and Tran",Turkey,2590,True
https://mcbride-robles.dev,dev,1,26,1,0,0,2,1,"Kelley, Carter and Clark",Gabon,2691,False
http://henderson-martin.com,com,0,27,1,0,0,2,1,Yu LLC,Jamaica,4557,False
http://brown.gov,gov,0,16,0,0,0,2,0,"Hernandez, Maldonado and Poole",Nicaragua,565,True
http://hall-monroe.biz,biz,0,22,1,0,0,2,1,Porter-Benjamin,French Guiana,3445,True
https://ruiz.io,io,1,15,0,0,0,2,0,"Daugherty, Owens and Solomon",Lebanon,2880,False
http://morton-powers.ar,ar,0,23,1,0,0,2,1,"Salas, Castillo and Morris",Anguilla,2809,True
http://hall.edu,edu,0,15,0,0,0,2,0,Hopkins Group,Russian Federation,1003,False
https://morse.ar,ar,1,16,0,0,0,2,1,"Haynes, Perez and Steele",Saint Pierre and Miquelon,621,True
https://reyes-perry.edu,edu,1,23,1,0,0,2,0,King-Moore,Brunei Darussalam,4498,False
https://evans.com,com,1,17,0,0,0,2,0,"Smith, Aguilar and Mathews",Cameroon,6101,False
https://henson.gov,gov,1,18,0,0,0,2,0,Wilson-Gutierrez,Nepal,1698,False
http://brown-baker.net,net,0,22,1,0,0,2,0,Velasquez Group,Sierra Leone,7098,False
https://jennings.edu,edu,1,20,0,0,0,2,0,White Ltd,Saint Kitts and Nevis,4448,True
http://vance.biz,biz,0,16,0,0,0,2,1,Harris-Phillips,Mayotte,6898,False
https://dawson-wheeler.biz,biz,1,26,1,0,0,2,1,Reeves Ltd,Paraguay,1539,False
https://sloan-gillespie.io,io,1,26,1,0,0,2,1,Nelson Group,Palau,6451,False
http://smith.io,io,0,15,0,0,0,2,1,"Haynes, Blake and Barker",Antigua and Barbuda,5765,False
https://swanson.net,net,1,19,0,0,0,2,1,Johnson-Stein,Australia,1529,False
https://rogers-mills.net,net,1,24,1,0,0,2,1,Cantrell-Moreno,Palau,6524,True
https://walker-parsons.info,info,1,27,1,0,0,2,1,Morrow PLC,Saint Martin,5941,False
http://malone.com,com,0,17,0,0,0,2,1,"Williams, Patel and Everett",Ecuador,1738,True
http://willis-andrade.dev,dev,0,25,1,0,0,2,1,Gardner-Foster,Kyrgyz Republic,2050,False
http://watson.info,info,0,18,0,0,0,2,1,"Murray, Hernandez and Nichols",Saint Vincent and the Grenadines,4972,True
http://oneal-harrison.gov,gov,0,25,1,0,0,2,1,Johns-Moore,Antarctica (the territory South of 60 deg S),6694,False
http://anderson.biz,biz,0,19,0,0,0,2,1,"Villa, Simpson and Williams",Guam,3147,False
https://allen.dev,dev,1,17,0,0,0,2,1,Ibarra-Wright,United States Virgin Islands,640,True
http://harris-williams.biz,biz,0,26,1,0,0,2,0,Blevins LLC,Mongolia,5525,True
http://wagner-figueroa.org,org,0,26,1,0,0,2,0,Robinson-Richardson,Denmark,436,True
http://miller.dev,dev,0,17,0,0,0,2,0,Brooks-Hunt,Tunisia,3190,False
https://williams.com,com,1,20,0,0,0,2,1,"Johnson, Vargas and Baldwin",Palestinian Territory,1087,True
https://smith.io,io,1,16,0,0,0,2,1,Ray-Klein,Canada,1656,False
http://bolton.biz,biz,0,17,0,0,0,2,0,Tucker Ltd,Ghana,7170,False
https://thomas.gov,gov,1,18,0,0,0,2,0,Reed-Spencer,Tokelau,4724,True
https://smith-harrell.io,io,1,24,1,0,0,2,1,"Hall, Hudson and Wong",Myanmar,4346,True
http://hill-jones.gov,gov,0,21,1,0,0,2,1,Lee PLC,United States Minor Outlying Islands,5598,True
https://sexton-wright.org,org,1,25,1,0,0,2,1,Ward Ltd,Greenland,6663,True
http://leach.io,io,0,15,0,0,0,2,0,Berger-Jenkins,Turkmenistan,3236,True
http://branch.net,net,0,17,0,0,0,2,1,Lawson-Perry,Cook Islands,2136,True
https://lee.edu,edu,1,15,0,0,0,2,1,Lopez-Haynes,United Arab Emirates,409,True
http://weaver-reyes.biz,biz,0,23,1,0,0,2,0,Anthony and Sons,Mauritius,1035,False
http://morales.org,org,0,18,0,0,0,2,0,Smith Ltd,Lebanon,1828,True
http://hopkins.edu,edu,0,18,0,0,0,2,0,Anthony-Grant,Armenia,523,True
https://hamilton.dev,dev,1,20,0,0,0,2,1,Howard Inc,Micronesia,5123,True
http://reilly-adkins.ar,ar,0,23,1,0,0,2,1,James-Robertson,Italy,5756,True
http://paul.gov,gov,0,15,0,0,0,2,0,Morris-Zimmerman,Iran,6822,False
http://rivera.dev,dev,0,17,0,0,0,2,1,Thomas-Frederick,Saint Barthelemy,5571,False
http://young.edu,edu,0,16,0,0,0,2,1,Chapman-Dodson,Rwanda,4285,True
https://king.dev,dev,1,16,0,0,0,2,1,Butler Group,Tanzania,5514,True
http://edwards.biz,biz,0,18,0,0,0,2,1,"Warren, Tran and Huynh",Heard Island and McDonald Islands,473,True
http://chase.net,net,0,16,0,0,0,2,1,Boone-Smith,Puerto Rico,6545,True
http://ruiz.ar,ar,0,14,0,0,0,2,1,Peters-Adams,Germany,2236,True
https://miller.org,org,1,18,0,0,0,2,0,"Wilkerson, Perez and Robinson",Japan,5232,True
http://young.io,io,0,15,0,0,0,2,0,"Lee, Evans and Sandoval",Tajikistan,3655,False
https://reyes-cooper.org,org,1,24,1,0,0,2,0,Alexander-Jordan,Martinique,6896,True
https://marshall.gov,gov,1,20,0,0,0,2,1,"Duarte, Ward and Wagner",Montenegro,5305,False
https://perez.io,io,1,16,0,0,0,2,1,Torres Inc,Australia,6195,True
https://matthews.gov,gov,1,20,0,0,0,2,0,Hunt-Smith,Denmark,4295,False
https://vance.ar,ar,1,16,0,0,0,2,1,Martinez-Williams,Fiji,4739,False
http://briggs-miller.io,io,0,23,1,0,0,2,1,Johnson-Hernandez,New Caledonia,1433,True
http://santana.edu,edu,0,18,0,0,0,2,1,Wright Inc,Thailand,6226,True
http://washington.gov,gov,0,21,0,0,0,2,0,"Davis, Payne and Miller",Saint Lucia,2775,False
http://bell-lewis.org,org,0,21,1,0,0,2,0,Smith-Monroe,Zimbabwe,5188,True
http://riley-ruiz.info,info,0,22,1,0,0,2,0,"Bailey, Hill and Oneill",Paraguay,3378,False
https://hardin.ar,ar,1,17,0,0,0,2,0,Mcintyre-Mckay,Sri Lanka,404,True
http://walters.net,net,0,18,0,0,0,2,1,"Garcia, Willis and Sandoval",Mali,1735,True
https://cook.ar,ar,1,15,0,0,0,2,0,Alexander PLC,Georgia,540,False
http://figueroa.ar,ar,0,18,0,0,0,2,0,Jacobs-Hawkins,Guadeloupe,1962,True
http://trujillo.ar,ar,0,18,0,0,0,2,1,Wright PLC,Pakistan,2318,False
https://johnson-gross.biz,biz,1,25,1,0,0,2,1,Lopez-Thompson,Switzerland,4161,False
https://wilson.biz,biz,1,18,0,0,0,2,0,Daniels-Perez,Timor-Leste,4423,False
https://duffy.biz,biz,1,17,0,0,0,2,1,Miles and Sons,British Indian Ocean Territory (Chagos Archipelago),3499,True
https://lowe.ar,ar,1,15,0,0,0,2,1,Gordon LLC,Montserrat,1766,False
https://cobb-carr.io,io,1,20,1,0,0,2,1,Shaw-Singleton,Moldova,4479,True
http://jones.com,com,0,16,0,0,0,2,0,Singh LLC,Andorra,3148,True
http://edwards-clay.biz,biz,0,23,1,0,0,2,0,Hardy-Marquez,Turkey,2559,True
http://hines.edu,edu,0,16,0,0,0,2,1,"Trevino, Brown and Olson",Jordan,3479,True
https://young-higgins.gov,gov,1,25,1,0,0,2,0,"Campbell, Simmons and Velasquez",North Macedonia,3509,False
http://ritter.com,com,0,17,0,0,0,2,0,Williams Group,Rwanda,5036,False
https://acosta.org,org,1,18,0,0,0,2,1,Shaw-Morales,Gibraltar,4147,True
http://smith.ar,ar,0,15,0,0,0,2,0,Wheeler-Montgomery,Pitcairn Islands,2089,False
http://galvan.dev,dev,0,17,0,0,0,2,0,Gonzalez Ltd,United States of America,2880,False
https://graves.org,org,1,18,0,0,0,2,1,"Lopez, Dunn and Drake",Papua New Guinea,6366,False
http://ford.io,io,0,14,0,0,0,2,1,Zhang Inc,Marshall Islands,3915,False
http://thomas.org,org,0,17,0,0,0,2,1,"Jackson, Hayden and Hernandez",Armenia,1936,True
http://meyers.org,org,0,17,0,0,0,2,1,Rasmussen and Sons,Japan,5634,True
http://ross.gov,gov,0,15,0,0,0,2,0,Diaz-Moreno,Rwanda,3839,False
https://smith-bell.com,com,1,22,1,0,0,2,0,"Walls, Bryant and Young",United States Virgin Islands,5232,False
http://bush.com,com,0,15,0,0,0,2,1,"Hill, Summers and Simon",Equatorial Guinea,1160,False
https://johnson-gordon.io,io,1,25,1,0,0,2,1,Taylor and Sons,Ghana,3935,True
http://dorsey.biz,biz,0,17,0,0,0,2,0,Jimenez-Hayes,Ukraine,5719,False
https://page-peterson.edu,edu,1,25,1,0,0,2,1,Pitts and Sons,Latvia,1833,True
https://williams.net,net,1,20,0,0,0,2,1,Weber-Thomas,Togo,6659,False
https://buck-gill.biz,biz,1,21,1,0,0,2,1,"Norman, Moody and Hall",Jordan,3390,False
https://davis.gov,gov,1,17,0,0,0,2,0,"Brown, Patton and Bailey",Philippines,6305,True
http://kelley.dev,dev,0,17,0,0,0,2,0,Hall-Graves,United Arab Emirates,2585,False
http://huber.biz,biz,0,16,0,0,0,2,0,Poole Inc,Sudan,6930,False
http://smith.biz,biz,0,16,0,0,0,2,1,Reeves Group,Puerto Rico,5981,True
https://ortega.dev,dev,1,18,0,0,0,2,1,"Walker, Martinez and Cunningham",Spain,4361,False
https://prince.com,com,1,18,0,0,0,2,1,Gomez Ltd,Puerto Rico,2790,True
https://olson-harding.info,info,1,26,1,0,0,2,0,Thompson-Watkins,Hungary,3311,True
http://holmes.org,org,0,17,0,0,0,2,0,"Bell, Henderson and Williamson",Greenland,4114,False
https://harris.info,info,1,19,0,0,0,2,0,Higgins-Curtis,Mali,6459,False
http://white-freeman.edu,edu,0,24,1,0,0,2,0,"Sanchez, Jones and Nelson",Holy See (Vatican City State),3030,False
http://hawkins-collins.biz,biz,0,26,1,0,0,2,0,Myers-Burns,Philippines,4064,True
http://austin-obrien.net,net,0,24,1,0,0,2,1,Warren-James,Jamaica,2620,False
http://foster-peterson.dev,dev,0,26,1,0,0,2,0,Cox-Crawford,Tajikistan,7098,True
http://schultz.com,com,0,18,0,0,0,2,0,Flores Ltd,Paraguay,1714,True
https://gray.com,com,1,16,0,0,0,2,1,Ferguson-Bender,Cape Verde,7244,False
https://rogers.net,net,1,18,0,0,0,2,0,Cantu-Gilbert,Belgium,4900,True
http://white.info,info,0,17,0,0,0,2,0,Johnson PLC,Sri Lanka,2538,False
https://franco.dev,dev,1,18,0,0,0,2,1,Espinoza-Williams,Paraguay,5057,False
https://mcintyre-osborn.ar,ar,1,26,1,0,0,2,1,Payne-Stokes,Mozambique,635,False
https://mccormick.com,com,1,21,0,0,0,2,0,Pacheco-Greene,Australia,3591,True
https://andrews.gov,gov,1,19,0,0,0,2,0,"Williams, Hawkins and Wallace",China,5001,True
http://nguyen.org,org,0,17,0,0,0,2,1,Crane LLC,Kenya,6273,False
http://smith-perez.io,io,0,21,1,0,0,2,0,Willis-Oliver,El Salvador,860,True
http://johnson.biz,biz,0,18,0,0,0,2,0,"Lucas, Larson and Harris",United Kingdom,6726,True
http://schmidt.dev,dev,0,18,0,0,0,2,1,"Parsons, Davis and Stanley",Switzerland,3293,False
http://thompson.com,com,0,19,0,0,0,2,1,Mays Group,Niger,5452,True
https://allison-maxwell.edu,edu,1,27,1,0,0,2,0,Terry Inc,Ecuador,616,False
https://lopez.info,info,1,18,0,0,0,2,1,Hughes-Mccormick,Afghanistan,6811,True
https://davis.gov,gov,1,17,0,0,0,2,1,Patrick Inc,Senegal,6859,False
http://rollins.biz,biz,0,18,0,0,0,2,0,"Gray, Mack and Hill",Peru,5754,False
https://perez-burgess.dev,dev,1,25,1,0,0,2,0,Garcia-Owen,Belize,6270,False
https://fowler-bell.org,org,1,23,1,0,0,2,0,"Brown, Richardson and Larson",Turks and Caicos Islands,2080,False
https://daniel.biz,biz,1,18,0,0,0,2,0,Williams-Valdez,Burundi,3806,True
https://wilson-maddox.dev,dev,1,25,1,0,0,2,1,Roberts-Nelson,Russian Federation,1329,False
https://gardner.dev,dev,1,19,0,0,0,2,1,"Butler, Wilson and Blair",Luxembourg,4002,True
https://gordon.dev,dev,1,18,0,0,0,2,1,Edwards-Lowery,British Virgin Islands,3138,False
http://anderson.biz,biz,0,19,0,0,0,2,0,Roy Inc,Equatorial Guinea,2127,False
http://miller-webb.info,info,0,23,1,0,0,2,1,Simpson-Ross,Papua New Guinea,460,True
https://washington-french.org,org,1,29,1,0,0,2,1,Benton Group,Egypt,6959,True
http://allen.biz,biz,0,16,0,0,0,2,1,Key and Sons,Cyprus,6663,False
http://miller.dev,dev,0,17,0,0,0,2,1,"Nelson, Perez and Sloan",Costa Rica,3690,True
http://flores-hull.biz,biz,0,22,1,0,0,2,0,Logan-Rodriguez,Western Sahara,5328,False
http://brown.edu,edu,0,16,0,0,0,2,0,Dean Ltd,Botswana,4133,False
https://larson-brooks.gov,gov,1,25,1,0,0,2,1,Boyer-Davis,Netherlands,2156,False
http://ballard-garcia.org,org,0,25,1,0,0,2,1,Ponce PLC,Macao,1252,False
http://rodriguez.edu,edu,0,20,0,0,0,2,0,Martin Group,Zambia,2782,True
https://martin.info,info,1,19,0,0,0,2,0,Soto-Shaw,Pakistan,1008,True
https://knight.gov,gov,1,18,0,0,0,2,1,"Mendoza, Gray and Larsen",Marshall Islands,1514,False
https://anderson.edu,edu,1,20,0,0,0,2,1,"Jennings, Stewart and Mack",Korea,3167,True
https://todd-wilson.biz,biz,1,23,1,0,0,2,0,Hammond LLC,Taiwan,5007,False
https://wall.ar,ar,1,15,0,0,0,2,0,Carter Inc,Lebanon,733,False
https://hampton-barnett.io,io,1,26,1,0,0,2,1,"White, Parrish and Knox",Taiwan,2976,True
http://perkins-bailey.com,com,0,25,1,0,0,2,0,"Perez, Fuller and Robinson",Tuvalu,5982,False
http://price.ar,ar,0,15,0,0,0,2,1,Dawson-Hernandez,France,4776,False
http://kelly.io,io,0,15,0,0,0,2,1,Smith-Stewart,Turkey,4235,True
http://coleman.info,info,0,19,0,0,0,2,0,Lee-Lee,Cote d'Ivoire,839,False
https://white-gould.com,com,1,23,1,0,0,2,1,Lopez-Brooks,Uganda,6070,True
http://herrera.org,org,0,18,0,0,0,2,1,Conrad Group,Iran,6147,False
http://hill.net,net,0,15,0,0,0,2,0,Ellis-Wells,Chad,787,True
https://espinoza.edu,edu,1,20,0,0,0,2,0,"Montgomery, Sweeney and Hoffman",Bhutan,3345,True
https://juarez.biz,biz,1,18,0,0,0,2,0,Marshall Group,Moldova,4190,False
https://greene.gov,gov,1,18,0,0,0,2,0,Johnson-Morrison,Niger,2892,True
http://johnson-thomas.edu,edu,0,25,1,0,0,2,1,"Davis, Patterson and Watts",Afghanistan,6698,False
https://castro.ar,ar,1,17,0,0,0,2,0,Conway and Sons,Egypt,6274,True
http://gomez-finley.info,info,0,24,1,0,0,2,0,Clarke Inc,Saint Lucia,2263,True
https://stanley.net,net,1,19,0,0,0,2,1,Proctor-Johnson,Botswana,796,False
https://york.edu,edu,1,16,0,0,0,2,0,Walker-Valdez,Netherlands,5038,True
https://mayo.biz,biz,1,16,0,0,0,2,1,Lopez and Sons,Moldova,4356,True
https://hall-francis.com,com,1,24,1,0,0,2,1,Kelly-Wright,Lebanon,929,False
https://clark-morales.org,org,1,25,1,0,0,2,1,Barnes-Nguyen,Myanmar,6323,False
https://lee-hart.gov,gov,1,20,1,0,0,2,1,"Pierce, Park and Richardson",Zimbabwe,6224,False
http://hancock-ingram.dev,dev,0,25,1,0,0,2,0,Coleman-Berry,Qatar,858,True
https://clark-wells.ar,ar,1,22,1,0,0,2,0,Larsen Ltd,Equatorial Guinea,2974,True
https://williams.gov,gov,1,20,0,0,0,2,0,"Galvan, Jennings and Miles",Burkina Faso,2919,False
https://michael.io,io,1,18,0,0,0,2,1,Bailey-Cantu,British Virgin Islands,1747,True
https://skinner.edu,edu,1,19,0,0,0,2,1,Yang-Brown,Timor-Leste,3908,True
https://griffith.net,net,1,20,0,0,0,2,0,"Garcia, Patel and Miller",Bahrain,7017,True
http://mercer.edu,edu,0,17,0,0,0,2,1,"James, Mcdaniel and Long",Korea,994,True
http://marshall-sandoval.gov,gov,0,28,1,0,0,2,0,"Davis, Fitzgerald and Parks",Costa Rica,2364,False
http://thomas.dev,dev,0,17,0,0,0,2,1,Doyle-Cooper,Denmark,3001,True
http://hancock.gov,gov,0,18,0,0,0,2,1,Larson-Scott,Belarus,556,True
https://williams-oliver.dev,dev,1,27,1,0,0,2,0,Olsen-Bond,Reunion,6694,True
http://sanders.org,org,0,18,0,0,0,2,0,Moore Inc,Somalia,1980,True
https://ferguson.info,info,1,21,0,0,0,2,1,Barnett-Ellison,Niger,5637,True
http://boyle.org,org,0,16,0,0,0,2,0,Graves-Johnson,Azerbaijan,817,False
https://chambers.edu,edu,1,20,0,0,0,2,0,"Hunt, Watson and Huynh",Paraguay,6386,True
https://joyce.org,org,1,17,0,0,0,2,0,Tyler-Sutton,Hong Kong,5590,True
http://melendez.edu,edu,0,19,0,0,0,2,0,Aguirre PLC,Japan,1493,False
https://taylor-tucker.info,info,1,26,1,0,0,2,0,Peterson-Solomon,American Samoa,4464,False
https://hill.gov,gov,1,16,0,0,0,2,0,Thomas-Parks,Luxembourg,2919,False
http://long.gov,gov,0,15,0,0,0,2,0,Moyer-Allen,Djibouti,6088,False
https://marquez.biz,biz,1,19,0,0,0,2,0,Lane PLC,Uruguay,832,False
http://murray.ar,ar,0,16,0,0,0,2,0,Thompson-Perez,Singapore,415,False
http://hurley.gov,gov,0,17,0,0,0,2,1,Diaz-Rogers,Dominica,3833,True
http://kemp.biz,biz,0,15,0,0,0,2,0,Myers Inc,Armenia,4867,True
https://johns.ar,ar,1,16,0,0,0,2,1,"Schwartz, Alvarado and Phillips",Croatia,1248,False
http://davis-hale.ar,ar,0,20,1,0,0,2,1,Thompson Group,Togo,1958,False
http://smith-johnson.org,org,0,24,1,0,0,2,1,Barrett-Hanson,Nauru,2257,True
https://jensen.ar,ar,1,17,0,0,0,2,0,"Fowler, Collins and Burke",Albania,774,False
https://fernandez.io,io,1,20,0,0,0,2,1,Gonzalez Ltd,Mongolia,1130,True
http://baird.io,io,0,15,0,0,0,2,0,Harvey-Evans,Marshall Islands,1251,False
http://heath-lewis.ar,ar,0,21,1,0,0,2,1,Roberson Ltd,Bangladesh,1956,True
https://herman.biz,biz,1,18,0,0,0,2,1,Moore Group,Luxembourg,2272,True
https://duarte-campbell.org,org,1,27,1,0,0,2,0,Ortega LLC,Sri Lanka,560,True
http://chan-chambers.org,org,0,24,1,0,0,2,1,"Williamson, Mcfarland and Kennedy",Greece,5218,True
https://johnson.dev,dev,1,19,0,0,0,2,1,Watts-Hughes,Bulgaria,2506,False
http://wilkins.info,info,0,19,0,0,0,2,1,Rogers-Harris,Djibouti,3539,False
https://butler.gov,gov,1,18,0,0,0,2,1,"Smith, Conrad and Duncan",Uzbekistan,4420,False
https://jones.dev,dev,1,17,0,0,0,2,0,"Taylor, Diaz and Johnson",Angola,4216,False
http://kramer.info,info,0,18,0,0,0,2,1,Lee Ltd,Romania,6550,True
https://crawford.gov,gov,1,20,0,0,0,2,0,Delgado-Mills,Albania,1085,False
http://peters.org,org,0,17,0,0,0,2,1,Ray PLC,Bahrain,1195,True
http://orozco.ar,ar,0,16,0,0,0,2,0,Gomez-Hayes,Cayman Islands,6072,False
http://charles-wood.com,com,0,23,1,0,0,2,1,"Buck, Smith and Powell",Russian Federation,3050,True
http://warren.ar,ar,0,16,0,0,0,2,1,"Winters, Solis and Knight",Zambia,5126,True
http://robles-davis.net,net,0,23,1,0,0,2,0,Haley Ltd,Tunisia,3559,True
https://lowe.org,org,1,16,0,0,0,2,1,"Guerrero, Becker and Lyons",Kenya,1665,False
https://silva-carlson.gov,gov,1,25,1,0,0,2,1,"Chaney, Clay and Powell",Guernsey,1159,False
https://hawkins-carey.dev,dev,1,25,1,0,0,2,0,Delgado-Young,French Southern Territories,374,True
https://weaver.dev,dev,1,18,0,0,0,2,0,Harvey-Fernandez,Cyprus,371,True
https://lopez-hunter.biz,biz,1,24,1,0,0,2,0,"Acevedo, Schneider and Oconnor",Brazil,2571,False
https://anderson-ewing.gov,gov,1,26,1,0,0,2,0,Wade LLC,Benin,5639,True
https://wilkinson.ar,ar,1,20,0,0,0,2,1,Cunningham-Jones,Congo,4934,True
http://whitney.gov,gov,0,18,0,0,0,2,0,Butler Inc,Christmas Island,480,False
https://hayes.dev,dev,1,17,0,0,0,2,0,Wright and Sons,Niger,5561,False
https://burgess-chapman.gov,gov,1,27,1,0,0,2,0,Diaz Ltd,Tunisia,1872,True
https://rodriguez-deleon.info,info,1,29,1,0,0,2,0,Rios Inc,Bhutan,3707,False
https://thompson.dev,dev,1,20,0,0,0,2,0,Vargas-Butler,Kuwait,2658,True
http://ray-foster.org,org,0,21,1,0,0,2,1,Compton-Davila,Sweden,2214,True
http://dunn.info,info,0,16,0,0,0,2,0,Dudley LLC,Chile,3255,False
http://flores-curtis.dev,dev,0,24,1,0,0,2,1,Evans and Sons,Cote d'Ivoire,4260,True
https://martin.org,org,1,18,0,0,0,2,1,"Miller, Cooper and Larson",Seychelles,425,True
https://hall.org,org,1,16,0,0,0,2,1,Lopez Inc,Antarctica (the territory South of 60 deg S),3856,True
http://washington.com,com,0,21,0,0,0,2,0,"Anderson, King and Lewis",Saint Martin,4796,True
https://black.gov,gov,1,17,0,0,0,2,0,"Perez, Nelson and Baker",Belgium,7203,True
http://cooke.gov,gov,0,16,0,0,0,2,1,Lewis-Johnson,Peru,1075,True
http://jones-duncan.io,io,0,22,1,0,0,2,1,Berry Group,French Guiana,4283,True
http://benton.com,com,0,17,0,0,0,2,1,"Perez, Johnson and Adkins",Namibia,2540,False
https://green-scott.edu,edu,1,23,1,0,0,2,1,Estrada-Chen,Jersey,3839,False
https://smith.gov,gov,1,17,0,0,0,2,0,Joseph LLC,Swaziland,7136,True
http://davis.gov,gov,0,16,0,0,0,2,1,"Murphy, Hernandez and Reid",Guinea,1251,True
https://schmidt.dev,dev,1,19,0,0,0,2,1,Knight-Sloan,Serbia,3842,False
http://harvey.dev,dev,0,17,0,0,0,2,0,Parker-White,Saint Pierre and Miquelon,3169,False
http://johnson.ar,ar,0,17,0,0,0,2,1,Baxter-Flores,Bolivia,5134,False
https://huerta.edu,edu,1,18,0,0,0,2,0,Bell-Martin,Fiji,623,False
http://odonnell.net,net,0,19,0,0,0,2,0,"Smith, Walter and Walker",Nicaragua,5896,False
http://mcdaniel.info,info,0,20,0,0,0,2,1,"Williams, Smith and Fleming",Senegal,3208,False
http://reyes.ar,ar,0,15,0,0,0,2,0,Holloway Ltd,Iceland,989,False
http://johnson-larsen.net,net,0,25,1,0,0,2,0,Greer-Wagner,Gambia,6627,True
http://wright.dev,dev,0,17,0,0,0,2,0,Marquez-White,Guinea-Bissau,4973,True
http://mckinney-torres.info,info,0,27,1,0,0,2,1,Castro-Perry,Portugal,3603,False
https://ross.info,info,1,17,0,0,0,2,1,Sandoval Inc,Haiti,5263,False
http://smith-reyes.com,com,0,22,1,0,0,2,0,Donaldson PLC,Argentina,2793,True
https://davis.edu,edu,1,17,0,0,0,2,1,Perkins Ltd,Malta,2530,False
https://bridges.info,info,1,20,0,0,0,2,0,Campbell-Calhoun,Congo,4538,False
http://brown-wilson.gov,gov,0,23,1,0,0,2,1,Morales LLC,Hong Kong,6873,True
https://roberson-vasquez.ar,ar,1,27,1,0,0,2,0,Yang-Williams,United Arab Emirates,5538,True
https://hess.ar,ar,1,15,0,0,0,2,1,Sullivan-Juarez,Samoa,7026,True
https://small-woods.info,info,1,24,1,0,0,2,0,Jones-Brown,Bolivia,5768,False
http://russell.ar,ar,0,17,0,0,0,2,1,"Farmer, Mcintyre and Wu",Pitcairn Islands,5516,False
https://jefferson.edu,edu,1,21,0,0,0,2,1,Blackwell-Schwartz,Panama,1023,False
https://phillips.net,net,1,20,0,0,0,2,1,Olson and Sons,Saint Pierre and Miquelon,5590,False
https://simmons.ar,ar,1,18,0,0,0,2,0,Lawrence-Rodriguez,Cook Islands,1412,False
http://castro-johnson.info,info,0,26,1,0,0,2,0,Padilla Ltd,Tokelau,7032,True
http://bauer.biz,biz,0,16,0,0,0,2,0,"Walter, Barron and Mcdonald",Guyana,5540,True
https://allen-clark.org,org,1,23,1,0,0,2,0,Turner Group,Iraq,1304,False
http://james.com,com,0,16,0,0,0,2,0,Lowe-Clark,Madagascar,5626,True
http://chandler-hill.com,com,0,24,1,0,0,2,0,"Harris, Bradley and Gray",Svalbard & Jan Mayen Islands,2680,False
http://whitehead-ford.biz,biz,0,25,1,0,0,2,1,White Inc,Jersey,5148,True
https://mcgee.io,io,1,16,0,0,0,2,0,Evans Group,Guyana,4986,True
http://solis.ar,ar,0,15,0,0,0,2,1,"Williams, Perez and Foster",Cayman Islands,4582,True
http://thomas.gov,gov,0,17,0,0,0,2,1,"Harrell, Dixon and Walls",Togo,5324,False
https://johnson.ar,ar,1,18,0,0,0,2,1,Ferguson and Sons,Montenegro,1595,False
https://griffith.net,net,1,20,0,0,0,2,0,Roach and Sons,Central African Republic,4657,False
http://andrade.ar,ar,0,17,0,0,0,2,0,Fleming and Sons,Australia,2286,True
http://parsons-braun.dev,dev,0,24,1,0,0,2,1,Williams-Jones,Myanmar,4168,False
http://ayala.info,info,0,17,0,0,0,2,1,York-Simpson,Mauritania,7081,False
https://delacruz.com,com,1,20,0,0,0,2,0,"Robinson, Aguilar and Gray",Nigeria,1907,False
http://wells.edu,edu,0,16,0,0,0,2,0,Boyd PLC,Lithuania,7163,True
http://vega.ar,ar,0,14,0,0,0,2,1,"Johnson, Harris and Dixon",Turks and Caicos Islands,1424,True
https://james-peterson.biz,biz,1,26,1,0,0,2,0,"Copeland, Doyle and Jarvis",Paraguay,4893,False
https://thomas-sanford.ar,ar,1,25,1,0,0,2,0,Weber-Johnson,Panama,5463,True
http://lopez.net,net,0,16,0,0,0,2,1,Osborne-Smith,Portugal,6823,False
http://sullivan-hall.io,io,0,23,1,0,0,2,1,"Alvarado, Walker and Moore",El Salvador,6518,True
http://aguilar.info,info,0,19,0,0,0,2,1,Marshall Group,Senegal,5923,True
https://collins-farmer.org,org,1,26,1,0,0,2,1,Walsh Inc,Peru,5870,False
https://kim.edu,edu,1,15,0,0,0,2,0,"Hampton, Miller and Hansen",Tanzania,1715,True
http://lewis.biz,biz,0,16,0,0,0,2,1,Smith-Miller,Libyan Arab Jamahiriya,6473,True
https://solis.ar,ar,1,16,0,0,0,2,0,Woods Ltd,Haiti,4911,False
http://brooks.dev,dev,0,17,0,0,0,2,1,Newton-Richardson,China,6186,True
https://meyers-smith.edu,edu,1,24,1,0,0,2,1,"Harvey, Phillips and Rasmussen",United States of America,3203,False
http://douglas-humphrey.org,org,0,27,1,0,0,2,0,Fisher-Weaver,Bahrain,1888,False
http://wright.ar,ar,0,16,0,0,0,2,1,"Lee, Fox and Reese",Mayotte,5331,False
https://terry.ar,ar,1,16,0,0,0,2,1,Davis-Schaefer,Isle of Man,5237,False
https://brooks.com,com,1,18,0,0,0,2,1,Carr and Sons,Nigeria,1512,False
https://beck.net,net,1,16,0,0,0,2,0,"Phillips, Underwood and Allen",Micronesia,3030,True
https://dougherty-wilson.gov,gov,1,28,1,0,0,2,0,"Robinson, Kent and Mcdonald",Monaco,7153,True
http://lewis.gov,gov,0,16,0,0,0,2,0,Bauer-Ellis,Monaco,7252,True
https://le-krueger.org,org,1,22,1,0,0,2,0,Black PLC,Micronesia,894,True
http://ramirez.biz,biz,0,18,0,0,0,2,1,Webb Group,Sweden,6730,False
http://garrett.io,io,0,17,0,0,0,2,0,"Patton, Allen and Harris",Guatemala,3291,True
http://lloyd.edu,edu,0,16,0,0,0,2,1,"Fisher, Barton and Ayers",New Zealand,5159,False
http://drake-nash.io,io,0,20,1,0,0,2,0,"Watts, Johnson and Schwartz",Belarus,1264,True
http://west.com,com,0,15,0,0,0,2,1,Gregory-Jackson,Taiwan,5867,False
https://watson.ar,ar,1,17,0,0,0,2,1,Reyes-Simon,Azerbaijan,944,True
https://santiago.biz,biz,1,20,0,0,0,2,1,"Robinson, Hill and Moore",Holy See (Vatican City State),6961,False
https://carrillo.com,com,1,20,0,0,0,2,1,Hill and Sons,Qatar,4561,False
http://farmer-mendoza.info,info,0,26,1,0,0,2,0,Conner PLC,Kyrgyz Republic,7216,False
http://smith.edu,edu,0,16,0,0,0,2,0,Hart Group,Puerto Rico,6614,True
https://sullivan.io,io,1,19,0,0,0,2,1,Lopez-James,Saint Martin,3421,True
http://rivas.edu,edu,0,16,0,0,0,2,1,"Mcgrath, Olsen and Medina",Tanzania,6630,False
https://griffin-sanders.biz,biz,1,27,1,0,0,2,1,"Casey, Stone and Phillips",Albania,1587,False
https://tran-lopez.dev,dev,1,22,1,0,0,2,0,"Wright, Montoya and Davis",Saint Vincent and the Grenadines,1808,True
http://barnes-tapia.dev,dev,0,23,1,0,0,2,0,Wilkerson-Burns,New Caledonia,4422,False
https://becker.info,info,1,19,0,0,0,2,0,"Vasquez, Roman and Soto",Turkey,1218,True
https://peterson.biz,biz,1,20,0,0,0,2,0,Fernandez-Salazar,Western Sahara,3532,False
https://tanner.dev,dev,1,18,0,0,0,2,1,Lyons LLC,French Guiana,3118,True
https://hanson-haney.com,com,1,24,1,0,0,2,0,"Lyons, Frank and Phillips",Ecuador,3293,False
https://chavez.io,io,1,17,0,0,0,2,1,Olsen-Wright,Bahamas,944,False
http://king.dev,dev,0,15,0,0,0,2,1,"Perry, Richard and Dougherty",Saint Lucia,2548,False
http://park.info,info,0,16,0,0,0,2,1,Hopkins LLC,Turkey,3496,True
http://clarke.io,io,0,16,0,0,0,2,0,Garner-Mueller,San Marino,3887,True
http://simpson.info,info,0,19,0,0,0,2,0,Thomas-Ray,Cape Verde,5003,False
https://cabrera.biz,biz,1,19,0,0,0,2,0,Smith and Sons,Vietnam,7305,True
http://rojas.net,net,0,16,0,0,0,2,0,Ramirez and Sons,Honduras,5075,True
https://macdonald-clark.biz,biz,1,27,1,0,0,2,1,"Price, Contreras and Jones",Fiji,2623,True
https://hutchinson.org,org,1,22,0,0,0,2,0,Cruz LLC,Uganda,1238,True
http://stanton-horn.gov,gov,0,23,1,0,0,2,0,Perkins LLC,Guernsey,6105,True
http://french-morgan.com,com,0,24,1,0,0,2,0,Osborne and Sons,Madagascar,4089,True
https://page.biz,biz,1,16,0,0,0,2,0,"Rivera, Mitchell and Patel",Bolivia,3320,False
http://miller.ar,ar,0,16,0,0,0,2,0,Ramsey PLC,Qatar,5752,True
https://wilkerson-hudson.io,io,1,27,1,0,0,2,0,"Holt, Martin and Benson",Slovenia,516,True
http://pineda.gov,gov,0,17,0,0,0,2,1,"Roth, Harrell and Myers",Fiji,5043,True
http://walters.net,net,0,18,0,0,0,2,1,"Wood, Gordon and Smith",Libyan Arab Jamahiriya,2634,False
https://stone.dev,dev,1,17,0,0,0,2,0,Collier PLC,Algeria,3139,True
https://jones-ramirez.io,io,1,24,1,0,0,2,0,"Boyd, Evans and Thompson",Jamaica,3877,True
https://haley.gov,gov,1,17,0,0,0,2,1,"Wells, Jones and Jones",Singapore,5090,False
http://robinson-pennington.com,com,0,30,1,0,0,2,1,Burton-Smith,Swaziland,1016,True
http://brown-peterson.ar,ar,0,24,1,0,0,2,1,Hoffman-Valdez,Croatia,1109,True
http://murphy.info,info,0,18,0,0,0,2,0,"Page, Johnson and Sanchez",Niger,564,False
https://ramsey.net,net,1,18,0,0,0,2,0,"Adams, Bruce and Lewis",Falkland Islands (Malvinas),2728,False
http://griffin-andrews.gov,gov,0,26,1,0,0,2,0,Baker PLC,Malawi,4702,True
https://gonzalez.gov,gov,1,20,0,0,0,2,1,Tucker Group,Uganda,684,False
http://gomez.org,org,0,16,0,0,0,2,1,"Jimenez, Green and Moore",Panama,1812,True
http://mitchell-hansen.io,io,0,25,1,0,0,2,1,Clark-Diaz,Congo,689,False
http://cisneros.com,com,0,19,0,0,0,2,0,Erickson Inc,Palestinian Territory,5987,False
https://moon-clark.net,net,1,22,1,0,0,2,0,"Carrillo, Wang and Thompson",Sweden,1621,False
https://west.ar,ar,1,15,0,0,0,2,0,Cruz-Thompson,Nigeria,4630,False
https://pierce.edu,edu,1,18,0,0,0,2,1,"Barrett, Alvarez and Wolfe",Egypt,4247,True
http://white.io,io,0,15,0,0,0,2,1,"Mcgee, Huff and Johnson",Austria,6164,True
http://berry.gov,gov,0,16,0,0,0,2,1,"Moore, Smith and Manning",Taiwan,6781,False
http://watkins-romero.org,org,0,25,1,0,0,2,0,"Stewart, Hernandez and Webster",Saint Helena,4108,True
https://odom-grant.dev,dev,1,22,1,0,0,2,0,Hill and Sons,Cayman Islands,2767,True
https://estrada-benson.info,info,1,27,1,0,0,2,1,Clark Ltd,Haiti,5400,False
http://davis-sanchez.biz,biz,0,24,1,0,0,2,0,"Turner, Tucker and Sanchez",Trinidad and Tobago,2710,True
http://jones.dev,dev,0,16,0,0,0,2,0,Hicks-Jones,Mauritania,483,False
https://stephenson-waters.info,info,1,30,1,0,0,2,0,Meyer-Wolfe,Liechtenstein,4753,True
https://butler.net,net,1,18,0,0,0,2,0,Gibson-Williams,Brunei Darussalam,6143,False
https://thomas.net,net,1,18,0,0,0,2,0,Perez-Wright,Iran,4572,True
http://owen-hart.dev,dev,0,20,1,0,0,2,1,Sanchez-Chen,Iraq,1854,False
http://velez.dev,dev,0,16,0,0,0,2,1,Miller-Burns,Ecuador,3882,False
https://tanner-white.ar,ar,1,23,1,0,0,2,0,Hernandez Ltd,Isle of Man,6895,True
http://moore.net,net,0,16,0,0,0,2,1,"Walker, Walker and Murphy",Saint Kitts and Nevis,3647,True
http://logan-sullivan.com,com,0,25,1,0,0,2,1,Walker PLC,Heard Island and McDonald Islands,5000,True
http://hooper.net,net,0,17,0,0,0,2,0,"Edwards, Barajas and Peterson",Morocco,790,False
http://black.dev,dev,0,16,0,0,0,2,1,Brown-Johnson,French Polynesia,5962,False
http://estes-owens.info,info,0,23,1,0,0,2,0,Olson-Perkins,Greece,6827,True
https://bowman.info,info,1,19,0,0,0,2,0,Burke Ltd,Mexico,4647,True
https://stevenson.org,org,1,21,0,0,0,2,0,Richards Group,Pitcairn Islands,5123,True
http://woods-cantrell.net,net,0,25,1,0,0,2,1,"Sanchez, Allen and Foster",United States Minor Outlying Islands,5709,True
http://singh.org,org,0,16,0,0,0,2,1,Sherman-Krueger,Mauritius,2443,False
http://wong.biz,biz,0,15,0,0,0,2,0,Larsen and Sons,Tajikistan,3389,False
https://gregory.com,com,1,19,0,0,0,2,1,"Harrison, Rodriguez and Wood",United States Minor Outlying Islands,5683,False
http://martin-everett.edu,edu,0,25,1,0,0,2,1,Lee PLC,Indonesia,5894,True
http://ali.com,com,0,14,0,0,0,2,1,Martinez and Sons,Peru,3418,False
http://kirk.ar,ar,0,14,0,0,0,2,1,"Mejia, Gordon and Coleman",Guadeloupe,3027,False
http://willis-smith.info,info,0,24,1,0,0,2,0,"Jackson, Bridges and Smith",Marshall Islands,1417,True
https://king.org,org,1,16,0,0,0,2,0,Anderson Ltd,Yemen,4981,True
http://robinson.net,net,0,19,0,0,0,2,1,Romero Group,Tokelau,3107,True
http://perry.ar,ar,0,15,0,0,0,2,0,Campbell-Foley,Sierra Leone,1396,False
http://mccormick.com,com,0,20,0,0,0,2,0,Holmes LLC,San Marino,3307,True
https://adams.biz,biz,1,17,0,0,0,2,0,Baker-Carter,Cote d'Ivoire,4241,False
https://smith-reid.org,org,1,22,1,0,0,2,0,Leblanc-Frye,Finland,5438,False
http://morales.org,org,0,18,0,0,0,2,1,Sweeney-Mahoney,Belgium,5225,False
https://romero-drake.org,org,1,24,1,0,0,2,0,Small-Glenn,Wallis and Futuna,6367,False
http://roberts-smith.com,com,0,24,1,0,0,2,0,Fowler-Bates,Mexico,7113,True
http://smith.ar,ar,0,15,0,0,0,2,1,Stevens-King,Martinique,5211,False
https://carter-norman.com,com,1,25,1,0,0,2,1,Mathews-Romero,Latvia,4943,False
http://kelly-perez.dev,dev,0,22,1,0,0,2,0,Cunningham-Rogers,Kyrgyz Republic,5812,False
http://jackson.gov,gov,0,18,0,0,0,2,0,Simmons-Snyder,Afghanistan,6065,True
http://ramsey.info,info,0,18,0,0,0,2,0,Wilcox-Bennett,Sri Lanka,1689,False
https://myers.info,info,1,18,0,0,0,2,1,"Howard, Wall and Carroll",New Zealand,7043,False
https://solomon.dev,dev,1,19,0,0,0,2,1,"Santiago, Ryan and Craig",Pakistan,6906,True
http://green.ar,ar,0,15,0,0,0,2,0,Lin-Harris,Mauritania,2682,True
https://stanton.gov,gov,1,19,0,0,0,2,1,Evans Inc,Guernsey,3150,False
https://lee.gov,gov,1,15,0,0,0,2,1,Nelson-Elliott,Guatemala,6652,True
http://welch.net,net,0,16,0,0,0,2,0,Goodman-Rodriguez,Armenia,681,True
https://ponce-blake.gov,gov,1,23,1,0,0,2,0,"White, Brown and Perez",Mali,7213,True
https://kelly.info,info,1,18,0,0,0,2,1,"Lopez, Orr and Beard",American Samoa,1987,False
http://hayes.edu,edu,0,16,0,0,0,2,1,Gross LLC,Mauritius,1016,False
https://montgomery.gov,gov,1,22,0,0,0,2,1,Perez PLC,Papua New Guinea,4951,False
https://li.biz,biz,1,14,0,0,0,2,0,Simmons-Espinoza,Norway,2444,False
https://carr.dev,dev,1,16,0,0,0,2,0,Walters-Richard,Tajikistan,1828,True
https://strickland-hancock.info,info,1,31,1,0,0,2,0,Reynolds Inc,Cayman Islands,3448,False
https://morris.io,io,1,17,0,0,0,2,1,"Richardson, Duncan and Hunter",Fiji,2822,True
https://sullivan-rivers.edu,edu,1,27,1,0,0,2,1,Powell-Lang,Taiwan,6342,False
https://williams.com,com,1,20,0,0,0,2,1,Graves Inc,Cayman Islands,5381,False
https://berry.gov,gov,1,17,0,0,0,2,1,Bailey-Rodgers,Kiribati,5251,False
http://james.gov,gov,0,16,0,0,0,2,1,"Nichols, Vasquez and Fischer",Gabon,4120,False
http://williams.io,io,0,18,0,0,0,2,0,"Mason, Liu and Hayes",Lao People's Democratic Republic,6956,False
https://perkins-conway.biz,biz,1,26,1,0,0,2,0,Brown Inc,Uganda,1418,False
http://diaz-young.edu,edu,0,21,1,0,0,2,0,"Fowler, Hammond and Cortez",Uruguay,6674,True
http://gill.gov,gov,0,15,0,0,0,2,1,Mason-Adams,Mauritania,4548,False
http://leach.edu,edu,0,16,0,0,0,2,0,Jensen Ltd,Jamaica,5394,False
https://richards-waller.ar,ar,1,26,1,0,0,2,1,Carter Group,Djibouti,3901,False
http://johnson.edu,edu,0,18,0,0,0,2,1,Rogers Ltd,Pitcairn Islands,6512,False
https://bruce-larsen.dev,dev,1,24,1,0,0,2,1,Anderson LLC,Australia,406,False
http://brown.info,info,0,17,0,0,0,2,1,Charles and Sons,Mali,843,True
http://floyd-nelson.net,net,0,23,1,0,0,2,1,Green-Ayala,Lao People's Democratic Republic,5036,False
http://mcdaniel.edu,edu,0,19,0,0,0,2,0,Duncan PLC,Nepal,6165,True
https://bond-martin.io,io,1,22,1,0,0,2,0,Simon-Fisher,Sao Tome and Principe,6933,False
http://davis.gov,gov,0,16,0,0,0,2,0,Foster Ltd,Mongolia,1050,True
http://simpson.info,info,0,19,0,0,0,2,1,Barry-Carlson,Burundi,5863,True
https://juarez.ar,ar,1,17,0,0,0,2,0,"Smith, Harris and Jones",Fiji,2611,False
https://carter.org,org,1,18,0,0,0,2,1,Sandoval and Sons,Congo,6153,False
http://howard.net,net,0,17,0,0,0,2,0,"Jensen, Johnson and Rivera",San Marino,2048,False
https://thomas.gov,gov,1,18,0,0,0,2,0,Bowman-Lee,Saint Lucia,980,True
http://gibson.net,net,0,17,0,0,0,2,1,Davis and Sons,Italy,543,False
https://smith.biz,biz,1,17,0,0,0,2,0,Smith PLC,Gambia,631,True
http://harrington.edu,edu,0,21,0,0,0,2,1,Miller-Middleton,Lebanon,5798,False
http://delacruz.gov,gov,0,19,0,0,0,2,1,"Rowland, Rosales and Schneider",Namibia,1975,False
https://martinez-marquez.gov,gov,1,28,1,0,0,2,1,Huynh PLC,Dominican Republic,3343,True
https://garcia.com,com,1,18,0,0,0,2,0,Smith Ltd,Switzerland,5085,False
http://frank-brown.biz,biz,0,22,1,0,0,2,0,Allen Inc,Sudan,3331,True
http://williams.biz,biz,0,19,0,0,0,2,1,"Mitchell, Johnston and Robinson",Nigeria,7289,True
https://johns.net,net,1,17,0,0,0,2,1,"Smith, Leblanc and Holden",Saudi Arabia,607,False
http://kelley.ar,ar,0,16,0,0,0,2,0,"Edwards, Murphy and Carson",Bouvet Island (Bouvetoya),2857,False
http://reyes.info,info,0,17,0,0,0,2,1,"Johnson, Adkins and Ellison",Timor-Leste,6695,False
http://phillips.net,net,0,19,0,0,0,2,1,"Mullins, Wilson and Wolf",New Caledonia,4650,True
https://herring-white.org,org,1,25,1,0,0,2,1,Underwood-Osborne,South Georgia and the South Sandwich Islands,3021,False
http://sutton-walker.net,net,0,24,1,0,0,2,1,"Griffin, Thomas and White",Kyrgyz Republic,3080,False
http://maxwell-garrett.ar,ar,0,25,1,0,0,2,1,"Perkins, Thompson and Norris",Iceland,571,True
http://gordon-hunter.info,info,0,25,1,0,0,2,0,"Williamson, Hunt and Owen",Netherlands,6108,True
http://williams-kelly.ar,ar,0,24,1,0,0,2,0,Swanson-Wallace,Haiti,825,True
http://matthews-smith.net,net,0,25,1,0,0,2,0,Zamora-Harris,Bangladesh,707,False
http://robinson-collins.gov,gov,0,27,1,0,0,2,0,Cohen-Ponce,Libyan Arab Jamahiriya,4369,False
http://price-levy.info,info,0,22,1,0,0,2,0,Luna-Klein,Mali,502,True
http://delgado.io,io,0,17,0,0,0,2,1,Morales-Palmer,Albania,864,False
http://wood.ar,ar,0,14,0,0,0,2,0,Mclaughlin-Taylor,Colombia,1379,True
http://mcclure-garcia.org,org,0,25,1,0,0,2,1,Hill LLC,Svalbard & Jan Mayen Islands,6651,False
https://mason-bell.gov,gov,1,22,1,0,0,2,1,"Lopez, Ramos and Watson",Guinea,4758,True
http://petersen-hensley.gov,gov,0,27,1,0,0,2,0,"Green, Watson and Flowers",Heard Island and McDonald Islands,2825,False
http://bennett-alvarez.org,org,0,26,1,0,0,2,0,"Miller, Jordan and Johnson",Guyana,3221,False
https://mccann-mitchell.edu,edu,1,27,1,0,0,2,0,Carr Inc,Belize,596,True
http://gardner.ar,ar,0,17,0,0,0,2,1,Dean-Brooks,Pakistan,4454,False
https://cruz-stout.com,com,1,22,1,0,0,2,1,Maldonado PLC,Iceland,1732,False
https://davis.net,net,1,17,0,0,0,2,0,"Gomez, Webb and Shaw",Palau,1571,True
https://pham-meyers.edu,edu,1,23,1,0,0,2,1,Cooper-Baxter,Namibia,6982,True
https://jackson.net,net,1,19,0,0,0,2,1,"Howard, Jones and Tran",Tuvalu,1926,False
https://davis-garner.net,net,1,24,1,0,0,2,1,Sims-Hood,Bulgaria,6840,False
http://bush.dev,dev,0,15,0,0,0,2,1,Williams LLC,Aruba,3980,False
http://smith.info,info,0,17,0,0,0,2,1,"Brown, Johnson and Miller",Switzerland,7131,False
https://davis-lawson.dev,dev,1,24,1,0,0,2,0,"Whitaker, Kelly and Fuller",Guernsey,6237,True
http://juarez-welch.org,org,0,23,1,0,0,2,0,Evans and Sons,Austria,542,True
https://stewart.ar,ar,1,18,0,0,0,2,1,"Ward, Wolf and Chandler",Qatar,870,False
https://miller-garcia.gov,gov,1,25,1,0,0,2,0,Zhang-Mcmahon,Armenia,4952,True
http://moran.info,info,0,17,0,0,0,2,0,Ortiz PLC,Djibouti,1739,False
https://moore.io,io,1,16,0,0,0,2,0,"Brown, Rose and Davis",Saint Helena,4477,False
http://dunn-smith.net,net,0,21,1,0,0,2,1,Mayer Ltd,Netherlands,1897,True
http://ryan.org,org,0,15,0,0,0,2,1,"Reyes, Howard and Anderson",Bhutan,5169,False
http://clark-gray.io,io,0,20,1,0,0,2,1,Ellis Ltd,Grenada,3777,True
https://ruiz-frank.edu,edu,1,22,1,0,0,2,1,Lee-Alexander,Iceland,6135,False
https://sampson.io,io,1,18,0,0,0,2,0,Baker-Hernandez,Tunisia,3040,True
http://stafford.ar,ar,0,18,0,0,0,2,1,"Gonzales, Crosby and Hernandez",Algeria,3453,True
http://perez.com,com,0,16,0,0,0,2,0,"Thompson, Herrera and Bush",Israel,1047,True
https://smith.net,net,1,17,0,0,0,2,0,Allen PLC,Ecuador,2570,True
https://lewis.gov,gov,1,17,0,0,0,2,1,Garcia PLC,Niue,4926,False
http://schultz.biz,biz,0,18,0,0,0,2,1,Roberts Inc,Portugal,7292,False
https://avila-bradley.info,info,1,26,1,0,0,2,0,"Villanueva, Anderson and Obrien",Jordan,2642,True
http://turner.io,io,0,16,0,0,0,2,1,"Rosario, Larson and Cherry",Senegal,4444,True
http://walker.com,com,0,17,0,0,0,2,1,Haynes-Wheeler,Anguilla,3292,True
https://roberts.io,io,1,18,0,0,0,2,1,Thomas-Carroll,Anguilla,4234,False
https://lewis-olson.biz,biz,1,23,1,0,0,2,1,Adams Ltd,India,6538,True
http://adams.com,com,0,16,0,0,0,2,0,"Hardin, Brooks and Gordon",Seychelles,4487,False
https://pratt.ar,ar,1,16,0,0,0,2,0,Castaneda-Mcdowell,Hungary,4947,False
https://davis.biz,biz,1,17,0,0,0,2,1,Goodwin Ltd,Tonga,3546,True
https://simmons.io,io,1,18,0,0,0,2,0,Bradley-Moore,Austria,6210,True
https://santana.io,io,1,18,0,0,0,2,1,"Prince, Oneill and Johnston",Niue,2572,False
http://rice.com,com,0,15,0,0,0,2,0,Mata Ltd,Lesotho,6428,True
https://wiggins.gov,gov,1,19,0,0,0,2,1,Travis Ltd,Bouvet Island (Bouvetoya),4904,True
http://hernandez-brooks.edu,edu,0,27,1,0,0,2,1,Frazier-Walker,Yemen,511,True
https://dunn-walker.dev,dev,1,23,1,0,0,2,1,Thomas and Sons,Moldova,513,True
http://griffin.biz,biz,0,18,0,0,0,2,0,Frost-Gonzales,Faroe Islands,2487,False
http://bryant.biz,biz,0,17,0,0,0,2,0,"Decker, Acosta and Cooper",Gibraltar,6849,True
https://leonard.info,info,1,20,0,0,0,2,1,Taylor-Wilson,Malawi,3893,True
http://riddle.dev,dev,0,17,0,0,0,2,1,Wong-Berg,Paraguay,2537,True
http://king.gov,gov,0,15,0,0,0,2,0,Farmer-Bowen,Jersey,4777,False
http://parsons.dev,dev,0,18,0,0,0,2,1,"Rodriguez, Anderson and Ellis",Senegal,6704,False
https://sellers.org,org,1,19,0,0,0,2,1,Hernandez-Mccoy,Liechtenstein,2916,True
https://mcgrath.org,org,1,19,0,0,0,2,1,"Hanson, Guerrero and Montoya",Qatar,6542,False
http://gray-levy.gov,gov,0,20,1,0,0,2,0,Sherman PLC,Spain,926,True
http://brown-rivera.io,io,0,22,1,0,0,2,0,"Stephens, Gross and Nguyen",Falkland Islands (Malvinas),5311,True
https://foster-austin.dev,dev,1,25,1,0,0,2,0,Woods PLC,Fiji,3533,False
http://estrada-jacobs.info,info,0,26,1,0,0,2,0,Johnson Inc,Somalia,5100,True
http://walters.info,info,0,19,0,0,0,2,1,Miranda Ltd,Benin,2863,True
http://wilson.org,org,0,17,0,0,0,2,0,"Baker, Hale and Rangel",Bouvet Island (Bouvetoya),3257,True
https://morgan-lopez.info,info,1,25,1,0,0,2,0,Vance PLC,Croatia,5839,False
https://johnson.net,net,1,19,0,0,0,2,1,Adams Inc,South Africa,5815,False
https://harrington-brock.net,net,1,28,1,0,0,2,1,Ramirez-Farley,Samoa,6889,True
http://jones.org,org,0,16,0,0,0,2,0,Brooks-Gordon,Burundi,738,True
https://hurst.com,com,1,17,0,0,0,2,0,Strickland Group,Jordan,6219,True
https://smith.dev,dev,1,17,0,0,0,2,0,Walsh-Choi,Timor-Leste,1394,False
http://martin.edu,edu,0,17,0,0,0,2,1,Drake-Roberts,San Marino,4678,False
https://harper.org,org,1,18,0,0,0,2,0,Nguyen and Sons,Haiti,1457,False
http://smith.io,io,0,15,0,0,0,2,0,Stewart-Young,Ukraine,6837,False
http://taylor-charles.org,org,0,25,1,0,0,2,0,Evans-Nguyen,Saint Martin,2098,True
https://kelly.io,io,1,16,0,0,0,2,1,Evans-Peters,France,5659,True
http://coleman-sanchez.info,info,0,27,1,0,0,2,0,"Anderson, Lopez and Harrison",Fiji,775,False
http://thomas.gov,gov,0,17,0,0,0,2,1,"Phillips, Peterson and Carpenter",French Polynesia,5034,True
http://kennedy.info,info,0,19,0,0,0,2,1,Webster-Orozco,Niue,7031,False
https://vasquez-walls.org,org,1,25,1,0,0,2,0,"Zamora, Diaz and West",Saint Pierre and Miquelon,1191,True
http://evans.gov,gov,0,16,0,0,0,2,1,Cannon and Sons,Spain,4466,False
https://ferguson.edu,edu,1,20,0,0,0,2,0,"Miller, Lambert and Shah",Saint Pierre and Miquelon,779,True
https://warren-gutierrez.org,org,1,28,1,0,0,2,1,Thompson LLC,Latvia,903,False
http://hogan.dev,dev,0,16,0,0,0,2,0,Simmons-Maynard,Kyrgyz Republic,4792,True
http://perez.net,net,0,16,0,0,0,2,0,"Sharp, Lynch and Contreras",Guinea-Bissau,3214,False
http://hansen.ar,ar,0,16,0,0,0,2,0,"Hansen, Booth and Gonzales",Tanzania,6913,False
https://burton.biz,biz,1,18,0,0,0,2,1,"Shea, Ortiz and Hughes",Saudi Arabia,5794,False
http://cruz.io,io,0,14,0,0,0,2,0,"Vega, Cobb and Garcia",Vietnam,5500,True
https://anderson-sandoval.ar,ar,1,28,1,0,0,2,1,Aguirre-Walker,Sierra Leone,7093,True
http://parker-sanchez.io,io,0,24,1,0,0,2,0,Williams Ltd,United States Virgin Islands,1006,False
http://mcknight.ar,ar,0,18,0,0,0,2,0,"Stone, Clark and Montgomery",Guatemala,3933,True
http://perez.edu,edu,0,16,0,0,0,2,1,"Rodriguez, Garcia and Grant",Uganda,5553,True
http://santos.io,io,0,16,0,0,0,2,0,West-Davis,Nigeria,3823,True
http://barrera-aguilar.io,io,0,25,1,0,0,2,1,Clark Inc,Macao,2117,False
https://peterson.info,info,1,21,0,0,0,2,1,"Gardner, Baker and Long",Hungary,5053,True
http://hernandez.net,net,0,20,0,0,0,2,1,"Charles, Le and Wagner",Malta,5070,True
https://davidson-ritter.com,com,1,27,1,0,0,2,0,"Jones, Wade and Simpson",Bangladesh,5309,True
https://roberts.com,com,1,19,0,0,0,2,0,Erickson Inc,Myanmar,2401,False
https://simpson-morton.io,io,1,25,1,0,0,2,0,Robbins Inc,Rwanda,1496,True
http://reed.dev,dev,0,15,0,0,0,2,1,Tapia and Sons,Turkey,6527,True
https://walsh.gov,gov,1,17,0,0,0,2,1,Lyons-Clarke,Togo,6749,True
http://keller.info,info,0,18,0,0,0,2,0,Briggs-Leblanc,British Indian Ocean Territory (Chagos Archipelago),3543,True
http://johnson-wells.gov,gov,0,24,1,0,0,2,0,Peterson-Allen,Qatar,1633,False
http://gaines.biz,biz,0,17,0,0,0,2,0,Gates-Lowe,Heard Island and McDonald Islands,5404,True
http://martin.dev,dev,0,17,0,0,0,2,1,"Brown, Phillips and Ponce",Puerto Rico,1768,False
https://smith.net,net,1,17,0,0,0,2,0,May-Glover,Papua New Guinea,2261,False
http://stone.info,info,0,17,0,0,0,2,0,Richardson Group,El Salvador,1994,True
https://sullivan.dev,dev,1,20,0,0,0,2,1,Fry and Sons,Jordan,2054,False
http://reed.info,info,0,16,0,0,0,2,1,"Martin, Thompson and Holmes",South Georgia and the South Sandwich Islands,877,True
http://matthews.io,io,0,18,0,0,0,2,1,"Butler, Howard and Shelton",Bulgaria,5887,False
https://massey.com,com,1,18,0,0,0,2,0,Mckee-Curry,Colombia,7218,True
https://fischer-matthews.edu,edu,1,28,1,0,0,2,0,"Gibson, Martinez and Sosa",Mayotte,1587,True
http://lozano.info,info,0,18,0,0,0,2,0,"Ortiz, Coleman and Jackson",Zimbabwe,5073,False
http://luna-martinez.com,com,0,24,1,0,0,2,0,Thompson-Deleon,Poland,5164,True
https://mckee-miller.biz,biz,1,24,1,0,0,2,0,Pratt LLC,Ghana,5372,False
https://alvarez.ar,ar,1,18,0,0,0,2,0,"Matthews, Smith and Villarreal",Angola,4065,False
http://green.net,net,0,16,0,0,0,2,1,"Gomez, Black and Nielsen",Ecuador,5011,True
http://washington-jones.io,io,0,26,1,0,0,2,1,Kelly-Brown,Portugal,4344,False
http://solis-clark.ar,ar,0,21,1,0,0,2,1,Walker PLC,Philippines,1952,True
https://decker.com,com,1,18,0,0,0,2,0,"Bryant, Parker and Hood",Suriname,1527,False
https://hendrix.com,com,1,19,0,0,0,2,1,"Dunn, Burton and Lindsey",Pitcairn Islands,5520,False
http://clark.info,info,0,17,0,0,0,2,1,Acosta-Perez,Senegal,3780,False
http://cervantes-harmon.dev,dev,0,27,1,0,0,2,1,Stephenson Inc,Tonga,2932,True
http://howard.gov,gov,0,17,0,0,0,2,1,Lynn PLC,Niger,5063,False
http://jones.ar,ar,0,15,0,0,0,2,0,Thompson PLC,Saudi Arabia,6879,False
http://miller.info,info,0,18,0,0,0,2,1,Lee-Johnson,Bahamas,5644,True
https://gilbert-flores.dev,dev,1,26,1,0,0,2,0,Reyes-Torres,Macao,646,True
https://watson.gov,gov,1,18,0,0,0,2,1,Lewis-Combs,Belarus,1834,False
https://moore-ward.com,com,1,22,1,0,0,2,1,Miller Ltd,Swaziland,977,True
https://allen.ar,ar,1,16,0,0,0,2,0,Scott Inc,Turkey,6542,False
http://watkins.org,org,0,18,0,0,0,2,0,Clark-Thompson,Falkland Islands (Malvinas),1325,True
http://gomez.dev,dev,0,16,0,0,0,2,1,George Ltd,Croatia,1837,True
https://watson.dev,dev,1,18,0,0,0,2,0,Hanna LLC,Barbados,5894,True
https://olson.ar,ar,1,16,0,0,0,2,0,"Herman, Shepard and Powell",Reunion,3159,False
https://whitaker.info,info,1,21,0,0,0,2,0,"Mendez, Campbell and Daniels",Uganda,6629,False
https://nichols-davis.gov,gov,1,25,1,0,0,2,0,"Owen, Smith and Mccarthy",Italy,1567,False
http://johnson.org,org,0,18,0,0,0,2,1,Diaz-Smith,Montenegro,5787,False
https://ryan.biz,biz,1,16,0,0,0,2,0,Lloyd PLC,Brazil,6407,False
https://roberts.ar,ar,1,18,0,0,0,2,1,Rodgers-Maddox,Saint Pierre and Miquelon,3760,False
https://myers-hernandez.edu,edu,1,27,1,0,0,2,1,"Rosales, Anderson and Black",Niue,3840,True
https://flores.edu,edu,1,18,0,0,0,2,1,"Hughes, Brooks and Hansen",Afghanistan,4731,True
https://carpenter.net,net,1,21,0,0,0,2,1,"Serrano, Beard and Jones",Thailand,2149,False
https://davis.biz,biz,1,17,0,0,0,2,0,Wilson PLC,Argentina,1939,False
http://flores.ar,ar,0,16,0,0,0,2,1,"Adams, Duarte and Long",Botswana,547,True
https://daniels.net,net,1,19,0,0,0,2,1,Snyder-Williamson,Eritrea,4912,False
https://johnson.ar,ar,1,18,0,0,0,2,0,Payne Ltd,India,3177,True
https://sullivan.org,org,1,20,0,0,0,2,1,"Ramirez, Rodgers and Matthews",Azerbaijan,5921,True
https://byrd.info,info,1,17,0,0,0,2,0,Gross and Sons,Oman,4311,True
https://russo.io,io,1,16,0,0,0,2,0,Walker-Suarez,Djibouti,2490,True
https://gonzales-herrera.edu,edu,1,28,1,0,0,2,1,Mendoza-Alexander,Qatar,3511,False
https://wilson-bryant.info,info,1,26,1,0,0,2,0,Robinson Group,North Macedonia,3574,False
http://clay.dev,dev,0,15,0,0,0,2,1,"Gamble, Long and Watkins",Lebanon,6439,False
https://evans-little.gov,gov,1,24,1,0,0,2,1,Mann LLC,Vanuatu,6658,False
https://hernandez.org,org,1,21,0,0,0,2,1,"Summers, Holder and Lee",Germany,4578,True
http://harris.io,io,0,16,0,0,0,2,1,"Jordan, Henry and Hernandez",Fiji,7229,False
https://jacobson.com,com,1,20,0,0,0,2,1,"Koch, Andrews and Tapia",Sri Lanka,3243,False
https://estes.io,io,1,16,0,0,0,2,0,Stanley LLC,Belize,2366,True
https://norris-collins.ar,ar,1,25,1,0,0,2,0,"Mills, Kennedy and Little",Djibouti,5564,True
http://sanders-guerra.ar,ar,0,24,1,0,0,2,0,Carroll-Martin,Fiji,6486,True
https://martin.net,net,1,18,0,0,0,2,1,"Freeman, Stevenson and Lozano",Tanzania,5406,True
http://brock.org,org,0,16,0,0,0,2,0,Sanchez-Alvarez,Thailand,4083,False
http://rivers-odom.gov,gov,0,22,1,0,0,2,0,"Davies, Lee and Hoffman",Bahrain,5203,False
https://moore.dev,dev,1,17,0,0,0,2,1,"Allison, Anderson and Pineda",Saint Vincent and the Grenadines,4347,False
https://wells.io,io,1,16,0,0,0,2,0,Caldwell LLC,Chad,5093,False
https://green.gov,gov,1,17,0,0,0,2,1,Maddox-Farrell,Djibouti,1902,False
http://gonzales.org,org,0,19,0,0,0,2,0,Williams Group,Panama,6351,False
http://coleman.gov,gov,0,18,0,0,0,2,0,Bell-Smith,Benin,4925,False
https://martinez-carney.ar,ar,1,26,1,0,0,2,1,"Evans, Mcguire and Potter",India,849,False
http://walton.org,org,0,17,0,0,0,2,1,Sweeney-Tyler,Saudi Arabia,4750,True
http://herman.dev,dev,0,17,0,0,0,2,1,Knight PLC,Kenya,6119,False
http://caldwell.dev,dev,0,19,0,0,0,2,1,"Ford, Alexander and Proctor",Gabon,5997,False
http://weiss.io,io,0,15,0,0,0,2,0,"Villa, Phelps and Clay",Saint Kitts and Nevis,5491,False
https://stone.ar,ar,1,16,0,0,0,2,1,Adams PLC,Trinidad and Tobago,5783,False
http://johnson.gov,gov,0,18,0,0,0,2,0,"Ruiz, Williams and Donaldson",Ecuador,3536,False
https://hess-atkinson.gov,gov,1,25,1,0,0,2,0,Kline LLC,Cocos (Keeling) Islands,5336,False
https://medina.net,net,1,18,0,0,0,2,1,Wallace Inc,Australia,2783,True
http://smith-cross.edu,edu,0,22,1,0,0,2,0,Haas-Watts,Swaziland,5527,False
https://mendoza.com,com,1,19,0,0,0,2,1,Reed-May,Norway,962,False
http://hall.org,org,0,15,0,0,0,2,1,Pham Group,Mongolia,1814,True
http://terry-jones.org,org,0,22,1,0,0,2,1,"Williams, French and Hall",Paraguay,2383,False
http://harvey.edu,edu,0,17,0,0,0,2,1,Patterson-Perez,Trinidad and Tobago,6475,False
https://russell-randolph.io,io,1,27,1,0,0,2,1,Holder-Rowe,Malaysia,7123,True
https://morton.io,io,1,17,0,0,0,2,1,Skinner-King,Panama,3617,False
https://yang.com,com,1,16,0,0,0,2,0,"Smith, Schultz and Ferguson",Cambodia,6616,True
http://goodwin.ar,ar,0,17,0,0,0,2,0,Sloan-Hernandez,Malta,6175,True
http://green-phillips.com,com,0,25,1,0,0,2,1,Parker Ltd,Jersey,5536,True
http://anderson.biz,biz,0,19,0,0,0,2,0,Martinez and Sons,Iraq,6152,True
http://quinn.biz,biz,0,16,0,0,0,2,1,Obrien-Williams,Japan,3403,False
https://farmer-murray.biz,biz,1,25,1,0,0,2,1,"Massey, Schroeder and Strong",Falkland Islands (Malvinas),673,False
http://johnson-ibarra.net,net,0,25,1,0,0,2,1,Lopez-Richardson,Cameroon,2083,False
http://chapman-hunter.biz,biz,0,25,1,0,0,2,1,Brown LLC,Puerto Rico,1242,True
http://garrison-pacheco.gov,gov,0,27,1,0,0,2,1,"Barrera, Padilla and Shannon",Bahamas,4006,True
https://davis.gov,gov,1,17,0,0,0,2,1,"Baker, Monroe and King",Falkland Islands (Malvinas),6460,False
https://pearson.com,com,1,19,0,0,0,2,0,Garcia-Harris,Serbia,6215,False
http://perkins-holt.net,net,0,23,1,0,0,2,1,Rodriguez Ltd,Guatemala,5637,True
https://brown-jones.info,info,1,24,1,0,0,2,0,Baker Group,Maldives,3777,False
http://shaw-hill.dev,dev,0,20,1,0,0,2,0,Yu Group,Bosnia and Herzegovina,2440,True
https://scott.net,net,1,17,0,0,0,2,1,"Rodriguez, Thompson and Arnold",Central African Republic,2766,False
https://young.net,net,1,17,0,0,0,2,1,Bowers Inc,Nicaragua,1661,False
http://lopez-davenport.edu,edu,0,26,1,0,0,2,1,"Martinez, Dean and Pineda",Iran,1103,True
http://norris.ar,ar,0,16,0,0,0,2,1,"Hudson, Swanson and Dean",Grenada,860,True
http://martin-gardner.org,org,0,25,1,0,0,2,1,Nichols PLC,Austria,3299,False
https://white.info,info,1,18,0,0,0,2,1,"Scott, Olson and Rose",Guinea,6951,True
http://flores.org,org,0,17,0,0,0,2,1,"Smith, Barton and Hamilton",Palau,2290,True
http://hernandez.org,org,0,20,0,0,0,2,0,Collier and Sons,Cayman Islands,5302,False
https://bell-sutton.info,info,1,24,1,0,0,2,1,Smith Ltd,Malta,4347,False
http://drake-fox.info,info,0,21,1,0,0,2,0,Patel-Coffey,Honduras,1859,True
https://valencia.edu,edu,1,20,0,0,0,2,0,Romero-Clark,Paraguay,3301,True
http://zhang.io,io,0,15,0,0,0,2,1,Wilson Group,Maldives,6408,True
https://sanders.io,io,1,18,0,0,0,2,0,Jacobs PLC,Guadeloupe,5441,True
https://thomas.biz,biz,1,18,0,0,0,2,1,"Fernandez, Butler and Villegas",Cape Verde,6342,False
http://durham-davis.biz,biz,0,23,1,0,0,2,0,Owen-Rush,Germany,2621,True
http://byrd.com,com,0,15,0,0,0,2,0,"Cortez, Webb and Murillo",Timor-Leste,1730,True
https://lee.edu,edu,1,15,0,0,0,2,1,"Cameron, Lopez and Frank",Israel,1045,False
https://patterson.org,org,1,21,0,0,0,2,1,Griffin and Sons,Australia,4519,True
http://morton-green.dev,dev,0,23,1,0,0,2,1,Washington-Kelly,Romania,6137,False
https://davis.edu,edu,1,17,0,0,0,2,1,Morgan PLC,Kiribati,1293,False
https://castillo.biz,biz,1,20,0,0,0,2,0,"Pruitt, Davis and Walker",Czech Republic,4762,False
http://villarreal.info,info,0,22,0,0,0,2,1,"Mccarthy, Campbell and Brown",Maldives,3126,True
https://villegas-doyle.com,com,1,26,1,0,0,2,0,"Hoffman, Fuentes and Barnes",Belarus,574,True
http://clark-martinez.biz,biz,0,25,1,0,0,2,0,Gonzalez PLC,India,3450,False
http://meyers.net,net,0,17,0,0,0,2,0,Martin Group,Singapore,6007,False
https://hart.com,com,1,16,0,0,0,2,0,Jennings Ltd,Guyana,6198,False
http://brooks.io,io,0,16,0,0,0,2,0,Maldonado-Miller,Sudan,6508,True
http://brewer.edu,edu,0,17,0,0,0,2,1,Jordan Inc,Greenland,1545,False
http://gaines.org,org,0,17,0,0,0,2,1,King Ltd,Holy See (Vatican City State),6595,True
https://harris.info,info,1,19,0,0,0,2,1,Bolton-White,Malta,5640,True
http://lara.org,org,0,15,0,0,0,2,0,Roth-Powell,Mongolia,1852,False
https://horton.dev,dev,1,18,0,0,0,2,0,Young-Vasquez,Mongolia,4003,False
http://padilla.net,net,0,18,0,0,0,2,0,Acevedo LLC,Japan,4903,True
https://irwin-stanley.ar,ar,1,24,1,0,0,2,0,"Jones, Stevens and Cole",Mali,2277,False
http://jordan.io,io,0,16,0,0,0,2,0,Velasquez Ltd,Guinea-Bissau,792,False
http://martinez-hill.net,net,0,24,1,0,0,2,0,Franklin-Baker,Mauritius,6514,False
http://lawrence-richmond.io,io,0,27,1,0,0,2,0,Warner LLC,Afghanistan,4874,True
https://beck.dev,dev,1,16,0,0,0,2,0,Adams and Sons,Lithuania,6567,True
http://fields.info,info,0,18,0,0,0,2,0,"Baker, Martinez and Davis",Tokelau,1366,True
http://stewart-stone.net,net,0,24,1,0,0,2,0,"Santos, Cooper and Snyder",Bahrain,1868,True
http://pugh.net,net,0,15,0,0,0,2,0,Gonzalez-Williams,Guinea,2212,False
https://rich-allen.org,org,1,22,1,0,0,2,1,Jennings and Sons,Thailand,6830,True
https://ochoa.io,io,1,16,0,0,0,2,1,Navarro Ltd,Mauritius,4716,False
https://shepard.edu,edu,1,19,0,0,0,2,1,Garcia Ltd,Turkmenistan,7166,False
http://sanders.gov,gov,0,18,0,0,0,2,1,"Thornton, Castro and David",Iraq,1609,True
http://maynard.io,io,0,17,0,0,0,2,1,"Henry, Davis and Schultz",Germany,6615,False
http://moran-glover.info,info,0,24,1,0,0,2,0,"Jones, Olson and Rodriguez",Nauru,4478,True
http://kirk.ar,ar,0,14,0,0,0,2,1,"Haynes, Kim and Maldonado",Lesotho,1751,True
http://acevedo.org,org,0,18,0,0,0,2,0,Garcia Ltd,Puerto Rico,5039,False
http://flowers.ar,ar,0,17,0,0,0,2,1,Castaneda PLC,Antigua and Barbuda,675,False
http://walker.net,net,0,17,0,0,0,2,1,Gonzales LLC,Romania,2580,True
http://howard.ar,ar,0,16,0,0,0,2,1,"Francis, Miller and Rose",Zambia,1782,True
http://grimes.dev,dev,0,17,0,0,0,2,1,Vazquez-Blair,Saint Pierre and Miquelon,4865,True
http://cobb.io,io,0,14,0,0,0,2,1,Rodriguez-Parrish,Bosnia and Herzegovina,3667,True
http://graham.io,io,0,16,0,0,0,2,0,"Guerrero, Long and Bailey",Estonia,3541,False
https://young-walters.org,org,1,25,1,0,0,2,0,Sims-Martinez,Suriname,4979,True
https://cowan.io,io,1,16,0,0,0,2,0,Crane LLC,Guernsey,5816,True
https://buckley-williams.info,info,1,29,1,0,0,2,0,"Thomas, Gallagher and Wilson",Wallis and Futuna,6209,True
http://thomas.info,info,0,18,0,0,0,2,0,Jennings-West,Poland,3544,False
https://brown.info,info,1,18,0,0,0,2,1,"Campbell, White and Sims",Senegal,4671,True
http://velazquez.com,com,0,20,0,0,0,2,0,Rivera LLC,Kiribati,3001,True
https://clark-pierce.net,net,1,24,1,0,0,2,0,Matthews-Sanchez,Timor-Leste,2278,False
http://bass.biz,biz,0,15,0,0,0,2,0,Wilson Ltd,Barbados,5100,True
https://cisneros.io,io,1,19,0,0,0,2,1,Martinez-Burns,Chile,894,True
http://west-tucker.ar,ar,0,21,1,0,0,2,1,Maldonado-Green,Slovenia,4560,False
https://smith.dev,dev,1,17,0,0,0,2,1,Delgado-Taylor,Timor-Leste,3828,True
https://baker-christian.info,info,1,28,1,0,0,2,0,"Davis, Bradley and Myers",Norway,5464,False
https://cook.dev,dev,1,16,0,0,0,2,0,"Perez, Smith and Guerrero",Norfolk Island,2966,False
https://cooper.org,org,1,18,0,0,0,2,0,"Barr, Morgan and Thompson",Micronesia,6234,False
http://young-pollard.net,net,0,24,1,0,0,2,0,"Boyle, Morris and Green",Azerbaijan,468,True
https://phillips.com,com,1,20,0,0,0,2,0,Mccarthy-Knight,Montserrat,1440,False
http://garcia-jackson.dev,dev,0,25,1,0,0,2,1,Richardson-Jenkins,Tonga,4937,True
http://king.ar,ar,0,14,0,0,0,2,0,"Reese, Underwood and Lewis",Dominica,3325,True
https://jensen.biz,biz,1,18,0,0,0,2,1,Ray-White,Kuwait,2462,False
http://jones.org,org,0,16,0,0,0,2,0,Jones-Oconnell,Mauritius,878,True
http://herrera.edu,edu,0,18,0,0,0,2,1,"Bonilla, Martin and Wood",Armenia,2341,True
https://solomon-allen.com,com,1,25,1,0,0,2,0,Ramsey-Lee,Kenya,5989,False
http://coleman.io,io,0,17,0,0,0,2,1,Fitzpatrick Group,Tunisia,3611,False
http://harris.com,com,0,17,0,0,0,2,1,"King, Brown and Hamilton",Nicaragua,2158,True
http://sampson-west.dev,dev,0,23,1,0,0,2,1,"Knight, Jackson and Smith",Albania,6720,True
https://morris-prince.io,io,1,24,1,0,0,2,1,Osborne-Jackson,Haiti,4783,True
https://watson.biz,biz,1,18,0,0,0,2,0,Mcintyre-Roth,Myanmar,2067,True
https://garcia.biz,biz,1,18,0,0,0,2,0,Brooks-Charles,Grenada,3395,True
http://griffin-randolph.org,org,0,27,1,0,0,2,0,Gordon Ltd,Dominica,2103,False
http://cummings.org,org,0,19,0,0,0,2,0,Campbell-Tran,Armenia,1305,False
http://ryan.io,io,0,14,0,0,0,2,0,Morales-Williams,Lao People's Democratic Republic,6924,True
http://taylor.edu,edu,0,17,0,0,0,2,0,Aguilar Inc,Bahrain,1893,True
http://silva.io,io,0,15,0,0,0,2,0,"Bautista, Barrett and Clark",Colombia,5090,True
https://wilson.ar,ar,1,17,0,0,0,2,0,Rojas Group,Uzbekistan,7031,True
http://mccullough-salinas.dev,dev,0,29,1,0,0,2,0,"Ross, Ayala and Matthews",Finland,6962,True
http://bell.info,info,0,16,0,0,0,2,1,Brown Group,Spain,5823,False
http://brown-bates.edu,edu,0,22,1,0,0,2,0,King-Jones,Haiti,4715,True
https://nelson.com,com,1,18,0,0,0,2,0,Vasquez PLC,Angola,3518,True
http://martin.ar,ar,0,16,0,0,0,2,0,"Campbell, Johnson and Jackson",Antarctica (the territory South of 60 deg S),512,False
https://smith.dev,dev,1,17,0,0,0,2,1,Brennan-Meyer,Russian Federation,1318,False
https://ramos.ar,ar,1,16,0,0,0,2,0,Stevens-Mccoy,Mali,540,True
http://carpenter.dev,dev,0,20,0,0,0,2,0,Murphy Ltd,Hungary,4233,False
https://cummings.gov,gov,1,20,0,0,0,2,0,Rojas-Mayer,Bahamas,888,False
https://wright.gov,gov,1,18,0,0,0,2,0,"Green, Johnson and Atkins",British Indian Ocean Territory (Chagos Archipelago),937,False
https://nelson-griffin.edu,edu,1,26,1,0,0,2,0,Hall-Schmidt,Nepal,3542,False
http://cook-johnson.edu,edu,0,23,1,0,0,2,1,Ortiz-Ross,Brazil,4749,False
https://castro.info,info,1,19,0,0,0,2,1,White Group,Oman,5981,False
https://koch.biz,biz,1,16,0,0,0,2,0,Sullivan PLC,Nepal,6527,False
http://bates-perez.dev,dev,0,22,1,0,0,2,1,Bautista Group,Bhutan,6558,False
https://williams.edu,edu,1,20,0,0,0,2,0,Brown-Smith,Liechtenstein,5720,False
http://jackson-lee.gov,gov,0,22,1,0,0,2,0,Rowland-Edwards,El Salvador,6486,True
http://crawford.dev,dev,0,19,0,0,0,2,1,"Russell, Turner and Compton",Niger,4686,False
https://martin.com,com,1,18,0,0,0,2,1,Hudson-Walker,Liberia,6855,False
http://martinez-weaver.org,org,0,26,1,0,0,2,1,Bishop-Moore,Antarctica (the territory South of 60 deg S),758,True
http://hernandez.com,com,0,20,0,0,0,2,0,"Choi, Rogers and Frank",Kiribati,1220,True
https://anderson.org,org,1,20,0,0,0,2,0,"Fleming, Harrington and Mcpherson",Taiwan,2730,False
https://wilson.dev,dev,1,18,0,0,0,2,1,"Sheppard, Green and Blair",Isle of Man,6811,True
https://rios.org,org,1,16,0,0,0,2,1,"Robertson, Boyer and Johnson",Saint Barthelemy,4564,False
https://williams.edu,edu,1,20,0,0,0,2,1,Sellers-Griffith,Cook Islands,5393,True
http://peterson.io,io,0,18,0,0,0,2,0,Aguilar Inc,Cape Verde,5111,True
http://ryan.info,info,0,16,0,0,0,2,0,"Flores, Nelson and Cole",Denmark,2266,False
https://horn-jordan.dev,dev,1,23,1,0,0,2,0,Pham-Perez,Indonesia,750,False
http://lucas.org,org,0,16,0,0,0,2,0,"Smith, Herring and Harris",Reunion,2691,False
https://brown-carrillo.dev,dev,1,26,1,0,0,2,1,Hammond-Herrera,Macao,2654,False
https://nguyen-moody.edu,edu,1,24,1,0,0,2,0,"Quinn, Mcbride and Anderson",El Salvador,1016,True
https://evans-johnson.biz,biz,1,25,1,0,0,2,1,Graves-Gonzales,Guam,3551,False
https://houston.com,com,1,19,0,0,0,2,0,"Evans, Fuller and Murphy",Monaco,3298,False
https://peterson.edu,edu,1,20,0,0,0,2,1,Thomas-Torres,Moldova,6416,True
http://watson.net,net,0,17,0,0,0,2,1,Moore Ltd,Costa Rica,5711,False
http://ortiz-weaver.edu,edu,0,23,1,0,0,2,0,Lopez-Hicks,Slovakia (Slovak Republic),3486,False
http://west.com,com,0,15,0,0,0,2,1,Weeks and Sons,Macao,4538,True
http://walker.dev,dev,0,17,0,0,0,2,0,Roman and Sons,Nigeria,3220,True
https://garcia-stewart.net,net,1,26,1,0,0,2,0,Evans-Wright,Armenia,1808,True
http://gross.edu,edu,0,16,0,0,0,2,0,Morgan-Lee,Dominican Republic,1311,False
https://stone-baker.edu,edu,1,23,1,0,0,2,0,Warner-Nelson,Azerbaijan,6050,False
http://harris-hill.dev,dev,0,22,1,0,0,2,0,Cortez-Jones,Guadeloupe,3106,True
http://hill.ar,ar,0,14,0,0,0,2,1,"Shields, Ho and Alvarez",Iran,6898,True
https://woods.ar,ar,1,16,0,0,0,2,1,Yu-Martinez,Syrian Arab Republic,4295,True
https://alexander.org,org,1,21,0,0,0,2,0,Carroll-Hanson,Mali,1972,True
https://ortiz-gonzalez.edu,edu,1,26,1,0,0,2,0,Roberts Inc,El Salvador,4834,False
http://tanner.net,net,0,17,0,0,0,2,1,Garcia-Rodgers,Mozambique,6400,False
http://oconnor-chapman.dev,dev,0,26,1,0,0,2,1,Webb-Hendrix,South Georgia and the South Sandwich Islands,1914,True
https://cortez.edu,edu,1,18,0,0,0,2,0,"Wilson, Joseph and Barnes",Slovakia (Slovak Republic),6853,False
http://walsh-davenport.net,net,0,26,1,0,0,2,1,Myers-Conley,Nicaragua,1193,True
http://brown.gov,gov,0,16,0,0,0,2,1,Leach Group,Myanmar,4153,True
http://harrington.net,net,0,21,0,0,0,2,0,"Horton, Williams and Lee",Ireland,570,False
https://torres.dev,dev,1,18,0,0,0,2,0,Silva-Martin,Singapore,4840,True
http://ballard.org,org,0,18,0,0,0,2,0,Farley LLC,Guinea-Bissau,2296,False
http://miller.dev,dev,0,17,0,0,0,2,0,"Walton, Jones and Hart",Cayman Islands,4776,True
https://harris.io,io,1,17,0,0,0,2,0,"Weeks, Brown and Ewing",Monaco,5097,False
http://payne-pope.dev,dev,0,21,1,0,0,2,0,Mccoy LLC,Bosnia and Herzegovina,3746,False
http://gonzalez.dev,dev,0,19,0,0,0,2,0,Ward Ltd,United Kingdom,2573,True
https://heath.net,net,1,17,0,0,0,2,0,"Nichols, Mclaughlin and Fletcher",Albania,4530,True
http://king.io,io,0,14,0,0,0,2,1,Smith-Pierce,Guinea,6773,True
https://carroll.gov,gov,1,19,0,0,0,2,1,Rodriguez LLC,Canada,921,True
https://campos.com,com,1,18,0,0,0,2,0,"Russell, Anderson and Cruz",Honduras,6439,True
https://payne-hall.dev,dev,1,22,1,0,0,2,0,"Griffin, Black and Bryant",Burundi,4328,True
http://porter.edu,edu,0,17,0,0,0,2,0,"Wiley, Kelley and Lopez",Latvia,4549,False
http://jones.dev,dev,0,16,0,0,0,2,0,Montoya and Sons,Montserrat,1187,True
https://vargas-willis.io,io,1,24,1,0,0,2,1,Stone Inc,Svalbard & Jan Mayen Islands,5159,True
http://mckinney.org,org,0,19,0,0,0,2,0,Owens and Sons,Somalia,4368,True
https://schneider.biz,biz,1,21,0,0,0,2,1,Flores-Johnson,Tokelau,1320,True
https://jordan.ar,ar,1,17,0,0,0,2,1,Baker-Walton,Mali,2416,True
https://higgins.info,info,1,20,0,0,0,2,0,"Reed, Estrada and Johnson",Benin,4663,False
http://jones.org,org,0,16,0,0,0,2,0,Fuller-Morgan,Jordan,6881,True
https://cook-stuart.ar,ar,1,22,1,0,0,2,1,"Wheeler, Brown and Mcintosh",Panama,5135,False
http://kennedy.gov,gov,0,18,0,0,0,2,1,Guerrero-Ball,Denmark,4748,False
http://marsh-peck.edu,edu,0,21,1,0,0,2,1,Griffith Inc,Guinea-Bissau,6709,False
https://martin-wilson.org,org,1,25,1,0,0,2,0,Robinson LLC,United States Virgin Islands,4961,False
http://anderson.org,org,0,19,0,0,0,2,0,"Poole, Taylor and Stein",Congo,701,False
http://cole.biz,biz,0,15,0,0,0,2,0,Smith Inc,Zimbabwe,3910,False
https://robles-villa.edu,edu,1,24,1,0,0,2,1,Rubio PLC,Ghana,3309,False
http://payne-davis.info,info,0,23,1,0,0,2,1,Fowler-Moreno,Syrian Arab Republic,2025,False
https://wright-hernandez.io,io,1,27,1,0,0,2,1,Quinn LLC,Denmark,608,False
https://baker-dodson.info,info,1,25,1,0,0,2,0,"Davidson, Wright and Guerra",Guam,5882,False
https://hoffman.net,net,1,19,0,0,0,2,1,"Patterson, Shaffer and Tate",United States Virgin Islands,4744,True
https://hunt.com,com,1,16,0,0,0,2,1,"Gonzalez, Hill and Vargas",Djibouti,6741,True
https://bradley.io,io,1,18,0,0,0,2,0,"Kim, Joyce and Tyler",Sweden,4141,False
https://young-jenkins.gov,gov,1,25,1,0,0,2,0,Smith LLC,Austria,6444,False
http://andrade.org,org,0,18,0,0,0,2,0,Rivera Inc,Kyrgyz Republic,6676,False
http://wong-moon.ar,ar,0,19,1,0,0,2,1,Simpson-Montgomery,Iraq,5000,False
https://williams-zhang.edu,edu,1,26,1,0,0,2,0,Barr-Flores,Jersey,4505,False
http://brooks-farrell.net,net,0,25,1,0,0,2,1,King-Rush,United States Virgin Islands,3090,False
https://stephens-rodriguez.gov,gov,1,30,1,0,0,2,1,Hanna-Mason,Christmas Island,4483,True
https://miller-garcia.info,info,1,26,1,0,0,2,1,Campbell Ltd,Zambia,5447,True
https://gilbert.com,com,1,19,0,0,0,2,1,"Lawrence, Armstrong and Beard",Lebanon,1488,False
http://long-walters.org,org,0,23,1,0,0,2,0,"Stein, Walker and Avery",Swaziland,3972,False
https://jones.org,org,1,17,0,0,0,2,0,"West, Harper and Johnson",Saint Helena,5461,True
https://moore-mosley.edu,edu,1,24,1,0,0,2,1,Smith LLC,Croatia,4313,False
https://gregory.io,io,1,18,0,0,0,2,0,"Hanson, Thornton and Church",Botswana,3678,False
https://mason-larsen.biz,biz,1,24,1,0,0,2,1,"Adams, Winters and Flores",Samoa,4288,False
https://williamson-kelly.dev,dev,1,28,1,0,0,2,0,"Rogers, Koch and Ward",United Kingdom,6565,True
http://rhodes.dev,dev,0,17,0,0,0,2,0,Stevens LLC,Spain,2636,True
http://turner.io,io,0,16,0,0,0,2,0,Kline-Patel,Turkey,5843,False
http://burton-cole.com,com,0,22,1,0,0,2,1,Perry-Massey,Japan,5603,False
http://morris.dev,dev,0,17,0,0,0,2,1,"Morris, Smith and Poole",Ethiopia,2729,True
https://reed.io,io,1,15,0,0,0,2,0,Williams LLC,Guam,5699,True
https://cummings.io,io,1,19,0,0,0,2,0,Leonard-Stephens,Japan,3571,False
https://phillips.dev,dev,1,20,0,0,0,2,1,"Wallace, Lee and Simpson",Bangladesh,7210,False
http://cherry.io,io,0,16,0,0,0,2,1,Castaneda PLC,Dominican Republic,6925,False
https://walters-scott.net,net,1,25,1,0,0,2,1,"Brown, Campbell and Barrett",China,7200,False
https://martinez.org,org,1,20,0,0,0,2,1,"Atkins, Matthews and Jones",Denmark,699,True
https://blair.org,org,1,17,0,0,0,2,1,Hughes Ltd,South Georgia and the South Sandwich Islands,6086,True
https://holland.dev,dev,1,19,0,0,0,2,1,Williams-Raymond,New Zealand,5876,False
http://simmons.io,io,0,17,0,0,0,2,1,Thomas-Williams,Belarus,6260,True
http://santos.net,net,0,17,0,0,0,2,0,Haynes LLC,Senegal,4471,True
https://hammond-brown.edu,edu,1,25,1,0,0,2,1,"Hale, Carter and Young",Norfolk Island,1161,False
http://hughes.gov,gov,0,17,0,0,0,2,0,"Young, Jackson and King",Kenya,4778,False
https://white.info,info,1,18,0,0,0,2,0,"Reynolds, Rosales and George",Brazil,2089,True
https://graham.com,com,1,18,0,0,0,2,1,Stewart and Sons,Sudan,7000,True
http://mcdonald-smith.com,com,0,25,1,0,0,2,0,"Harrington, Brewer and Vasquez",Niger,6172,True
https://banks.biz,biz,1,17,0,0,0,2,1,"Jones, Smith and Garcia",Singapore,1013,True
http://yu.biz,biz,0,13,0,0,0,2,0,Mccarthy-Freeman,Malaysia,1588,False
http://gates.net,net,0,16,0,0,0,2,0,Rogers-Thomas,Burkina Faso,6185,False
http://hall-salazar.org,org,0,23,1,0,0,2,0,Woods and Sons,Djibouti,2229,True
http://osborne.info,info,0,19,0,0,0,2,1,"Daniel, James and Long",Micronesia,3453,True
https://white-hall.ar,ar,1,21,1,0,0,2,1,"Murphy, Coleman and Rivera",Tokelau,4306,False
https://reeves.biz,biz,1,18,0,0,0,2,0,Carlson PLC,Belarus,3950,False
https://villa-alvarez.com,com,1,25,1,0,0,2,0,"Hamilton, Garrett and Sparks",Niue,5381,True
https://reynolds.io,io,1,19,0,0,0,2,0,Sandoval Inc,Bahamas,6234,True
http://kramer-garcia.ar,ar,0,23,1,0,0,2,0,"Williams, Blake and Stewart",Romania,3336,False
https://ellis.gov,gov,1,17,0,0,0,2,1,"Morrison, Mullen and Wright",British Indian Ocean Territory (Chagos Archipelago),6237,True
https://lee.dev,dev,1,15,0,0,0,2,1,"Carpenter, Chapman and Arias",Wallis and Futuna,3233,False
https://diaz.ar,ar,1,15,0,0,0,2,1,"Oneill, Brown and Brennan",Heard Island and McDonald Islands,4780,False
https://duncan-banks.ar,ar,1,23,1,0,0,2,1,Washington Inc,Antarctica (the territory South of 60 deg S),1932,True
http://buckley-adams.io,io,0,23,1,0,0,2,1,Dean Inc,Puerto Rico,1372,True
http://taylor.io,io,0,16,0,0,0,2,1,Robbins-Fields,Saint Helena,1100,True
https://gonzalez.ar,ar,1,19,0,0,0,2,0,"Johnson, Johnson and Chaney",El Salvador,3208,False
https://hall.ar,ar,1,15,0,0,0,2,1,Johnson Inc,Anguilla,6060,True
http://carroll-poole.ar,ar,0,23,1,0,0,2,1,"Nolan, Decker and Roy",Guadeloupe,5905,True
http://hunter.biz,biz,0,17,0,0,0,2,1,Duffy-Villanueva,Northern Mariana Islands,6907,True
http://williams-williams.biz,biz,0,28,1,0,0,2,0,Caldwell LLC,Switzerland,990,False
https://fitzpatrick.ar,ar,1,22,0,0,0,2,0,Smith Ltd,Grenada,4053,True
http://hartman.io,io,0,17,0,0,0,2,0,"Briggs, Matthews and Mcmahon",Dominica,6438,True
https://anderson-manning.gov,gov,1,28,1,0,0,2,0,"Sanders, Pope and Reed",Rwanda,6047,True
http://wright-miller.io,io,0,23,1,0,0,2,1,Nichols-Andrade,Ghana,2438,True
https://peterson-ramirez.edu,edu,1,28,1,0,0,2,1,Bentley Group,Mayotte,410,False
http://newman.com,com,0,17,0,0,0,2,1,Johnson and Sons,Christmas Island,4062,False
http://haney.net,net,0,16,0,0,0,2,0,Sharp and Sons,Czech Republic,789,True
https://preston-gallegos.io,io,1,27,1,0,0,2,0,Wilson-White,Lesotho,4419,True
http://cole-perry.io,io,0,20,1,0,0,2,0,Aguilar-Hicks,Seychelles,3832,False
https://gray.info,info,1,17,0,0,0,2,0,"Garrett, Gould and Webster",British Virgin Islands,1530,False
https://reeves.edu,edu,1,18,0,0,0,2,1,Potter and Sons,Brazil,1905,False
http://alvarez-gray.edu,edu,0,23,1,0,0,2,1,"Barnes, Greene and Mcgrath",Lao People's Democratic Republic,6004,True
http://graham.biz,biz,0,17,0,0,0,2,0,Murillo-Berg,Afghanistan,1214,False
http://scott-buckley.biz,biz,0,24,1,0,0,2,1,"Roberts, Gonzales and Smith",South Africa,5938,True
http://bates.edu,edu,0,16,0,0,0,2,0,Turner Ltd,Bolivia,3469,False
https://manning.biz,biz,1,19,0,0,0,2,1,Gill-Vargas,Israel,6528,False
http://harper.net,net,0,17,0,0,0,2,1,Lee and Sons,Ecuador,1465,False
https://colon-tapia.biz,biz,1,23,1,0,0,2,1,"Lyons, Hill and Ross",Bangladesh,5828,True
http://garcia.ar,ar,0,16,0,0,0,2,1,Wood PLC,Cuba,1464,False
http://greer.io,io,0,15,0,0,0,2,1,Phillips Group,Singapore,3853,False
https://bradford-velasquez.net,net,1,30,1,0,0,2,0,"Brown, Norris and Mcguire",Kiribati,4510,True
http://vasquez.net,net,0,18,0,0,0,2,1,Brady-Peterson,Honduras,5207,True
http://cantrell.info,info,0,20,0,0,0,2,0,Adams LLC,Ireland,1033,False
http://elliott.org,org,0,18,0,0,0,2,1,"Martin, Montgomery and Parker",Croatia,2967,True
http://mason.info,info,0,17,0,0,0,2,0,Wong Group,United Arab Emirates,1725,True
https://barrera.info,info,1,20,0,0,0,2,0,Washington-Walker,Saint Martin,6521,False
https://luna.dev,dev,1,16,0,0,0,2,0,"Berger, West and Kim",Sierra Leone,2799,False
http://jackson.edu,edu,0,18,0,0,0,2,0,Martinez Ltd,Mexico,1587,False
https://williams.com,com,1,20,0,0,0,2,0,Hughes Inc,Saudi Arabia,1975,False
http://mathis.com,com,0,17,0,0,0,2,0,Massey Ltd,Liberia,5350,True
http://jones.edu,edu,0,16,0,0,0,2,1,Jimenez Ltd,Israel,6386,False
https://singh-jackson.com,com,1,25,1,0,0,2,1,Horton LLC,Bahamas,3641,False
http://rush.net,net,0,15,0,0,0,2,0,"Moore, Saunders and Vasquez",Luxembourg,7098,False
http://potter.edu,edu,0,17,0,0,0,2,1,"West, Mitchell and Taylor",Saint Vincent and the Grenadines,6306,False
http://pacheco.gov,gov,0,18,0,0,0,2,0,Cohen-Cunningham,Pitcairn Islands,1982,True
https://benjamin-cole.edu,edu,1,25,1,0,0,2,1,Martinez-Gibson,Turkey,596,False
https://vega-curry.ar,ar,1,21,1,0,0,2,0,Cook-Wright,Kiribati,4348,True
http://hendricks-johnson.edu,edu,0,28,1,0,0,2,0,Collins and Sons,Cyprus,3112,False
https://carroll.com,com,1,19,0,0,0,2,0,"Black, Rodriguez and Wood",Ethiopia,2655,False
https://vincent-brown.dev,dev,1,25,1,0,0,2,1,Esparza-Powell,Sao Tome and Principe,7012,True
https://fisher.biz,biz,1,18,0,0,0,2,1,"Scott, Lucas and Holt",Cote d'Ivoire,4180,True
http://stone.com,com,0,16,0,0,0,2,0,Krueger-Dudley,Puerto Rico,2661,False
https://finley-smith.io,io,1,23,1,0,0,2,0,"Mathews, Maxwell and Clark",Cayman Islands,1130,False
http://barr.io,io,0,14,0,0,0,2,1,Reynolds-West,Mali,3596,True
https://macdonald.org,org,1,21,0,0,0,2,1,Hill Ltd,Venezuela,5120,True
https://ellis.edu,edu,1,17,0,0,0,2,0,Morgan Inc,United States Virgin Islands,6260,True
http://davis.org,org,0,16,0,0,0,2,1,Silva Group,Dominica,793,True
https://smith-sosa.net,net,1,22,1,0,0,2,1,"Harris, Bender and White",Gabon,5915,False
http://white.info,info,0,17,0,0,0,2,1,"Gonzalez, Taylor and Mcclain",Germany,4745,False
http://gonzalez-richards.edu,edu,0,28,1,0,0,2,1,Dawson Group,Ukraine,4149,False
http://noble.net,net,0,16,0,0,0,2,0,Velazquez-Pierce,Liechtenstein,6457,True
http://velazquez.biz,biz,0,20,0,0,0,2,1,Jackson and Sons,French Southern Territories,5676,True
http://james.org,org,0,16,0,0,0,2,1,Wood and Sons,Madagascar,524,True
https://jones-garcia.org,org,1,24,1,0,0,2,0,"Castillo, Richardson and Williams",Ethiopia,3553,True
http://king.biz,biz,0,15,0,0,0,2,0,Taylor-Silva,Turks and Caicos Islands,3860,True
http://james-lewis.gov,gov,0,22,1,0,0,2,1,Manning Inc,India,1223,True
https://dunn.info,info,1,17,0,0,0,2,0,Grant Group,Pakistan,3362,True
https://lin.net,net,1,15,0,0,0,2,0,"Schmidt, Strickland and Smith",Belarus,2430,True
http://ortega.info,info,0,18,0,0,0,2,0,"Moran, Mills and Miller",Puerto Rico,5061,False
https://oliver-williams.com,com,1,27,1,0,0,2,1,"Peterson, Thomas and Medina",Saint Barthelemy,1911,True
https://bishop.org,org,1,18,0,0,0,2,0,Rivera-Castillo,Greece,2629,False
https://cooper.io,io,1,17,0,0,0,2,0,Holder-Nash,Swaziland,1131,False
https://jones.com,com,1,17,0,0,0,2,0,"Mclaughlin, Schaefer and Bailey",United States Virgin Islands,525,False
https://mejia.com,com,1,17,0,0,0,2,1,Hooper PLC,Malta,2618,True
https://benitez.dev,dev,1,19,0,0,0,2,1,Pittman-Vaughan,Palau,5309,False
http://bird-lee.net,net,0,19,1,0,0,2,0,Williams Inc,Hungary,6846,True
http://morrow-gordon.net,net,0,24,1,0,0,2,0,Navarro PLC,Saint Martin,3196,False
https://bradley.io,io,1,18,0,0,0,2,1,Phillips Ltd,Holy See (Vatican City State),3086,True
https://price-greer.com,com,1,23,1,0,0,2,1,Park Group,Netherlands Antilles,6496,True
http://stevens.ar,ar,0,17,0,0,0,2,0,Little-Russo,Greece,5519,True
https://morse.dev,dev,1,17,0,0,0,2,1,Miller LLC,Kiribati,5067,True
https://smith.biz,biz,1,17,0,0,0,2,1,"Ferguson, Thompson and Gutierrez",Sudan,822,True
http://lynch-wagner.net,net,0,23,1,0,0,2,1,"Tucker, Alexander and Nichols",Bosnia and Herzegovina,3692,False
http://klein.info,info,0,17,0,0,0,2,1,"Jones, Malone and Gill",Ecuador,5271,True
https://griffith.gov,gov,1,20,0,0,0,2,1,"Mckenzie, Kim and Moore",Palestinian Territory,1721,False
http://mathews.ar,ar,0,17,0,0,0,2,1,Wall-Smith,Ukraine,1716,False
http://wells.ar,ar,0,15,0,0,0,2,0,Archer-Lee,American Samoa,1530,False
http://valdez-davis.gov,gov,0,23,1,0,0,2,0,Williams PLC,Sri Lanka,5330,False
http://douglas-kaufman.net,net,0,26,1,0,0,2,0,"Freeman, Olson and Lin",Serbia,5978,True
https://jimenez.ar,ar,1,18,0,0,0,2,0,"Delgado, Grimes and Reyes",Wallis and Futuna,6498,False
https://jones.io,io,1,16,0,0,0,2,0,Wyatt Ltd,Liechtenstein,1408,True
http://hubbard-perry.info,info,0,25,1,0,0,2,0,Frazier-Collins,Guinea,1071,True
https://mccoy.ar,ar,1,16,0,0,0,2,0,"Bautista, Preston and Jordan",Peru,4015,True
http://phillips.net,net,0,19,0,0,0,2,0,Wright-Johnson,Benin,2423,True
https://sullivan.net,net,1,20,0,0,0,2,0,"Hernandez, Smith and Wood",Madagascar,3112,False
http://greer.net,net,0,16,0,0,0,2,1,"Carney, Keller and Barajas",Switzerland,3438,True
https://coleman.info,info,1,20,0,0,0,2,1,Farmer Inc,Wallis and Futuna,2321,True
https://graves.gov,gov,1,18,0,0,0,2,0,Pratt-Charles,Pakistan,6699,True
http://montgomery.ar,ar,0,20,0,0,0,2,1,"Coleman, Brooks and Fields",Azerbaijan,6254,False
https://beard.ar,ar,1,16,0,0,0,2,0,"Rodriguez, Mcintyre and Miller",Madagascar,5130,False
http://cross.net,net,0,16,0,0,0,2,0,King LLC,Switzerland,2697,False
http://perez.org,org,0,16,0,0,0,2,1,"Young, George and Larsen",Falkland Islands (Malvinas),5225,False
https://brown-morris.com,com,1,24,1,0,0,2,0,"Martinez, Hurst and Mckinney",Bermuda,6517,False
http://choi.dev,dev,0,15,0,0,0,2,0,Walsh-Johnson,Kenya,3927,False
http://galvan.net,net,0,17,0,0,0,2,1,Mcconnell LLC,Aruba,4112,False
https://keith.info,info,1,18,0,0,0,2,0,"Baker, Rodgers and Lester",Anguilla,3981,True
http://gibson.com,com,0,17,0,0,0,2,1,Johnson-Taylor,Pakistan,1531,False
http://oliver-powell.info,info,0,25,1,0,0,2,0,Rodriguez-Fisher,Anguilla,731,False
https://jones.info,info,1,18,0,0,0,2,1,"Flynn, Kelley and Johnson",United States Virgin Islands,7112,False
http://smith.biz,biz,0,16,0,0,0,2,1,"Terry, Nash and Medina",Swaziland,3768,False
http://pierce-prince.edu,edu,0,24,1,0,0,2,0,"Smith, Parker and Jensen",South Georgia and the South Sandwich Islands,6095,False
http://martin-stevens.dev,dev,0,25,1,0,0,2,0,"Ray, Robinson and Lewis",Swaziland,5604,False
http://francis.gov,gov,0,18,0,0,0,2,1,"Taylor, Russell and Barnett",Morocco,3213,True
http://stone.dev,dev,0,16,0,0,0,2,1,Wilkins-Khan,Bolivia,5098,False
http://flynn.dev,dev,0,16,0,0,0,2,0,Lowery-Montgomery,Saint Vincent and the Grenadines,3511,True
http://stevens-espinoza.info,info,0,28,1,0,0,2,1,"Saunders, Abbott and Barnes",Burundi,6732,False
https://brown.edu,edu,1,17,0,0,0,2,0,Torres-Burke,Philippines,1551,True
http://francis.edu,edu,0,18,0,0,0,2,1,Harris-Nunez,Solomon Islands,5364,True
https://harding.edu,edu,1,19,0,0,0,2,1,"Rodgers, Armstrong and Young",Namibia,4840,False
https://graves-olson.io,io,1,23,1,0,0,2,0,"Lopez, Brock and Miller",Guinea,5932,True
https://lee-juarez.ar,ar,1,21,1,0,0,2,1,"Peterson, Ibarra and Baker",Samoa,970,False
https://brown.edu,edu,1,17,0,0,0,2,0,"French, Anderson and Webster",Isle of Man,1343,True
http://gomez.info,info,0,17,0,0,0,2,1,Yates Inc,Zimbabwe,5853,False
http://gregory.biz,biz,0,18,0,0,0,2,0,Cook PLC,Turkmenistan,2493,True
http://pena.edu,edu,0,15,0,0,0,2,0,Walker-Reynolds,Montenegro,5911,False
http://sosa.biz,biz,0,15,0,0,0,2,0,"Hoover, Burnett and Kelly",Tokelau,4379,False
http://powers-garcia.info,info,0,25,1,0,0,2,0,Allen PLC,Poland,3341,True
http://gilmore.io,io,0,17,0,0,0,2,0,"Christensen, Raymond and Briggs",Cayman Islands,1212,True
http://cunningham-cortez.info,info,0,29,1,0,0,2,0,Hodges-Thomas,Pakistan,4155,False
http://yates.io,io,0,15,0,0,0,2,1,"Wilkerson, Williams and Johnson",Egypt,1252,True
http://coleman-smith.ar,ar,0,23,1,0,0,2,0,Buckley Group,Saint Barthelemy,5235,False
https://aguilar.gov,gov,1,19,0,0,0,2,0,Sanchez-Huang,Slovakia (Slovak Republic),2900,False
http://smith.io,io,0,15,0,0,0,2,1,Barrera PLC,Estonia,7209,True
https://fox.edu,edu,1,15,0,0,0,2,0,Padilla and Sons,Haiti,6843,True
http://jones-bentley.info,info,0,25,1,0,0,2,1,Keith-Carter,Comoros,5941,False
http://thomas.biz,biz,0,17,0,0,0,2,1,Carter-Washington,Belgium,5414,True
http://hicks.dev,dev,0,16,0,0,0,2,0,"Martin, Ritter and Martinez",Slovakia (Slovak Republic),806,True
https://carlson.com,com,1,19,0,0,0,2,0,Wells-Williams,Germany,1742,False
https://stevens.com,com,1,19,0,0,0,2,0,"Harris, Richardson and Oneal",New Zealand,3565,False
https://hurley.edu,edu,1,18,0,0,0,2,1,Rogers-Scott,Isle of Man,453,False
http://waters.ar,ar,0,16,0,0,0,2,0,Alvarez and Sons,Israel,6613,False
https://esparza-mcdonald.ar,ar,1,27,1,0,0,2,1,"Hunt, Brown and Cochran",Uzbekistan,2167,True
http://barker.ar,ar,0,16,0,0,0,2,0,Johnson and Sons,Lithuania,4891,False
https://butler-rodriguez.biz,biz,1,28,1,0,0,2,1,Giles LLC,South Africa,3979,True
http://poole.dev,dev,0,16,0,0,0,2,1,"Mills, Hayes and Morris",Sweden,4652,True
http://sanchez.info,info,0,19,0,0,0,2,0,Hill Inc,Pitcairn Islands,5172,True
https://conley.org,org,1,18,0,0,0,2,0,"Hooper, Ramsey and Neal",Algeria,6301,False
http://logan.ar,ar,0,15,0,0,0,2,1,"Daugherty, Smith and Adams",Senegal,6573,False
http://henson-johnson.net,net,0,25,1,0,0,2,0,Rose and Sons,British Virgin Islands,2712,False
http://dunn-kirk.edu,edu,0,20,1,0,0,2,0,Jones Inc,Nigeria,3528,False
https://white.com,com,1,17,0,0,0,2,0,"Cole, Smith and Flores",British Indian Ocean Territory (Chagos Archipelago),5475,True
https://medina.io,io,1,17,0,0,0,2,1,"Miller, Simon and Acosta",Angola,2558,False
https://morales.net,net,1,19,0,0,0,2,0,Reyes Ltd,Libyan Arab Jamahiriya,508,True
http://brown.edu,edu,0,16,0,0,0,2,0,"Bishop, Whitehead and Collins",United States Virgin Islands,530,False
https://browning.io,io,1,19,0,0,0,2,0,Sullivan-Williams,Benin,3431,False
http://calhoun.org,org,0,18,0,0,0,2,1,Crawford LLC,Bhutan,1363,True
http://gillespie.dev,dev,0,20,0,0,0,2,1,"Gonzalez, Harris and Garcia",Greece,1333,True
http://castillo.net,net,0,19,0,0,0,2,0,Ramirez Inc,Kenya,6612,False
https://roberts-hardy.com,com,1,25,1,0,0,2,0,Hall-Thornton,Christmas Island,6200,True
https://shields.ar,ar,1,18,0,0,0,2,0,Johnson-Johnson,Yemen,3799,True
https://blake-sandoval.info,info,1,27,1,0,0,2,0,"Roberts, Hill and Simpson",Tanzania,2581,True
https://jones.ar,ar,1,16,0,0,0,2,1,Miller-Butler,Cyprus,4399,False
http://singleton.ar,ar,0,19,0,0,0,2,0,Gordon-Graves,Central African Republic,4386,True
http://porter-hardin.ar,ar,0,23,1,0,0,2,0,"Myers, Gill and Lindsey",Ghana,6132,True
https://wilkinson.net,net,1,21,0,0,0,2,1,"Campbell, King and Ali",Tuvalu,3781,True
http://williams.dev,dev,0,19,0,0,0,2,0,Turner-Phillips,Algeria,2874,True
https://jones-bryant.dev,dev,1,24,1,0,0,2,1,"Zimmerman, Barron and Cruz",Finland,5020,True
http://gentry.dev,dev,0,17,0,0,0,2,1,"Baker, Mendez and Adams",Ghana,6906,True
https://kelly.io,io,1,16,0,0,0,2,0,"Ellison, Schultz and Beltran",Saint Kitts and Nevis,3751,True
https://howe.ar,ar,1,15,0,0,0,2,0,Sanchez PLC,Cameroon,3870,False
http://jackson.ar,ar,0,17,0,0,0,2,1,Ruiz-West,Luxembourg,6299,False
http://king-jackson.biz,biz,0,23,1,0,0,2,1,Burgess-Carlson,Gibraltar,1204,True
http://may-dunn.edu,edu,0,19,1,0,0,2,0,Davis-Ferguson,Guernsey,2099,True
http://waller.biz,biz,0,17,0,0,0,2,1,"Cooper, Freeman and Phillips",Slovenia,6293,False
http://martinez.info,info,0,20,0,0,0,2,1,"Pierce, Sandoval and Reed",Pakistan,5794,True
https://robertson-edwards.net,net,1,29,1,0,0,2,1,Harris Ltd,Eritrea,4315,True
https://guerrero.io,io,1,19,0,0,0,2,1,"Stevenson, May and Ramirez",Jordan,5515,False
https://thompson-smith.org,org,1,26,1,0,0,2,1,"Morales, Allison and Craig",New Caledonia,3793,True
https://santos.com,com,1,18,0,0,0,2,1,Thompson-Stewart,Iceland,378,True
http://edwards.edu,edu,0,18,0,0,0,2,1,Kidd-Garrison,Uganda,435,False
https://johnson.net,net,1,19,0,0,0,2,0,Cook-Guzman,Saint Martin,4294,True
https://ramsey.biz,biz,1,18,0,0,0,2,1,Santos PLC,Madagascar,1812,True
https://bullock-oneill.gov,gov,1,26,1,0,0,2,1,"Hernandez, Morrison and Gomez",Barbados,5263,False
https://moreno.com,com,1,18,0,0,0,2,0,"Shah, Smith and Hinton",Ukraine,5710,False
http://frank-mccann.org,org,0,23,1,0,0,2,0,Lopez-Dennis,Falkland Islands (Malvinas),954,False
https://mccall.edu,edu,1,18,0,0,0,2,0,Hall Group,Angola,5240,False
http://joyce-adams.com,com,0,22,1,0,0,2,1,"Ali, Gardner and Parker",Saint Barthelemy,6597,True
https://bolton.org,org,1,18,0,0,0,2,0,Vargas-Smith,Turks and Caicos Islands,6823,False
https://anderson.io,io,1,19,0,0,0,2,0,Wilson-Mcknight,Myanmar,703,False
http://white-logan.io,io,0,21,1,0,0,2,1,Coleman-Johnson,Liechtenstein,4434,False
http://knight-matthews.edu,edu,0,26,1,0,0,2,0,Lawson-Burns,Australia,3609,False
https://hall.dev,dev,1,16,0,0,0,2,1,"Franklin, Williams and Morrow",Moldova,4856,False
https://robinson.info,info,1,21,0,0,0,2,0,Martin-Martinez,Morocco,2523,False
https://george.com,com,1,18,0,0,0,2,0,"Douglas, Buckley and Guzman",Egypt,6567,False
http://knight-johnson.dev,dev,0,25,1,0,0,2,0,Garner Inc,Reunion,6576,False
https://holloway.ar,ar,1,19,0,0,0,2,0,Hopkins-Cain,Bolivia,3127,False
http://williams.ar,ar,0,18,0,0,0,2,1,Patel-Wagner,Isle of Man,6761,True
https://richardson.edu,edu,1,22,0,0,0,2,0,"Wallace, Snow and Hernandez",Oman,1410,True
https://hardy.gov,gov,1,17,0,0,0,2,0,Swanson and Sons,Niue,3272,True
https://gonzalez.dev,dev,1,20,0,0,0,2,0,Jenkins Group,Kiribati,2987,True
http://gonzalez-brown.info,info,0,26,1,0,0,2,1,Griffith-Santos,Sweden,470,True
https://clark.io,io,1,16,0,0,0,2,0,Tucker Inc,Gabon,556,False
https://rios-coleman.edu,edu,1,24,1,0,0,2,0,Maxwell-Walker,Ukraine,1406,False
https://freeman.dev,dev,1,19,0,0,0,2,0,Keller-Hamilton,Turks and Caicos Islands,3755,False
https://anderson-rodriguez.io,io,1,29,1,0,0,2,0,"Brooks, Rodgers and Pratt",Latvia,6777,True
https://bernard-morris.com,com,1,26,1,0,0,2,1,"Alvarez, Paul and Murphy",Greenland,613,True
https://lopez-moses.com,com,1,23,1,0,0,2,0,Davis-Terry,United States of America,7283,False
http://meadows-patel.gov,gov,0,24,1,0,0,2,1,Simmons-Garrett,Saudi Arabia,3262,False
http://jones.net,net,0,16,0,0,0,2,1,Madden Ltd,Uruguay,5878,True
https://robinson-dixon.ar,ar,1,25,1,0,0,2,1,Wright Ltd,Samoa,6721,False
https://underwood-west.dev,dev,1,26,1,0,0,2,1,Price-Rodriguez,Bahrain,2172,True
https://martin.io,io,1,17,0,0,0,2,0,Daniel Inc,Fiji,604,False
https://adkins.dev,dev,1,18,0,0,0,2,1,Flores LLC,Mauritius,5139,False
http://barrett.net,net,0,18,0,0,0,2,1,Thomas Inc,Guadeloupe,2608,True
http://baldwin.dev,dev,0,18,0,0,0,2,0,"Williams, Delgado and Ball",Iraq,4356,False
https://johnson.com,com,1,19,0,0,0,2,1,"Walton, Martin and Simpson",Turkey,2507,False
https://wilson.org,org,1,18,0,0,0,2,1,"Stephenson, Escobar and Lee",Guatemala,5976,False
http://mayo.org,org,0,15,0,0,0,2,1,Spencer-Noble,Cyprus,3644,True
http://diaz.ar,ar,0,14,0,0,0,2,0,Daniels-Morrison,Kyrgyz Republic,6308,True
https://jones.net,net,1,17,0,0,0,2,1,"Griffith, Nichols and Lee",Poland,398,True
https://fuller-burnett.edu,edu,1,26,1,0,0,2,1,"Brown, Williams and Merritt",Peru,3285,False
https://kaiser.org,org,1,18,0,0,0,2,0,Parker-Wolfe,Burkina Faso,936,True
https://brown.com,com,1,17,0,0,0,2,0,"Garcia, Maynard and Coleman",Cocos (Keeling) Islands,1585,False
https://rivera.dev,dev,1,18,0,0,0,2,0,"Diaz, Wang and Burgess",Monaco,4694,True
https://williams-garrett.org,org,1,28,1,0,0,2,0,Wells-Greer,Israel,572,True
http://holmes.gov,gov,0,17,0,0,0,2,1,Peck-Roach,Iraq,2104,False
https://williams.biz,biz,1,20,0,0,0,2,1,Flynn-Mitchell,Comoros,5944,False
https://casey.gov,gov,1,17,0,0,0,2,0,Allen Ltd,Uganda,1850,False
http://newman.org,org,0,17,0,0,0,2,1,Long-Miller,Congo,6205,True
http://wheeler.edu,edu,0,18,0,0,0,2,1,Cook-Stephens,South Africa,4418,False
https://beltran.dev,dev,1,19,0,0,0,2,0,Adams Inc,Cote d'Ivoire,6782,False
http://santos-romero.com,com,0,24,1,0,0,2,1,Logan LLC,Uruguay,4311,True
http://williams.com,com,0,19,0,0,0,2,0,Russell-Crawford,Angola,2859,False
https://chang.net,net,1,17,0,0,0,2,0,Estrada Group,Guernsey,3246,False
https://hansen-wilson.io,io,1,24,1,0,0,2,1,"Clark, Miller and Bowen",China,7190,True
http://adams-lang.com,com,0,21,1,0,0,2,1,Henry-English,Palau,2905,True
http://rasmussen.info,info,0,21,0,0,0,2,1,"Werner, Gomez and Salas",Afghanistan,4083,False
https://conway.net,net,1,18,0,0,0,2,0,Fernandez Group,Grenada,1950,True
https://howard-roman.edu,edu,1,24,1,0,0,2,1,Hurst-Fisher,Saint Helena,3152,True
http://velasquez-wilkins.edu,edu,0,28,1,0,0,2,0,King-Glover,French Southern Territories,6337,True
https://clark-hayes.ar,ar,1,22,1,0,0,2,1,Dorsey PLC,American Samoa,5038,True
https://chavez-maldonado.com,com,1,28,1,0,0,2,1,Browning-Mckenzie,Bouvet Island (Bouvetoya),4549,True
http://cisneros.net,net,0,19,0,0,0,2,1,"Downs, Brown and Ortiz",Suriname,977,True
http://rios.io,io,0,14,0,0,0,2,1,Hampton Inc,Norway,3307,True
https://wheeler.gov,gov,1,19,0,0,0,2,0,Ortega PLC,Panama,5028,True
http://torres-mckay.io,io,0,22,1,0,0,2,1,Cummings Inc,Congo,2716,False
https://mendez-hall.biz,biz,1,23,1,0,0,2,1,Osborne-Best,Ecuador,792,True
https://fernandez.com,com,1,21,0,0,0,2,1,"Jensen, Freeman and Adams",Guinea-Bissau,2496,True
http://moran-cruz.biz,biz,0,21,1,0,0,2,0,"Boyer, Robles and Ramirez",North Macedonia,869,False
http://henry-orr.edu,edu,0,20,1,0,0,2,0,Roberson-Scott,Reunion,2873,True
https://morales.edu,edu,1,19,0,0,0,2,0,Skinner Inc,Turks and Caicos Islands,6100,True
https://chavez.io,io,1,17,0,0,0,2,0,Mueller LLC,Brunei Darussalam,4544,False
https://perry-vasquez.edu,edu,1,25,1,0,0,2,0,Greene Group,Somalia,1540,False
https://sawyer-cannon.dev,dev,1,25,1,0,0,2,0,Riley-Hill,Pakistan,1989,False
http://contreras.io,io,0,19,0,0,0,2,1,Robinson-Simmons,Spain,3205,False
http://williams.org,org,0,19,0,0,0,2,0,Vincent-Lopez,Australia,4848,True
https://velez.dev,dev,1,17,0,0,0,2,1,Walsh and Sons,Tajikistan,2911,True
http://phillips.ar,ar,0,18,0,0,0,2,1,Fisher-Ray,Romania,2072,False
https://bonilla.info,info,1,20,0,0,0,2,1,"Welch, Hicks and Henry",Namibia,4598,True
http://perkins.info,info,0,19,0,0,0,2,1,Graves-Wood,Swaziland,4997,True
https://vasquez-franklin.com,com,1,28,1,0,0,2,0,Mann-Brandt,Ukraine,2234,False
https://bryant.gov,gov,1,18,0,0,0,2,0,Williams-Simmons,Montenegro,1871,False
http://chan-andrews.info,info,0,24,1,0,0,2,0,Roberts Group,Nepal,548,True
https://andrade.org,org,1,19,0,0,0,2,0,Stewart and Sons,Oman,5068,False
https://thomas.dev,dev,1,18,0,0,0,2,0,"Vasquez, Burns and Smith",Costa Rica,1636,False
https://fleming.net,net,1,19,0,0,0,2,0,Duarte-Perry,Greenland,5192,False
https://ruiz.info,info,1,17,0,0,0,2,1,King-Henderson,Monaco,4956,True
https://brown.org,org,1,17,0,0,0,2,0,"Jones, Harrison and Ramirez",Liechtenstein,2789,True
https://ayers-jackson.info,info,1,26,1,0,0,2,1,Powell LLC,Haiti,7149,False
http://espinoza.dev,dev,0,19,0,0,0,2,0,Davis Inc,Lithuania,2454,False
http://mathis-henderson.net,net,0,27,1,0,0,2,1,Arnold-Santiago,Bahamas,5934,True
http://young-arnold.gov,gov,0,23,1,0,0,2,1,Rojas Inc,India,1024,True
http://white.io,io,0,15,0,0,0,2,1,Tran and Sons,Bangladesh,1693,False
https://mora-jenkins.gov,gov,1,24,1,0,0,2,1,Johnson-Barker,Jersey,3297,True
http://kim-brown.ar,ar,0,19,1,0,0,2,0,"Price, Lee and Walker",Ethiopia,774,False
https://fischer-perez.info,info,1,26,1,0,0,2,1,Stone and Sons,Saint Barthelemy,895,True
http://mckay.net,net,0,16,0,0,0,2,1,Smith LLC,Tonga,4866,False
https://byrd.org,org,1,16,0,0,0,2,0,Hudson and Sons,United States of America,3322,True
https://thompson.io,io,1,19,0,0,0,2,1,"Hays, Craig and Poole",Ecuador,3424,True
https://mccall.dev,dev,1,18,0,0,0,2,1,Jones Ltd,Estonia,1532,True
http://horton.dev,dev,0,17,0,0,0,2,0,Tucker-Harvey,United Kingdom,1999,True
http://walsh-campbell.io,io,0,24,1,0,0,2,1,Wilson-Gross,Cyprus,2247,True
http://williams-may.edu,edu,0,23,1,0,0,2,1,Ayala Inc,Andorra,3778,False
http://ortega.org,org,0,17,0,0,0,2,1,"Young, Prince and James",Japan,4254,True
http://smith.gov,gov,0,16,0,0,0,2,0,"Mcbride, Wilkerson and Evans",Trinidad and Tobago,937,True
http://benton-page.gov,gov,0,22,1,0,0,2,1,Perkins-Morales,American Samoa,5536,True
http://ball.dev,dev,0,15,0,0,0,2,1,Brewer PLC,Algeria,2988,True
https://hicks.net,net,1,17,0,0,0,2,0,"Ramsey, Wilson and Barnes",Bosnia and Herzegovina,624,True
https://woodward-thompson.dev,dev,1,29,1,0,0,2,1,"Davis, Page and Calderon",Libyan Arab Jamahiriya,3201,False
https://harper-walker.io,io,1,24,1,0,0,2,1,Nguyen PLC,Sweden,566,True
https://lane.io,io,1,15,0,0,0,2,1,Downs PLC,Suriname,5884,True
http://fitzpatrick-delgado.ar,ar,0,29,1,0,0,2,0,"Nelson, Jackson and Morris",Nigeria,4883,False
http://wood-goodwin.dev,dev,0,23,1,0,0,2,1,Collins-Davis,Colombia,2264,True
http://cruz.net,net,0,15,0,0,0,2,1,Green PLC,Chad,3455,True
https://allen.net,net,1,17,0,0,0,2,1,Hardy-Nolan,Chile,3342,False
http://smith.com,com,0,16,0,0,0,2,0,Smith-Jones,Gibraltar,2617,True
https://chambers.dev,dev,1,20,0,0,0,2,1,Anderson-Moore,Singapore,4204,True
https://cook-harrison.ar,ar,1,24,1,0,0,2,1,Warren and Sons,Timor-Leste,5613,False
https://garcia-wright.dev,dev,1,25,1,0,0,2,0,"Blackwell, Macias and Robinson",Jamaica,1328,True
https://scott-williams.dev,dev,1,26,1,0,0,2,1,Haynes Group,Lao People's Democratic Republic,2669,True
https://wood.info,info,1,17,0,0,0,2,1,Rosario-Price,San Marino,3774,True
http://walker-vasquez.info,info,0,26,1,0,0,2,0,"Hall, Bender and Manning",China,2069,True
http://martinez.org,org,0,19,0,0,0,2,1,Klein PLC,El Salvador,612,True
http://turner-richards.gov,gov,0,26,1,0,0,2,1,"Cortez, Ellis and Flowers",Saudi Arabia,4363,True
https://simpson.edu,edu,1,19,0,0,0,2,1,Cain Inc,Spain,750,False
https://anderson.biz,biz,1,20,0,0,0,2,0,Lawrence-Johnson,Austria,2150,True
https://craig-lee.info,info,1,22,1,0,0,2,0,"Bishop, Higgins and Guerra",Gibraltar,7247,False
https://le.org,org,1,14,0,0,0,2,0,Stewart-Campbell,Guinea,2822,False
http://winters.io,io,0,17,0,0,0,2,1,Davis and Sons,Hungary,689,False
https://davis.info,info,1,18,0,0,0,2,1,Price Ltd,Saint Vincent and the Grenadines,4611,False
http://hudson.net,net,0,17,0,0,0,2,1,"Johnson, Wood and Kirk",Korea,846,False
https://long-brooks.edu,edu,1,23,1,0,0,2,0,"Kirk, Romero and Harrington",Micronesia,663,False
http://navarro.org,org,0,18,0,0,0,2,0,Bush Group,Saudi Arabia,6040,True
https://davis-johnson.biz,biz,1,25,1,0,0,2,0,Turner-Johnson,Namibia,1778,True
https://torres.io,io,1,17,0,0,0,2,1,Gonzales-Payne,United Arab Emirates,6871,True
https://whitehead.org,org,1,21,0,0,0,2,1,Hill PLC,Lithuania,1876,False
http://wilson-jones.gov,gov,0,23,1,0,0,2,1,Hall Ltd,Central African Republic,3202,True
https://malone-wood.dev,dev,1,23,1,0,0,2,0,"Mckee, Browning and Simpson",French Southern Territories,5938,False
https://wilkins.com,com,1,19,0,0,0,2,1,Owens-Bentley,Gambia,4863,False
https://wilson.com,com,1,18,0,0,0,2,1,Riley-Hobbs,Somalia,6629,False
https://webster-reynolds.com,com,1,28,1,0,0,2,0,Mack and Sons,Finland,7148,False
http://todd-kerr.gov,gov,0,20,1,0,0,2,1,Young-Mcpherson,Zimbabwe,5362,True
https://jones.org,org,1,17,0,0,0,2,1,"Stevenson, Jenkins and Hamilton",Barbados,6392,False
http://wolfe.biz,biz,0,16,0,0,0,2,1,"Leonard, Mcdaniel and Johnson",Turkmenistan,1838,True
http://thompson.org,org,0,19,0,0,0,2,0,Mcdonald-White,Philippines,1191,False
https://davis.edu,edu,1,17,0,0,0,2,0,Johnson LLC,Mayotte,5760,True
https://jennings.edu,edu,1,20,0,0,0,2,1,Orozco and Sons,Anguilla,3056,True
http://miller-cruz.com,com,0,22,1,0,0,2,1,"Thompson, Mitchell and Rodriguez",British Virgin Islands,2725,True
http://gonzalez-horton.org,org,0,26,1,0,0,2,0,Fischer-Lam,Russian Federation,1991,True
http://kaiser.com,com,0,17,0,0,0,2,0,Shields LLC,Congo,4628,False
https://landry.org,org,1,18,0,0,0,2,1,Ramirez Ltd,Suriname,5139,False
https://wilkinson-lopez.org,org,1,27,1,0,0,2,1,Johns LLC,Uganda,1685,False
http://roman-bradley.dev,dev,0,24,1,0,0,2,1,"Davis, Ferguson and Williams",Croatia,6368,False
https://harris-hernandez.biz,biz,1,28,1,0,0,2,0,Savage Inc,Benin,5945,True
https://jones.org,org,1,17,0,0,0,2,0,Hensley-Rivera,Russian Federation,4058,False
https://harris.gov,gov,1,18,0,0,0,2,1,"Romero, Parrish and Williams",Malta,3069,True
https://novak.ar,ar,1,16,0,0,0,2,0,Davis Group,Belarus,4467,False
http://perez.dev,dev,0,16,0,0,0,2,1,"Shah, Simon and Richard",Congo,5020,False
https://parker.io,io,1,17,0,0,0,2,0,Lawrence Ltd,Saint Barthelemy,6721,False
https://morales.com,com,1,19,0,0,0,2,1,Johnson Group,Paraguay,4209,True
https://rodriguez.biz,biz,1,21,0,0,0,2,0,Cobb Inc,Thailand,6136,True
http://wright.org,org,0,17,0,0,0,2,0,Grant PLC,Czech Republic,1338,False
https://baker.gov,gov,1,17,0,0,0,2,0,"Esparza, Proctor and Donovan",Angola,4867,False
http://fuller.edu,edu,0,17,0,0,0,2,0,"Jones, Benson and Morris",Macao,3867,False
http://manning.net,net,0,18,0,0,0,2,0,Schaefer-Hatfield,Tajikistan,4771,False
http://lee.net,net,0,14,0,0,0,2,0,Rodriguez Inc,Malawi,5528,False
http://tucker-lucas.net,net,0,23,1,0,0,2,0,Wilkinson Ltd,Saint Vincent and the Grenadines,5655,False
https://flynn.biz,biz,1,17,0,0,0,2,0,"Gilmore, Sims and Day",Gabon,3277,False
https://mills.gov,gov,1,17,0,0,0,2,1,Johnson-Schwartz,Greece,2618,True
http://garcia.com,com,0,17,0,0,0,2,0,"King, Chavez and Johnson",Holy See (Vatican City State),385,False
http://yang-carter.gov,gov,0,22,1,0,0,2,1,"Cohen, Mcguire and Cole",Korea,1030,True
http://smith-clark.info,info,0,23,1,0,0,2,0,Morgan PLC,Christmas Island,4956,True
http://perez.org,org,0,16,0,0,0,2,0,White-Robbins,Falkland Islands (Malvinas),5912,False
http://little-stevenson.net,net,0,27,1,0,0,2,1,"Mccann, Blake and Larsen",Belgium,2903,True
https://joyce.gov,gov,1,17,0,0,0,2,1,Carpenter-Allen,Vietnam,1935,True
https://taylor-howard.biz,biz,1,25,1,0,0,2,0,Leach-Ramirez,Portugal,973,True
http://foster-morris.biz,biz,0,24,1,0,0,2,1,White-Evans,Mali,2876,True
https://carlson.io,io,1,18,0,0,0,2,0,"Estrada, Knight and Harris",Senegal,3974,True
http://gonzalez.info,info,0,20,0,0,0,2,1,Henderson PLC,French Polynesia,1135,True
http://rhodes.info,info,0,18,0,0,0,2,1,Cunningham and Sons,Papua New Guinea,2502,False
http://wright-smith.biz,biz,0,23,1,0,0,2,0,White and Sons,Sri Lanka,5400,True
http://case.io,io,0,14,0,0,0,2,0,"Hall, Matthews and Mcdonald",Honduras,4585,True
http://bailey-bailey.com,com,0,24,1,0,0,2,1,Weber Inc,Grenada,3707,True
https://morgan-parsons.edu,edu,1,26,1,0,0,2,1,Wright LLC,South Africa,691,True
http://thomas-byrd.biz,biz,0,22,1,0,0,2,0,Martin-Valencia,Marshall Islands,2090,False
http://harris-powell.io,io,0,23,1,0,0,2,1,"Johnson, Morton and Davis",Thailand,3238,False
http://peters.ar,ar,0,16,0,0,0,2,0,"Jones, Jenkins and Small",Argentina,5901,True
https://york-ferrell.net,net,1,24,1,0,0,2,1,Ramirez-Robinson,Sweden,5606,True
http://tyler.biz,biz,0,16,0,0,0,2,0,Beard-Ramirez,Burkina Faso,1029,True
http://johnson.com,com,0,18,0,0,0,2,0,"Stephens, Sparks and Carrillo",Panama,907,False
http://mccormick-rojas.org,org,0,26,1,0,0,2,1,Baker Group,Togo,3835,False
https://baldwin-evans.edu,edu,1,25,1,0,0,2,1,Rojas LLC,Sao Tome and Principe,7065,True
https://grant-beck.com,com,1,22,1,0,0,2,0,Valentine-Scott,Maldives,5245,True
http://wallace.org,org,0,18,0,0,0,2,0,Brown-Lopez,United States of America,2754,True
https://kirk.biz,biz,1,16,0,0,0,2,0,Smith-Martinez,Pakistan,5054,False
http://whitaker.org,org,0,19,0,0,0,2,0,"Whitaker, Middleton and Barber",Czech Republic,4533,False
https://bennett.org,org,1,19,0,0,0,2,0,Bright-Ryan,Faroe Islands,5840,False
http://terrell-burns.com,com,0,24,1,0,0,2,1,Campbell PLC,Algeria,2552,True
https://smith.com,com,1,17,0,0,0,2,0,Chase-Sims,New Caledonia,2838,True
https://calderon-salinas.net,net,1,28,1,0,0,2,0,"Sparks, Allen and Lamb",Syrian Arab Republic,800,False
http://barron.info,info,0,18,0,0,0,2,0,Garcia Inc,Ecuador,4065,True
http://hensley.io,io,0,17,0,0,0,2,1,"Rubio, Knox and Henry",Cuba,5923,True
http://meyers.edu,edu,0,17,0,0,0,2,0,Leonard Inc,Palestinian Territory,2875,False
https://curry-lopez.info,info,1,24,1,0,0,2,0,Kennedy-Dickerson,Bolivia,1365,True
http://skinner.net,net,0,18,0,0,0,2,1,Wade Ltd,Kiribati,2784,True
https://mcfarland.net,net,1,21,0,0,0,2,0,Edwards Ltd,Cote d'Ivoire,5947,False
https://harrison-harvey.ar,ar,1,26,1,0,0,2,1,Woodard-Adams,Argentina,1902,False
https://silva.ar,ar,1,16,0,0,0,2,0,"Schwartz, Johnson and Flores",Myanmar,6884,False
https://wright.ar,ar,1,17,0,0,0,2,1,"Martinez, Brown and Barnett",Liberia,5528,False
https://drake-walters.info,info,1,26,1,0,0,2,1,Crane-Gordon,Chile,4745,False
http://richardson.biz,biz,0,21,0,0,0,2,0,"Haynes, Ali and Todd",Guernsey,3047,True
https://lopez.gov,gov,1,17,0,0,0,2,0,Perez and Sons,Saint Martin,503,False
https://barajas.net,net,1,19,0,0,0,2,0,"Schmidt, Estes and Riley",Monaco,5299,False
https://gonzales.gov,gov,1,20,0,0,0,2,1,Riley Ltd,Korea,2665,False
https://swanson.io,io,1,18,0,0,0,2,1,Moses-Galloway,Macao,5994,True
https://green.net,net,1,17,0,0,0,2,0,Washington-Parker,Jamaica,3267,False
http://anderson.gov,gov,0,19,0,0,0,2,0,"Owens, Jordan and Krause",Guinea,5767,False
http://palmer-moreno.net,net,0,24,1,0,0,2,1,Kelly-Pineda,San Marino,7211,False
http://cole-elliott.biz,biz,0,23,1,0,0,2,0,Andersen PLC,San Marino,5109,False
https://alexander.biz,biz,1,21,0,0,0,2,1,"Wright, Preston and Buckley",Niue,7124,True
https://cruz-brooks.edu,edu,1,23,1,0,0,2,0,Bolton-Mendez,Aruba,3400,False
http://foster.info,info,0,18,0,0,0,2,0,King-Smith,Holy See (Vatican City State),4751,False
https://dunn.biz,biz,1,16,0,0,0,2,1,"Cain, Walton and Middleton",Honduras,3872,False
https://brooks.ar,ar,1,17,0,0,0,2,0,"Curry, Gates and Brock",Brazil,2057,True
http://mills.ar,ar,0,15,0,0,0,2,0,"Andrews, Johnson and Gamble",Israel,3539,False
https://liu-mcintyre.net,net,1,24,1,0,0,2,0,Beck Ltd,New Caledonia,4257,True
https://moore.com,com,1,17,0,0,0,2,0,"Hall, Shaw and Knight",Reunion,6527,True
http://harris.dev,dev,0,17,0,0,0,2,1,Payne and Sons,French Guiana,3547,True
https://cooper-andrews.org,org,1,26,1,0,0,2,0,Merritt Ltd,Belarus,3538,False
https://williams-nelson.org,org,1,27,1,0,0,2,0,Rubio Ltd,Bahamas,1407,False
http://jensen.edu,edu,0,17,0,0,0,2,1,"Lowe, Marshall and Powell",Wallis and Futuna,6443,False
http://graves.gov,gov,0,17,0,0,0,2,1,Richard-Gould,Reunion,809,False
http://stanley.biz,biz,0,18,0,0,0,2,1,Cunningham-Smith,Bosnia and Herzegovina,4785,False
http://moran-duran.edu,edu,0,22,1,0,0,2,1,"Watkins, Martin and Harrell",Algeria,3692,False
https://wilson-jones.com,com,1,24,1,0,0,2,0,Brown-Williams,Tonga,2999,True
http://ingram.info,info,0,18,0,0,0,2,1,"Smith, Cohen and Johnson",United States of America,1796,True
https://watts.ar,ar,1,16,0,0,0,2,0,Mason-Chang,Reunion,3633,False
https://wood-ruiz.org,org,1,21,1,0,0,2,0,Vargas-Rivers,Bermuda,1371,False
http://porter-reed.dev,dev,0,22,1,0,0,2,1,Chavez-Benson,Korea,4222,False
https://hampton-russell.org,org,1,27,1,0,0,2,0,"Silva, Oneill and Sanchez",Nicaragua,7040,False
https://rice.io,io,1,15,0,0,0,2,0,Shaw LLC,Suriname,3539,True
http://dean.com,com,0,15,0,0,0,2,1,White Inc,Saint Barthelemy,2205,False
http://hoffman.info,info,0,19,0,0,0,2,0,Weeks LLC,Western Sahara,6025,True
http://carroll.org,org,0,18,0,0,0,2,1,"King, Dominguez and Schwartz",Peru,6149,True
http://lutz.io,io,0,14,0,0,0,2,1,Armstrong PLC,Malawi,4741,False
https://lucero.gov,gov,1,18,0,0,0,2,1,Gould-Jones,Netherlands,5923,True
http://perez.net,net,0,16,0,0,0,2,1,"Blair, Lopez and Willis",Namibia,5250,True
http://jones-kidd.ar,ar,0,20,1,0,0,2,1,"Allen, Garrett and Reed",South Georgia and the South Sandwich Islands,793,True
https://mcgee.net,net,1,17,0,0,0,2,1,Briggs-Patel,Swaziland,894,False
https://ramirez.net,net,1,19,0,0,0,2,1,Perez PLC,Saint Martin,790,True
http://wheeler.org,org,0,18,0,0,0,2,1,Sanchez-Carlson,Iran,2491,True
http://silva.ar,ar,0,15,0,0,0,2,1,"Morris, French and Garza",Lao People's Democratic Republic,6402,False
http://vargas.ar,ar,0,16,0,0,0,2,1,"Baker, Cordova and Cooper",Hungary,3418,True
http://moore.org,org,0,16,0,0,0,2,0,Martinez PLC,Germany,5023,True
http://carter.org,org,0,17,0,0,0,2,0,West PLC,Myanmar,5980,False
http://moyer.gov,gov,0,16,0,0,0,2,1,"Wong, Mckinney and Schaefer",British Indian Ocean Territory (Chagos Archipelago),6449,False
http://jacobson.net,net,0,19,0,0,0,2,1,Anderson-Rasmussen,Honduras,3952,True
https://wilson-miller.org,org,1,25,1,0,0,2,0,Taylor and Sons,Estonia,411,True
https://torres-mckay.com,com,1,24,1,0,0,2,0,Baker-Costa,British Virgin Islands,4343,False
https://morales.biz,biz,1,19,0,0,0,2,1,Jordan-Hughes,Portugal,7256,False
http://ward.gov,gov,0,15,0,0,0,2,1,"Christensen, Taylor and Diaz",Anguilla,3728,False
https://harris.com,com,1,18,0,0,0,2,0,Fox-George,Germany,4663,True
http://lindsey.net,net,0,18,0,0,0,2,1,Watkins PLC,Marshall Islands,5201,False
https://lane-marks.gov,gov,1,22,1,0,0,2,0,Smith-Ortega,Netherlands Antilles,2035,False
http://trevino.edu,edu,0,18,0,0,0,2,0,"Harris, Holland and Chambers",Costa Rica,2802,False
http://cordova.ar,ar,0,17,0,0,0,2,0,"Chavez, Leach and Johnson",Malta,5675,False
https://cruz.info,info,1,17,0,0,0,2,1,"Perkins, Jones and Fernandez",Uganda,1591,True
http://nelson-mclaughlin.dev,dev,0,28,1,0,0,2,1,Berry-Faulkner,Greece,7196,True
http://wilson.biz,biz,0,17,0,0,0,2,0,Watkins and Sons,Saint Lucia,374,True
https://schmidt.io,io,1,18,0,0,0,2,1,Fox-Hatfield,Ghana,1631,True
https://hensley.net,net,1,19,0,0,0,2,1,Hernandez-Montoya,Ecuador,5210,True
https://davenport.ar,ar,1,20,0,0,0,2,1,Thompson Group,Korea,5597,True
http://russell.org,org,0,18,0,0,0,2,1,Bass-Gutierrez,Somalia,5657,False
http://higgins.io,io,0,17,0,0,0,2,1,"Hart, Miller and Bean",Saint Barthelemy,5705,False
https://williams.net,net,1,20,0,0,0,2,0,"Hickman, Mcdonald and Hopkins",United Kingdom,1206,True
https://hampton.net,net,1,19,0,0,0,2,1,Graham-Miller,Guernsey,1550,False
http://johnson-hart.info,info,0,24,1,0,0,2,0,"Guzman, Fritz and Williams",Uzbekistan,4688,True
http://berry-scott.info,info,0,23,1,0,0,2,1,Kelley and Sons,Antigua and Barbuda,4210,False
http://bates.ar,ar,0,15,0,0,0,2,0,"James, Harrell and Lewis",Honduras,717,True
https://ramos.edu,edu,1,17,0,0,0,2,1,Martinez Ltd,Russian Federation,1811,True
https://gonzalez.gov,gov,1,20,0,0,0,2,0,"Bullock, Woodard and Woods",Mongolia,5791,False
http://cunningham.edu,edu,0,21,0,0,0,2,0,Little-Chandler,Saint Barthelemy,7205,True
https://jackson.ar,ar,1,18,0,0,0,2,0,Schwartz-Perkins,Honduras,835,False
https://salinas.ar,ar,1,18,0,0,0,2,1,"York, Taylor and Lamb",Cote d'Ivoire,5571,False
https://williams.ar,ar,1,19,0,0,0,2,0,"Nichols, Ross and Hughes",Niue,1778,True
http://moore.biz,biz,0,16,0,0,0,2,1,Carter Ltd,Greece,2587,True
https://sims.com,com,1,16,0,0,0,2,0,Nguyen-Hinton,Liberia,4763,False
https://molina-johnson.net,net,1,26,1,0,0,2,1,Li-Daniels,Malaysia,3092,False
http://nolan-vasquez.info,info,0,25,1,0,0,2,1,Smith Ltd,Saint Martin,5083,False
http://cooper-williams.info,info,0,27,1,0,0,2,0,Wilson-Zamora,Greenland,4073,False
http://knox.info,info,0,16,0,0,0,2,0,Pratt Ltd,Saudi Arabia,2282,False
https://hale-ramirez.dev,dev,1,24,1,0,0,2,1,Bailey Inc,North Macedonia,6146,True
https://conway.com,com,1,18,0,0,0,2,1,"Stafford, Schneider and Moore",Kuwait,5085,True
https://schwartz-davis.org,org,1,26,1,0,0,2,1,Hale and Sons,Kiribati,4025,True
http://spencer.gov,gov,0,18,0,0,0,2,0,"Garcia, Park and Norman",Estonia,2470,False
http://hicks-turner.com,com,0,23,1,0,0,2,1,Rivera LLC,Spain,2798,False
http://shepard.dev,dev,0,18,0,0,0,2,1,Patton-Harrison,Benin,4846,False
https://vasquez.com,com,1,19,0,0,0,2,0,Williams and Sons,Greece,5670,True
http://davenport-rodriguez.ar,ar,0,29,1,0,0,2,0,Walters and Sons,French Southern Territories,4547,False
https://herring-guerra.org,org,1,26,1,0,0,2,0,Simmons Group,Uganda,2253,True
http://daniels.dev,dev,0,18,0,0,0,2,0,Jacobs-Stevenson,Gambia,7050,False
http://hammond.ar,ar,0,17,0,0,0,2,0,Adams-Dixon,Latvia,1895,True
https://norris-zavala.net,net,1,25,1,0,0,2,1,Gibson-Larsen,Saint Kitts and Nevis,1315,False
http://day-anderson.net,net,0,23,1,0,0,2,0,"Alexander, Stafford and Allen",Tanzania,6601,False
http://hall.org,org,0,15,0,0,0,2,1,Duran Group,Pakistan,6001,True
https://morgan-schneider.info,info,1,29,1,0,0,2,1,Nguyen-Rodgers,Lebanon,3344,False
https://spencer.ar,ar,1,18,0,0,0,2,0,Delgado-Terrell,Zambia,5849,True
http://barnes.biz,biz,0,17,0,0,0,2,0,"Wagner, Williams and Jackson",Cuba,1474,True
http://johnson.com,com,0,18,0,0,0,2,0,"Farmer, Clark and Davis",Liberia,5827,True
http://baker-watson.dev,dev,0,23,1,0,0,2,1,Davies Group,Saudi Arabia,5360,False
https://ward-thomas.gov,gov,1,23,1,0,0,2,0,May-Day,Cambodia,1754,False
http://ross.ar,ar,0,14,0,0,0,2,1,"Hill, Phillips and Shea",British Virgin Islands,1259,False
https://evans.biz,biz,1,17,0,0,0,2,1,Oneal Ltd,Angola,5859,True
http://coffey-li.gov,gov,0,20,1,0,0,2,1,"Jones, Garner and Boyd",Croatia,2004,False
http://bradley-escobar.gov,gov,0,26,1,0,0,2,1,Melton and Sons,Grenada,1920,True
http://mora.com,com,0,15,0,0,0,2,1,Brown-Dennis,Zimbabwe,7004,False
http://munoz-johnson.gov,gov,0,24,1,0,0,2,1,"Larson, Fuller and Morris",American Samoa,5828,False
https://santana-mclaughlin.io,io,1,29,1,0,0,2,0,"Guerrero, Campbell and Watkins",Congo,7271,True
https://nelson.biz,biz,1,18,0,0,0,2,1,"Henderson, Moody and Quinn",Montserrat,1020,False
https://wagner-young.org,org,1,24,1,0,0,2,1,Payne Group,Ireland,1173,False
http://powers-sampson.info,info,0,26,1,0,0,2,1,"Black, Jackson and Sharp",Hong Kong,6405,False
http://oneill.org,org,0,17,0,0,0,2,1,"Rivera, Patel and Booth",Russian Federation,5485,False
https://larson-ellis.dev,dev,1,24,1,0,0,2,1,Arnold-Manning,Malaysia,5220,True
http://bray.dev,dev,0,15,0,0,0,2,0,Campbell PLC,Seychelles,518,False
https://smith-myers.gov,gov,1,23,1,0,0,2,1,"Stokes, Cantu and Barron",Cocos (Keeling) Islands,5376,False
http://williams.ar,ar,0,18,0,0,0,2,0,Sullivan-Brooks,Botswana,3167,False
https://murphy-riley.io,io,1,23,1,0,0,2,0,"Clark, Miller and Williams",Colombia,6102,False
http://cooper.io,io,0,16,0,0,0,2,1,Weaver Group,Venezuela,2034,False
http://parker.info,info,0,18,0,0,0,2,1,Miller-Lopez,Iceland,3685,False
https://conner.com,com,1,18,0,0,0,2,1,Flores Inc,Serbia,1940,False
http://jackson.biz,biz,0,18,0,0,0,2,0,"Scott, Williams and Hernandez",Norway,4025,False
http://barnes.info,info,0,18,0,0,0,2,1,Warner PLC,Antigua and Barbuda,4582,True
https://sexton.net,net,1,18,0,0,0,2,0,Meza-Thompson,Lebanon,3910,False
https://perez.org,org,1,17,0,0,0,2,1,Smith Group,Kazakhstan,5821,False
https://baker.ar,ar,1,16,0,0,0,2,0,"Jordan, Gonzales and Martin",Australia,5818,False
http://stevenson-williams.ar,ar,0,28,1,0,0,2,0,Ward PLC,Saint Pierre and Miquelon,3602,True
http://serrano-fernandez.net,net,0,28,1,0,0,2,0,Wood Inc,Finland,3993,False
https://scott.gov,gov,1,17,0,0,0,2,1,"Ingram, Cummings and Reed",Rwanda,1165,True
http://hughes.edu,edu,0,17,0,0,0,2,0,Gonzalez and Sons,Fiji,5949,True
https://whitaker-cooley.dev,dev,1,27,1,0,0,2,0,Miller Inc,Tanzania,1638,True
http://alvarez.info,info,0,19,0,0,0,2,0,"Brown, Levy and Harrison",Greece,3675,True
https://graham.net,net,1,18,0,0,0,2,0,Mckinney-Hall,Colombia,6585,False
http://lewis.gov,gov,0,16,0,0,0,2,1,Pacheco-Scott,Malawi,5177,True
http://yates.edu,edu,0,16,0,0,0,2,1,"Chang, Snyder and Lane",Korea,4589,True
http://fowler.com,com,0,17,0,0,0,2,1,Becker-Miller,French Guiana,3141,False
http://ford.gov,gov,0,15,0,0,0,2,1,Rivera-Graves,Timor-Leste,1767,True
http://freeman.gov,gov,0,18,0,0,0,2,1,Perez Group,Dominica,6992,False
https://wilson.dev,dev,1,18,0,0,0,2,1,Long-Marsh,Saint Helena,5142,True
https://oconnor.com,com,1,19,0,0,0,2,0,Cook and Sons,France,3319,False
https://miller-baker.dev,dev,1,24,1,0,0,2,0,Knight-Freeman,Latvia,5187,False
https://santos.info,info,1,19,0,0,0,2,0,"Barker, Henderson and Hall",Tonga,961,False
https://colon.org,org,1,17,0,0,0,2,1,"Lee, Adams and White",Timor-Leste,3272,True
https://mejia.com,com,1,17,0,0,0,2,0,Burnett-Roberts,Netherlands,6125,False
http://collier.gov,gov,0,18,0,0,0,2,1,Anderson LLC,Norfolk Island,823,True
http://acosta.edu,edu,0,17,0,0,0,2,1,George-Marshall,Chile,7001,False
http://elliott-abbott.gov,gov,0,25,1,0,0,2,0,"Holloway, Hanson and Campos",Greenland,5836,False
http://thomas.org,org,0,17,0,0,0,2,0,Reed-Hamilton,Israel,6451,True
https://payne-turner.com,com,1,24,1,0,0,2,1,Pratt-Solis,China,4263,True
http://marsh-young.org,org,0,22,1,0,0,2,0,Brady and Sons,United Arab Emirates,3008,False
http://garcia-lee.ar,ar,0,20,1,0,0,2,1,Thompson Ltd,Togo,6609,False
https://mullins-reynolds.gov,gov,1,28,1,0,0,2,1,Davis LLC,Slovenia,7013,True
https://thomas-hunt.net,net,1,23,1,0,0,2,1,Smith-Ryan,Benin,3894,True
https://duncan.edu,edu,1,18,0,0,0,2,0,Stephens-Gardner,Sri Lanka,2175,False
http://hunt.com,com,0,15,0,0,0,2,1,Graham-Johnson,Central African Republic,720,True
http://ray.biz,biz,0,14,0,0,0,2,0,"Cross, Russell and Skinner",Saint Kitts and Nevis,4004,True
https://davis.biz,biz,1,17,0,0,0,2,1,"Lewis, Robinson and Johnson",Senegal,5230,True
http://baker.com,com,0,16,0,0,0,2,0,"Stein, Kennedy and Smith",Uganda,7116,True
https://giles-stevens.edu,edu,1,25,1,0,0,2,0,Meza Ltd,Nicaragua,7213,False
http://phillips.ar,ar,0,18,0,0,0,2,0,Jones Group,Indonesia,7068,False
http://rowland-allen.io,io,0,23,1,0,0,2,1,Dean-Walker,Swaziland,1757,True
https://chung-farmer.edu,edu,1,24,1,0,0,2,0,"Reynolds, Randolph and Harris",Slovenia,4068,True
http://dominguez-ball.edu,edu,0,25,1,0,0,2,1,Murray and Sons,Russian Federation,4046,True
https://gonzales.dev,dev,1,20,0,0,0,2,0,"Hayes, Ramirez and Anderson",Saint Vincent and the Grenadines,1640,True
http://jennings-olson.gov,gov,0,25,1,0,0,2,0,Koch and Sons,Puerto Rico,5576,False
http://thomas.dev,dev,0,17,0,0,0,2,0,Bradley-Johnson,Bhutan,1241,False
http://garrison.dev,dev,0,19,0,0,0,2,1,Carrillo Ltd,Mexico,4668,False
https://vega.info,info,1,17,0,0,0,2,0,Parker-Burns,Netherlands Antilles,3095,False
https://sexton.dev,dev,1,18,0,0,0,2,0,Miller Group,Armenia,4945,False
http://cruz-ray.net,net,0,19,1,0,0,2,1,White Ltd,Togo,5176,False
http://rojas.org,org,0,16,0,0,0,2,0,Taylor Group,Cambodia,4785,True
https://hayden-hill.dev,dev,1,23,1,0,0,2,1,Holmes and Sons,Bolivia,2816,False
http://garcia-gibson.biz,biz,0,24,1,0,0,2,1,Scott Inc,Eritrea,6876,True
https://diaz.dev,dev,1,16,0,0,0,2,0,"Taylor, Bell and Elliott",Trinidad and Tobago,2306,False
https://obrien-garcia.dev,dev,1,25,1,0,0,2,1,"Gonzalez, Clark and Wilson",Sweden,5921,False
https://lee.ar,ar,1,14,0,0,0,2,1,Little Group,Macao,5031,True
http://howard.dev,dev,0,17,0,0,0,2,0,Sanchez PLC,Haiti,4687,True
https://black.com,com,1,17,0,0,0,2,1,"Castillo, Alvarez and Mcgrath",Finland,1094,True
http://king.org,org,0,15,0,0,0,2,0,Arellano Ltd,Cape Verde,676,False
https://sullivan.org,org,1,20,0,0,0,2,1,Green-Cobb,Bangladesh,6867,False
http://herman.biz,biz,0,17,0,0,0,2,0,Jenkins Inc,Samoa,3098,True
https://flores.ar,ar,1,17,0,0,0,2,0,Larson-Alvarado,Puerto Rico,4234,True
http://morton.info,info,0,18,0,0,0,2,1,Kelley-Garcia,Finland,4439,False
https://howard-chapman.ar,ar,1,25,1,0,0,2,1,Chavez PLC,Angola,908,False
https://smith.org,org,1,17,0,0,0,2,1,Bailey-Lyons,Iran,6829,False
https://becker.dev,dev,1,18,0,0,0,2,0,Taylor-Cook,San Marino,3894,False
https://stanton.org,org,1,19,0,0,0,2,0,Simpson and Sons,Isle of Man,1307,True
https://montgomery.io,io,1,21,0,0,0,2,0,Guzman and Sons,Jersey,2733,True
https://lee.io,io,1,14,0,0,0,2,0,Bridges LLC,Togo,1744,False
https://adams.info,info,1,18,0,0,0,2,1,"Alvarado, Martinez and Padilla",Botswana,3510,True
http://jacobs.org,org,0,17,0,0,0,2,0,Carlson and Sons,Guyana,4033,True
http://mcmillan-diaz.org,org,0,24,1,0,0,2,1,Castillo Ltd,Switzerland,4689,False
https://warren-salinas.com,com,1,26,1,0,0,2,1,Roberts Group,Falkland Islands (Malvinas),6134,True
https://riley.org,org,1,17,0,0,0,2,1,"Rose, Gomez and Green",Malaysia,6641,True
http://rivera.ar,ar,0,16,0,0,0,2,1,"Best, Schroeder and Campos",Qatar,4060,True
https://martinez.info,info,1,21,0,0,0,2,0,Armstrong-Burke,Malaysia,4117,True
http://dunn-proctor.gov,gov,0,23,1,0,0,2,1,"Nelson, Fields and Brown",Northern Mariana Islands,4457,True
http://jackson-roberts.biz,biz,0,26,1,0,0,2,1,Wilkins PLC,Panama,3254,True
https://jensen.ar,ar,1,17,0,0,0,2,1,Dawson-Shaw,Sao Tome and Principe,7148,False
https://blanchard.com,com,1,21,0,0,0,2,0,Russell-Doyle,Nepal,2866,True
http://brown-bates.org,org,0,22,1,0,0,2,1,Allen-Brown,Vietnam,858,True
http://chambers.info,info,0,20,0,0,0,2,0,Gibson Ltd,Burkina Faso,1605,True
https://holloway.biz,biz,1,20,0,0,0,2,1,Griffith PLC,Guinea-Bissau,7048,True
https://nelson-rivera.edu,edu,1,25,1,0,0,2,0,"Williams, Jackson and Price",New Caledonia,4220,False
http://austin.net,net,0,17,0,0,0,2,1,"Webb, Hopkins and Tran",Congo,7260,True
http://young-livingston.org,org,0,27,1,0,0,2,0,Coleman and Sons,Saint Pierre and Miquelon,1013,True
http://bennett.org,org,0,18,0,0,0,2,0,Martinez Ltd,Mongolia,5020,False
http://williams.gov,gov,0,19,0,0,0,2,0,Cummings Inc,Latvia,2021,False
http://harvey-coleman.net,net,0,25,1,0,0,2,0,Carrillo and Sons,Argentina,3896,True
https://myers.biz,biz,1,17,0,0,0,2,0,Castillo and Sons,Montserrat,2370,True
https://chandler-houston.com,com,1,28,1,0,0,2,1,Orozco Group,Saint Martin,3014,False
http://brown.io,io,0,15,0,0,0,2,0,Davis Group,Comoros,4609,False
https://clark.net,net,1,17,0,0,0,2,1,Beasley Group,Israel,6607,False
http://hall.biz,biz,0,15,0,0,0,2,0,Martinez and Sons,Serbia,6224,True
https://bowen-brown.io,io,1,22,1,0,0,2,1,Skinner-Patel,Solomon Islands,4135,False
https://smith-holloway.dev,dev,1,26,1,0,0,2,0,Keith-Johnson,Djibouti,7028,True
http://kramer-collins.org,org,0,25,1,0,0,2,0,Lester LLC,Peru,771,False
http://perez.io,io,0,15,0,0,0,2,0,Young-Fox,Venezuela,825,False
https://pruitt.org,org,1,18,0,0,0,2,1,Christian LLC,Saudi Arabia,5556,True
http://fox.info,info,0,15,0,0,0,2,1,"Vargas, Knox and Levy",Eritrea,498,False
http://young-thornton.com,com,0,25,1,0,0,2,1,Smith-Lee,Bhutan,7170,False
https://moore-sandoval.com,com,1,26,1,0,0,2,0,Young Inc,Yemen,4720,True
http://phelps-curry.gov,gov,0,23,1,0,0,2,1,"Gonzalez, West and Garner",Hungary,2225,True
http://miller-turner.dev,dev,0,24,1,0,0,2,1,Barnes-Wilson,Netherlands Antilles,7152,False
http://hernandez.io,io,0,19,0,0,0,2,1,Dougherty-Pope,Switzerland,2181,False
http://perez-dawson.info,info,0,24,1,0,0,2,1,Fields-Sanders,Antarctica (the territory South of 60 deg S),2042,False
http://martinez.edu,edu,0,19,0,0,0,2,1,Walker Group,Iceland,6258,True
https://romero-andrews.com,com,1,26,1,0,0,2,0,Cook LLC,Slovakia (Slovak Republic),2952,False
https://diaz.net,net,1,16,0,0,0,2,0,Young-Blankenship,Macao,997,True
https://davis.io,io,1,16,0,0,0,2,1,"Hanson, Murphy and Martinez",Switzerland,2430,True
http://marks-reeves.com,com,0,23,1,0,0,2,0,Clark-Hayes,Italy,6973,True
http://hebert-tran.gov,gov,0,22,1,0,0,2,1,Smith Group,Morocco,639,False
https://austin.com,com,1,18,0,0,0,2,1,Cole-Wilson,Mexico,2309,True
https://golden.gov,gov,1,18,0,0,0,2,1,"Perez, Robinson and Hayes",Niger,6213,True
http://robles.dev,dev,0,17,0,0,0,2,0,"Howell, Sellers and Cox",Heard Island and McDonald Islands,6375,True
http://cole-rubio.io,io,0,20,1,0,0,2,1,Alvarado-Richard,Latvia,614,False
http://jordan-freeman.com,com,0,25,1,0,0,2,0,"Frye, Woods and Hayes",Cameroon,6266,False
https://graves.com,com,1,18,0,0,0,2,1,Morales-Huffman,Guinea-Bissau,3233,False
http://rivera.io,io,0,16,0,0,0,2,0,Alexander-Liu,Turks and Caicos Islands,3393,False
https://preston.info,info,1,20,0,0,0,2,0,Brown LLC,Lithuania,6138,False
https://armstrong.com,com,1,21,0,0,0,2,1,Bowen-Wiggins,Indonesia,6254,False
https://anderson.biz,biz,1,20,0,0,0,2,1,"Vargas, Hunter and Thomas",Panama,1629,False
https://ballard.io,io,1,18,0,0,0,2,1,Johnson-Lewis,Martinique,3573,False
https://arroyo.org,org,1,18,0,0,0,2,0,"Carter, Erickson and Nash",Anguilla,2119,False
https://sandoval.biz,biz,1,20,0,0,0,2,1,Howell PLC,Northern Mariana Islands,1736,False
https://martinez-brooks.net,net,1,27,1,0,0,2,0,"Green, Allen and House",Tanzania,6693,True
https://ward.ar,ar,1,15,0,0,0,2,1,"Gonzales, Brown and Richards",Malaysia,6074,False
https://hernandez-jenkins.io,io,1,28,1,0,0,2,0,"Dorsey, Villanueva and Smith",Botswana,1833,True
http://martinez.gov,gov,0,19,0,0,0,2,0,Jones-Smith,Saint Barthelemy,4359,True
https://fletcher.gov,gov,1,20,0,0,0,2,0,"Parker, Brown and Schneider",Kazakhstan,6539,False
https://humphrey.org,org,1,20,0,0,0,2,1,Mcclain Ltd,Mauritania,5392,True
http://sanders-gonzalez.biz,biz,0,27,1,0,0,2,0,"Rodriguez, Jenkins and Hernandez",Lao People's Democratic Republic,5667,True
http://hanson.com,com,0,17,0,0,0,2,0,"Hill, Henry and Cox",Tajikistan,1065,False
http://fields-morgan.io,io,0,23,1,0,0,2,1,Keller-Miller,Turkey,4604,True
https://maxwell.dev,dev,1,19,0,0,0,2,1,"Gregory, Salinas and Lucas",Ethiopia,4759,False
https://johnson.org,org,1,19,0,0,0,2,0,Terry LLC,Ukraine,3303,True
http://harris.dev,dev,0,17,0,0,0,2,1,Turner LLC,Serbia,3041,True
https://lewis-price.info,info,1,24,1,0,0,2,1,Thomas Ltd,Jordan,2718,True
http://jacobs.org,org,0,17,0,0,0,2,0,Bishop Ltd,Mali,6705,False
https://rodriguez.dev,dev,1,21,0,0,0,2,0,"Perez, Oneill and Moreno",Finland,6069,True
https://davis-chavez.edu,edu,1,24,1,0,0,2,1,Simmons PLC,United Arab Emirates,6052,False
http://snyder.gov,gov,0,17,0,0,0,2,1,Simpson Inc,United States of America,5525,True
http://smith.ar,ar,0,15,0,0,0,2,0,"Stewart, Oconnor and Wilkerson",Iran,1034,False
https://johnson.ar,ar,1,18,0,0,0,2,0,"Vaughan, Hayes and Day",New Zealand,4913,False
https://simmons.gov,gov,1,19,0,0,0,2,0,"Osborn, Powers and Garcia",Bahamas,6544,False
https://brown-lambert.edu,edu,1,25,1,0,0,2,0,Harrison-Ryan,Uruguay,1006,True
http://crawford.io,io,0,18,0,0,0,2,0,Gilbert-Ramirez,Qatar,4544,True
https://mccoy.ar,ar,1,16,0,0,0,2,0,Shaw LLC,Austria,2673,False
https://martinez-phillips.dev,dev,1,29,1,0,0,2,1,Parsons-Lopez,Eritrea,1442,True
http://white.edu,edu,0,16,0,0,0,2,0,Cruz-Norman,Mozambique,1145,True
https://day.biz,biz,1,15,0,0,0,2,1,Carlson-Wheeler,Bahrain,5840,False
http://jarvis.gov,gov,0,17,0,0,0,2,1,Lee Group,Hungary,6394,True
https://sosa.io,io,1,15,0,0,0,2,1,Mcneil Ltd,Cocos (Keeling) Islands,7141,False
https://nguyen.gov,gov,1,18,0,0,0,2,0,"Rosales, Rios and Mueller",Hungary,5278,True
http://collier.net,net,0,18,0,0,0,2,1,"Gonzalez, Adams and James",Romania,6117,False
https://skinner.dev,dev,1,19,0,0,0,2,1,Martin Group,Guadeloupe,1664,False
http://king.edu,edu,0,15,0,0,0,2,1,Santos-Barnett,Sierra Leone,2568,True
https://reynolds-nelson.net,net,1,27,1,0,0,2,1,Young-Bailey,Palestinian Territory,850,True
http://gardner-rivera.org,org,0,25,1,0,0,2,0,Medina Group,Chad,3582,False
https://hill-baker.info,info,1,23,1,0,0,2,1,Rios PLC,Cuba,4620,True
http://dean.gov,gov,0,15,0,0,0,2,1,"Williams, Vasquez and Dunn",China,3530,True
https://rodriguez.ar,ar,1,20,0,0,0,2,1,Knapp LLC,Korea,3383,True
https://hurst.gov,gov,1,17,0,0,0,2,0,Stuart-Estes,Russian Federation,2381,False
http://gonzalez-melton.info,info,0,27,1,0,0,2,0,Bush-Chapman,Niger,6311,False
http://fry.info,info,0,15,0,0,0,2,1,"Frank, Summers and Fuller",Wallis and Futuna,5957,False
http://jimenez-stewart.net,net,0,26,1,0,0,2,1,"Scott, Aguilar and Newton",Reunion,6485,False
http://smith-powers.com,com,0,23,1,0,0,2,1,"Castillo, Todd and Smith",Liechtenstein,3873,True
https://johnson-hayes.info,info,1,26,1,0,0,2,0,Calderon PLC,Lesotho,1123,True
https://lawson.dev,dev,1,18,0,0,0,2,1,"Johnson, Glass and Ayala",Senegal,4228,True
https://jacobs.org,org,1,18,0,0,0,2,1,"Pearson, Skinner and Jacobs",Madagascar,2349,False
http://hartman.biz,biz,0,18,0,0,0,2,0,Garcia-Barrett,Paraguay,2565,True
http://hayes.info,info,0,17,0,0,0,2,0,Brown and Sons,Turkey,1139,True
http://jackson.edu,edu,0,18,0,0,0,2,0,Costa PLC,Afghanistan,5481,False
https://webster.info,info,1,20,0,0,0,2,1,Wilson-Morris,Qatar,981,True
https://perry.org,org,1,17,0,0,0,2,0,Boyd LLC,Tajikistan,6805,True
https://stevens.com,com,1,19,0,0,0,2,0,Solomon Ltd,Tonga,3244,True
http://alvarez.gov,gov,0,18,0,0,0,2,1,Mcfarland-Copeland,South Georgia and the South Sandwich Islands,7196,False
https://valencia.info,info,1,21,0,0,0,2,0,Walker PLC,Algeria,898,True
http://allen.gov,gov,0,16,0,0,0,2,0,"Simmons, Grant and Garcia",Japan,6696,True
https://douglas.edu,edu,1,19,0,0,0,2,1,"English, Wright and Archer",Korea,5287,True
http://wright-irwin.info,info,0,24,1,0,0,2,1,Sanchez Ltd,Bhutan,4043,True
http://ross.net,net,0,15,0,0,0,2,0,Marquez Group,Heard Island and McDonald Islands,3933,False
http://cunningham.gov,gov,0,21,0,0,0,2,0,Smith LLC,Guinea-Bissau,5747,False
https://garrett-ramirez.gov,gov,1,27,1,0,0,2,1,Vang-Williams,India,4776,True
http://delacruz-brown.gov,gov,0,25,1,0,0,2,1,"Kelley, Woods and Suarez",Haiti,6879,False
http://price.edu,edu,0,16,0,0,0,2,0,"Williams, Carroll and Phillips",Tuvalu,2543,True
https://martin.net,net,1,18,0,0,0,2,0,"Johnson, Scott and Carrillo",Spain,818,False
http://beck.edu,edu,0,15,0,0,0,2,0,"Smith, Patterson and Norton",Lebanon,3031,False
http://mendez-perez.org,org,0,23,1,0,0,2,0,"Page, Nunez and Rivas",Costa Rica,4205,True
http://caldwell.gov,gov,0,19,0,0,0,2,0,Lindsey-Stewart,Spain,829,False
https://garcia.dev,dev,1,18,0,0,0,2,1,Schmitt Inc,Bermuda,3414,True
http://henderson.com,com,0,20,0,0,0,2,0,Rodgers-Brewer,Saint Barthelemy,6353,True
http://jackson.info,info,0,19,0,0,0,2,0,"Valencia, Yang and Carter",Austria,6261,False
http://spencer.biz,biz,0,18,0,0,0,2,0,Marquez-Boyd,Mauritius,4019,True
https://watson-gould.com,com,1,24,1,0,0,2,1,Hamilton-Wright,Jersey,6640,True
http://quinn-johnson.org,org,0,24,1,0,0,2,1,"Norman, Harper and Bishop",Lebanon,6412,False
http://brown-mullins.ar,ar,0,23,1,0,0,2,0,"Hernandez, Gray and Pierce",Andorra,3215,False
https://reese.org,org,1,17,0,0,0,2,0,Dodson Group,Sierra Leone,790,False
https://hill.ar,ar,1,15,0,0,0,2,1,"Powell, Mcbride and Meyer",Indonesia,5966,False
https://jones-hood.dev,dev,1,22,1,0,0,2,0,Murphy-Smith,Kyrgyz Republic,7281,False
http://johnson.biz,biz,0,18,0,0,0,2,1,Lee LLC,Bulgaria,597,False
https://peterson-petersen.biz,biz,1,29,1,0,0,2,0,Clark-White,Pakistan,1929,False
https://garcia.biz,biz,1,18,0,0,0,2,1,Smith-Baldwin,Andorra,4550,True
https://murillo-waters.io,io,1,25,1,0,0,2,1,Massey-Johnson,Trinidad and Tobago,5573,True
https://jones.net,net,1,17,0,0,0,2,0,Howe Ltd,Sierra Leone,1287,True
https://dunn.com,com,1,16,0,0,0,2,0,Salinas-Cunningham,Philippines,3243,False
https://barnes.biz,biz,1,18,0,0,0,2,1,"Oliver, Webb and Morris",Tunisia,1276,False
http://valdez.info,info,0,18,0,0,0,2,0,"Smith, Leblanc and Norton",Solomon Islands,2480,True
https://lawrence-jones.info,info,1,27,1,0,0,2,0,Beck-Ross,Saint Pierre and Miquelon,5955,False
http://kelley.net,net,0,17,0,0,0,2,0,"Rogers, Lee and Wong",Taiwan,3478,True
https://hernandez-wilson.dev,dev,1,28,1,0,0,2,0,"Smith, Orozco and Baker",Turkmenistan,4238,True
https://brennan.dev,dev,1,19,0,0,0,2,1,Sanchez-Sweeney,Svalbard & Jan Mayen Islands,472,False
https://greene-zimmerman.biz,biz,1,28,1,0,0,2,1,Carey and Sons,Kyrgyz Republic,6231,True
https://young.com,com,1,17,0,0,0,2,1,Murray and Sons,Yemen,5697,True
http://li-smith.com,com,0,19,1,0,0,2,1,Long-Green,Falkland Islands (Malvinas),2295,False
http://allen.com,com,0,16,0,0,0,2,1,Thompson Inc,Cook Islands,1634,False
https://smith-murphy.com,com,1,24,1,0,0,2,1,Vargas and Sons,Germany,674,True
http://ramirez.edu,edu,0,18,0,0,0,2,0,Rodriguez PLC,Mali,6693,True
http://hoffman.edu,edu,0,18,0,0,0,2,0,Perez-Maxwell,Cook Islands,2606,False
http://fernandez-roy.ar,ar,0,23,1,0,0,2,1,Stevens LLC,China,5825,True
http://davis.com,com,0,16,0,0,0,2,0,"Whitaker, Moreno and Sims",Italy,4024,True
http://padilla.biz,biz,0,18,0,0,0,2,0,Mcmahon LLC,Saudi Arabia,3430,True
http://erickson.info,info,0,20,0,0,0,2,0,"Buck, Robbins and Mcfarland",Philippines,4420,False
http://sandoval.biz,biz,0,19,0,0,0,2,0,Edwards Group,Syrian Arab Republic,4073,False
https://morales-rivera.gov,gov,1,26,1,0,0,2,0,Torres-Cunningham,Netherlands Antilles,3279,False
http://waller.dev,dev,0,17,0,0,0,2,0,Smith-Fields,Namibia,3656,False
http://peterson-thompson.dev,dev,0,28,1,0,0,2,0,Lopez-Fitzgerald,Philippines,6650,False
https://baker.info,info,1,18,0,0,0,2,1,Hudson Ltd,Martinique,743,False
https://armstrong.edu,edu,1,21,0,0,0,2,0,"Dodson, Roberts and Moyer",Norway,1046,False
https://hernandez.biz,biz,1,21,0,0,0,2,1,"Kim, Watson and Benjamin",Cyprus,6713,False
https://garcia-robles.org,org,1,25,1,0,0,2,0,Golden-Wells,South Africa,1646,False
https://edwards.ar,ar,1,18,0,0,0,2,0,"Flynn, Arnold and Olson",Saudi Arabia,1286,False
http://stewart-nelson.com,com,0,25,1,0,0,2,0,Smith Group,Saint Vincent and the Grenadines,4534,False
http://dillon.net,net,0,17,0,0,0,2,0,"Stanley, Cardenas and Holland",Belarus,1268,True
https://harris-cameron.ar,ar,1,25,1,0,0,2,0,Rodriguez-Goodman,Colombia,6351,False
https://hart-douglas.biz,biz,1,24,1,0,0,2,1,Kelly-Jimenez,Anguilla,540,False
https://ryan.biz,biz,1,16,0,0,0,2,0,Reyes Ltd,Gambia,4838,False
https://lewis-west.info,info,1,23,1,0,0,2,0,"Smith, Deleon and Reyes",Turkey,2611,False
https://brown-archer.ar,ar,1,23,1,0,0,2,1,"Yang, Park and Andrade",Iraq,7298,False
https://day-huber.info,info,1,22,1,0,0,2,0,"Byrd, Mccarty and Burns",Lao People's Democratic Republic,5808,True
http://huber.biz,biz,0,16,0,0,0,2,1,Greene Group,Solomon Islands,5147,False
http://kennedy-cohen.dev,dev,0,24,1,0,0,2,1,"Patterson, Tucker and Price",India,4789,False
https://thomas.edu,edu,1,18,0,0,0,2,1,Morris Group,Egypt,2043,False
http://archer.net,net,0,17,0,0,0,2,0,Lynch Group,Liechtenstein,1853,False
http://wilson-schneider.com,com,0,27,1,0,0,2,0,Howard Inc,Malta,3349,True
https://chen.io,io,1,15,0,0,0,2,1,Cook LLC,Tajikistan,6130,False
http://hammond-porter.io,io,0,24,1,0,0,2,1,Miller Ltd,Kuwait,6832,False
https://shaw-ritter.biz,biz,1,23,1,0,0,2,1,Skinner and Sons,North Macedonia,1359,False
http://hahn.gov,gov,0,15,0,0,0,2,1,Ewing and Sons,Antarctica (the territory South of 60 deg S),1778,False
http://walker.com,com,0,17,0,0,0,2,1,Villanueva Group,Antarctica (the territory South of 60 deg S),1301,True
https://mendez.biz,biz,1,18,0,0,0,2,1,Gonzalez-Warren,Tajikistan,2368,False
http://schultz.edu,edu,0,18,0,0,0,2,1,Johnson-Gibson,Tokelau,6322,True
https://mata.ar,ar,1,15,0,0,0,2,0,Rivera Group,Georgia,488,True
http://terry-hughes.gov,gov,0,23,1,0,0,2,1,"Cardenas, Mueller and Stone",Belarus,5137,False
https://cross.ar,ar,1,16,0,0,0,2,0,Anderson-Brooks,Philippines,6050,False
http://taylor-kidd.net,net,0,22,1,0,0,2,1,Sparks and Sons,Nigeria,3238,True
http://williams.com,com,0,19,0,0,0,2,1,"Delacruz, Costa and Hickman",Greenland,5045,False
https://larsen-brown.com,com,1,24,1,0,0,2,0,Brooks-Johnson,Falkland Islands (Malvinas),3877,False
http://tyler.com,com,0,16,0,0,0,2,0,David and Sons,Korea,697,False
http://brown-martinez.biz,biz,0,25,1,0,0,2,0,"Martin, Gonzalez and Mann",Bolivia,3384,True
https://reeves.org,org,1,18,0,0,0,2,0,Beard Group,Argentina,2368,True
http://richardson.org,org,0,21,0,0,0,2,1,"Carter, Garner and Hess",Myanmar,2552,True
http://briggs.io,io,0,16,0,0,0,2,0,Mayer Ltd,Liechtenstein,2079,False
http://taylor.io,io,0,16,0,0,0,2,0,Moreno and Sons,South Georgia and the South Sandwich Islands,2864,True
http://gardner.biz,biz,0,18,0,0,0,2,1,Green-Lopez,French Southern Territories,4790,True
http://burns-white.org,org,0,22,1,0,0,2,1,"Patterson, Woods and Russell",Israel,6825,False
http://hunter.biz,biz,0,17,0,0,0,2,0,Curtis-Smith,Belize,6428,True
http://burnett.gov,gov,0,18,0,0,0,2,1,"Mcguire, Kelley and Jackson",Slovakia (Slovak Republic),943,False
https://crosby.biz,biz,1,18,0,0,0,2,1,Everett PLC,Belize,2872,False
https://rowland.com,com,1,19,0,0,0,2,0,"Reeves, Coleman and Hess",Thailand,5379,False
https://williams.org,org,1,20,0,0,0,2,1,Alvarez-Mora,Montserrat,5358,True
https://rice.org,org,1,16,0,0,0,2,1,"Brown, Goodwin and Johnson",Albania,2550,False
https://gross.ar,ar,1,16,0,0,0,2,0,"Miller, Johnson and Hernandez",Belarus,1699,True
http://skinner-mata.org,org,0,23,1,0,0,2,0,Fox-James,Yemen,1143,False
https://avila-parrish.com,com,1,25,1,0,0,2,0,"Arnold, Dodson and Bell",Paraguay,2583,False
https://harris.biz,biz,1,18,0,0,0,2,0,Perez-Fisher,Estonia,5796,False
http://mann-luna.io,io,0,19,1,0,0,2,0,Arnold PLC,China,6014,False
https://humphrey-hartman.io,io,1,27,1,0,0,2,0,Golden-Pacheco,Romania,3950,True
http://hall.biz,biz,0,15,0,0,0,2,1,Anderson Group,Western Sahara,439,True
http://juarez-lawson.info,info,0,25,1,0,0,2,1,Edwards-Shannon,Aruba,7032,True
https://lewis-durham.org,org,1,24,1,0,0,2,1,Lopez and Sons,Madagascar,4936,False
https://werner.ar,ar,1,17,0,0,0,2,1,Wright Inc,Bosnia and Herzegovina,5180,True
https://schwartz-gonzalez.gov,gov,1,29,1,0,0,2,1,Warner and Sons,Slovenia,3840,True
http://williams.ar,ar,0,18,0,0,0,2,1,"Christian, Valdez and Francis",South Georgia and the South Sandwich Islands,5366,False
https://green.dev,dev,1,17,0,0,0,2,0,"Valdez, Robbins and Cummings",Mozambique,2986,True
http://gonzalez.com,com,0,19,0,0,0,2,1,Chambers-Rogers,Iceland,6259,True
https://olson.info,info,1,18,0,0,0,2,1,"Rogers, Herrera and Mcgrath",Vanuatu,5194,True
http://short-rodriguez.ar,ar,0,25,1,0,0,2,0,Butler PLC,Samoa,5675,False
http://bowman.ar,ar,0,16,0,0,0,2,0,"Matthews, Mooney and Logan",American Samoa,6565,False
https://cruz.edu,edu,1,16,0,0,0,2,0,Haley-Davies,Morocco,5079,True
https://durham.edu,edu,1,18,0,0,0,2,0,Jackson-Rodriguez,Cocos (Keeling) Islands,3085,False
http://hanson.info,info,0,18,0,0,0,2,0,Young and Sons,Saint Helena,5938,True
http://rodriguez-robertson.com,com,0,30,1,0,0,2,0,"Gibson, Armstrong and Vance",Cape Verde,4897,True
http://day.io,io,0,13,0,0,0,2,1,Cooper-Perkins,Vietnam,5508,True
http://parker-miller.dev,dev,0,24,1,0,0,2,1,"Garcia, Stone and Ponce",Jordan,2890,False
https://barnes.io,io,1,17,0,0,0,2,0,"Parrish, Avila and Schneider",Reunion,6623,False
https://carroll.edu,edu,1,19,0,0,0,2,0,Murray LLC,Cape Verde,2898,True
http://taylor.edu,edu,0,17,0,0,0,2,1,"Schroeder, Guzman and Martinez",Slovakia (Slovak Republic),6586,True
http://phillips.dev,dev,0,19,0,0,0,2,0,Myers Group,Panama,6711,True
https://brown.com,com,1,17,0,0,0,2,1,Gutierrez-Daniel,Estonia,4729,False
http://stewart.org,org,0,18,0,0,0,2,1,"Ball, Smith and Parker",Saint Lucia,4523,False
http://porter-byrd.edu,edu,0,22,1,0,0,2,0,Reed PLC,Svalbard & Jan Mayen Islands,4238,True
https://gonzalez.gov,gov,1,20,0,0,0,2,1,"Welch, Wilson and Henry",Gibraltar,3872,False
http://thompson.ar,ar,0,18,0,0,0,2,1,Todd PLC,Greenland,4251,False
http://nichols.edu,edu,0,18,0,0,0,2,0,Parker-Thompson,Kazakhstan,2676,False
http://richardson.info,info,0,22,0,0,0,2,1,"Johnson, Roberts and Hamilton",Cook Islands,2568,True
http://roberts-brown.info,info,0,25,1,0,0,2,1,Medina Group,Lithuania,3206,True
http://smith.gov,gov,0,16,0,0,0,2,1,Davidson Group,Montserrat,586,False
http://gilmore.edu,edu,0,18,0,0,0,2,1,Wright PLC,Puerto Rico,663,True
https://sanchez.io,io,1,18,0,0,0,2,0,Sims PLC,Puerto Rico,6598,False
http://fitzgerald-munoz.org,org,0,27,1,0,0,2,0,"Nguyen, Cooper and Charles",Saint Martin,7121,True
https://wilson-smith.org,org,1,24,1,0,0,2,1,Tanner-Payne,Cocos (Keeling) Islands,3041,False
http://barron-jones.ar,ar,0,22,1,0,0,2,0,Huff-Weiss,Andorra,5594,False
http://hamilton.edu,edu,0,19,0,0,0,2,1,Myers Ltd,Sudan,5865,True
https://palmer.net,net,1,18,0,0,0,2,1,Johnson Inc,Jersey,7225,True
http://baker-lewis.net,net,0,22,1,0,0,2,0,Vargas-Soto,El Salvador,2917,False
http://monroe.dev,dev,0,17,0,0,0,2,0,Singleton LLC,Thailand,2879,True
http://rollins-parker.dev,dev,0,25,1,0,0,2,0,James-Velasquez,Luxembourg,4240,False
http://rhodes.edu,edu,0,17,0,0,0,2,1,Kelley Inc,Gibraltar,6867,False
https://gutierrez-vaughn.biz,biz,1,28,1,0,0,2,1,Reed-Lawson,Cuba,6601,True
https://hughes-rogers.net,net,1,25,1,0,0,2,1,Lawson-Taylor,Taiwan,3944,False
http://howe.ar,ar,0,14,0,0,0,2,1,"Cruz, Brown and Gibbs",Turks and Caicos Islands,423,False
https://murray.biz,biz,1,18,0,0,0,2,1,Thompson and Sons,Albania,5626,False
https://perry-rhodes.io,io,1,23,1,0,0,2,1,"Brady, Walker and Navarro",Montenegro,5520,True
http://young-rodriguez.com,com,0,26,1,0,0,2,1,"Davis, Johnson and Moran",Albania,2904,True
http://walker.com,com,0,17,0,0,0,2,1,Thomas and Sons,Cayman Islands,488,False
http://parsons.io,io,0,17,0,0,0,2,0,Garrett and Sons,United States Minor Outlying Islands,751,True
http://kline.gov,gov,0,16,0,0,0,2,1,Hudson-Caldwell,France,4133,True
http://wilson-harvey.ar,ar,0,23,1,0,0,2,1,Hughes-Harris,Lithuania,3194,False
https://swanson.com,com,1,19,0,0,0,2,0,Williams Group,Cuba,775,False
http://perez.com,com,0,16,0,0,0,2,1,Barton-Martinez,Nepal,5237,True
https://hill-gonzalez.ar,ar,1,24,1,0,0,2,0,Johnson Ltd,Bahamas,3592,True
http://hancock.dev,dev,0,18,0,0,0,2,0,Nelson-Malone,Reunion,1090,False
http://winters.org,org,0,18,0,0,0,2,1,"Cisneros, Lowe and Powell",North Macedonia,6602,True
https://robinson-rhodes.net,net,1,27,1,0,0,2,0,"Porter, Ford and Heath",Sao Tome and Principe,1090,True
https://conner.biz,biz,1,18,0,0,0,2,1,Park-Owen,Niger,512,False
http://jackson-hernandez.info,info,0,29,1,0,0,2,0,Berry-Henderson,Latvia,406,False
https://morton.com,com,1,18,0,0,0,2,1,Dennis Group,Swaziland,3701,True
http://cortez.ar,ar,0,16,0,0,0,2,1,Mckinney PLC,Bolivia,1596,True
https://buchanan.io,io,1,19,0,0,0,2,0,Brown-Pollard,Netherlands,5794,True
https://sanchez.dev,dev,1,19,0,0,0,2,1,Montgomery-Henson,Cayman Islands,6819,True
http://small.edu,edu,0,16,0,0,0,2,1,"Weaver, Baker and Hendricks",Martinique,5921,True
http://brown.gov,gov,0,16,0,0,0,2,0,Russell Ltd,Antarctica (the territory South of 60 deg S),3783,True
https://williams.gov,gov,1,20,0,0,0,2,1,"Hudson, Fields and Horne",Chad,5336,False
https://gillespie-wilson.net,net,1,28,1,0,0,2,0,Lloyd-Melendez,Antigua and Barbuda,3498,True
http://white-harris.gov,gov,0,23,1,0,0,2,1,Hicks and Sons,Bahamas,3475,True
http://scott-farley.io,io,0,22,1,0,0,2,0,Edwards LLC,France,1584,True
https://lewis.info,info,1,18,0,0,0,2,1,Gonzalez Inc,Lithuania,1123,False
https://ramos-woods.org,org,1,23,1,0,0,2,0,"Wong, Miller and Hart",Guadeloupe,7142,True
http://pierce-morgan.org,org,0,24,1,0,0,2,0,"Leach, Martinez and Vasquez",Czech Republic,2449,False
http://williamson-robinson.biz,biz,0,30,1,0,0,2,1,"Shepard, Mcknight and Cook",Aruba,3733,False
http://armstrong.gov,gov,0,20,0,0,0,2,1,Robertson-Tapia,Angola,5596,True
https://cervantes-lewis.net,net,1,27,1,0,0,2,0,Greene-Stout,Swaziland,895,True
https://olson-rodriguez.gov,gov,1,27,1,0,0,2,0,Kelly Inc,Vanuatu,2132,False
https://smith.edu,edu,1,17,0,0,0,2,1,Payne and Sons,Finland,2761,False
https://bird-reyes.com,com,1,22,1,0,0,2,1,Johnson-Riley,Korea,4951,False
https://parker-brown.edu,edu,1,24,1,0,0,2,0,Baker LLC,Ukraine,493,False
https://miller.biz,biz,1,18,0,0,0,2,1,Davidson PLC,Monaco,6128,True
http://smith-moore.ar,ar,0,21,1,0,0,2,1,Duncan-Martinez,Mauritania,6891,True
http://harris-james.dev,dev,0,23,1,0,0,2,0,"Skinner, Holt and Saunders",Liechtenstein,5325,True
https://white.io,io,1,16,0,0,0,2,0,Murphy and Sons,Pitcairn Islands,3354,True
http://kelley.io,io,0,16,0,0,0,2,1,Adams PLC,Isle of Man,5991,False
https://bell.io,io,1,15,0,0,0,2,0,Stewart and Sons,Equatorial Guinea,5876,True
http://jacobson-johnson.ar,ar,0,26,1,0,0,2,0,Lynch Group,Nigeria,3032,False
https://bell.ar,ar,1,15,0,0,0,2,0,Sullivan-Gardner,Morocco,3862,False
https://carey.info,info,1,18,0,0,0,2,1,"Flores, Beck and Reynolds",Korea,3348,True
https://valenzuela-ortiz.net,net,1,28,1,0,0,2,0,"Graham, Case and Carlson",Bolivia,2774,True
https://smith.net,net,1,17,0,0,0,2,1,Arias-Conley,Kiribati,2820,False
http://cole.info,info,0,16,0,0,0,2,0,"Lewis, King and Douglas",Comoros,6188,False
https://morgan.ar,ar,1,17,0,0,0,2,1,Walker-Steele,Micronesia,3706,True
https://smith-white.org,org,1,23,1,0,0,2,0,"Brown, Chaney and Ward",Malawi,6659,False
https://robinson.info,info,1,21,0,0,0,2,1,"Rodriguez, Smith and Brown",Portugal,5565,False
https://garcia-duffy.ar,ar,1,23,1,0,0,2,0,Barrera-Brown,Indonesia,893,True
https://fleming.net,net,1,19,0,0,0,2,0,Bates and Sons,American Samoa,4981,False
https://douglas-reyes.edu,edu,1,25,1,0,0,2,1,King-Patton,Oman,5806,True
http://beck-owens.ar,ar,0,20,1,0,0,2,1,"Gomez, Rosario and Vincent",Mongolia,2224,False
https://joseph-guzman.dev,dev,1,25,1,0,0,2,1,Harrison PLC,Malta,4753,True
http://cole.dev,dev,0,15,0,0,0,2,1,Phillips-Salazar,Timor-Leste,1222,True
https://strickland-dean.dev,dev,1,27,1,0,0,2,0,Tapia Group,Kiribati,838,False
https://harris.edu,edu,1,18,0,0,0,2,1,Clark LLC,Solomon Islands,5609,True
https://wilson-thomas.gov,gov,1,25,1,0,0,2,0,Sanchez Ltd,Kazakhstan,1495,True
https://oliver.gov,gov,1,18,0,0,0,2,0,Martin PLC,Solomon Islands,3214,True
https://scott.io,io,1,16,0,0,0,2,1,Cowan-Vaughan,British Indian Ocean Territory (Chagos Archipelago),4979,False
http://fisher-rodriguez.org,org,0,27,1,0,0,2,0,Stewart-Waters,Saint Lucia,3871,True
https://york.dev,dev,1,16,0,0,0,2,1,Figueroa-Thomas,Italy,6360,False
http://lee.info,info,0,15,0,0,0,2,0,"Harper, Cummings and Pearson",Honduras,961,True
http://lee.gov,gov,0,14,0,0,0,2,0,Bell PLC,Puerto Rico,1095,True
https://robinson-jones.io,io,1,25,1,0,0,2,1,Wolf and Sons,Qatar,3868,False
https://roberts.net,net,1,19,0,0,0,2,0,"Alvarez, Lam and Miller",Egypt,4077,True
https://spencer-horn.ar,ar,1,23,1,0,0,2,1,Smith PLC,Guyana,368,True
https://james.com,com,1,17,0,0,0,2,0,"Wright, Mitchell and Kelly",Guadeloupe,733,True
https://steele-drake.info,info,1,25,1,0,0,2,1,Wells Group,Georgia,2708,False
http://galvan.com,com,0,17,0,0,0,2,1,Mills-Rodriguez,Ecuador,6782,True
https://mendez.com,com,1,18,0,0,0,2,1,"Pacheco, Gaines and Hopkins",Finland,6945,True
https://hodge-robinson.biz,biz,1,26,1,0,0,2,0,Scott LLC,Reunion,1646,True
https://moore-brooks.gov,gov,1,24,1,0,0,2,1,"Hull, Lane and Garcia",Saint Vincent and the Grenadines,5860,True
http://robinson.edu,edu,0,19,0,0,0,2,0,Martinez Ltd,Iraq,4197,False
https://reese.dev,dev,1,17,0,0,0,2,0,Franco-Stevens,Timor-Leste,2116,False
http://coffey.com,com,0,17,0,0,0,2,0,Scott PLC,San Marino,3895,False
https://banks.net,net,1,17,0,0,0,2,1,Vega Group,Andorra,1538,False
http://baker.com,com,0,16,0,0,0,2,0,Duran-Hunt,Turks and Caicos Islands,5016,False
http://hale.net,net,0,15,0,0,0,2,1,Thomas-Becker,Guyana,6519,True
https://brady.com,com,1,17,0,0,0,2,1,Owens-Burnett,Netherlands,6798,True
http://holland.dev,dev,0,18,0,0,0,2,0,Rogers PLC,Saint Barthelemy,4015,False
https://jones-ramirez.edu,edu,1,25,1,0,0,2,1,Scott LLC,Brazil,6247,False
http://daniel.info,info,0,18,0,0,0,2,0,Young-Curry,Togo,5891,False
http://nicholson-morrison.dev,dev,0,29,1,0,0,2,1,Boyd-Robinson,Vanuatu,6304,False
http://swanson.ar,ar,0,17,0,0,0,2,1,"Flores, Walters and Diaz",Tuvalu,4238,True
https://henderson.io,io,1,20,0,0,0,2,1,"Edwards, Martin and Benson",Madagascar,5291,False
https://martin.biz,biz,1,18,0,0,0,2,0,Daniels-Esparza,Turks and Caicos Islands,5870,False
https://scott-mayo.io,io,1,21,1,0,0,2,0,"Zamora, Smith and Bush",Antarctica (the territory South of 60 deg S),3176,True
https://peters.info,info,1,19,0,0,0,2,1,"Davis, Robinson and Fleming",Cape Verde,4808,False
http://forbes.edu,edu,0,17,0,0,0,2,1,Santos-Woods,Honduras,3933,False
http://russell.org,org,0,18,0,0,0,2,1,Cannon Group,Honduras,3292,True
https://shannon.ar,ar,1,18,0,0,0,2,0,"Watson, Richard and Orr",Liechtenstein,1965,False
http://webb.io,io,0,14,0,0,0,2,1,Vazquez Ltd,Peru,936,True
https://harris-miller.biz,biz,1,25,1,0,0,2,0,Mitchell Inc,Bermuda,5974,False
https://rojas.io,io,1,16,0,0,0,2,1,Paul-Mahoney,Dominican Republic,5711,False
http://daniels-lowe.io,io,0,22,1,0,0,2,0,"Lewis, Greene and Little",Russian Federation,866,False
https://brock.com,com,1,17,0,0,0,2,1,Miller-Sherman,Russian Federation,4847,False
https://russell.edu,edu,1,19,0,0,0,2,1,Stein-Ellison,Philippines,6021,False
https://winters.edu,edu,1,19,0,0,0,2,0,Vega-Walker,Bermuda,1870,True
http://bennett.edu,edu,0,18,0,0,0,2,0,Jacobs-White,Pakistan,3702,False
http://williams.com,com,0,19,0,0,0,2,1,Ford-Turner,Tunisia,6674,False
http://taylor.com,com,0,17,0,0,0,2,1,Garner Inc,French Polynesia,6162,True
https://weaver.gov,gov,1,18,0,0,0,2,0,Barrera Group,Macao,1754,True
https://mcgrath.org,org,1,19,0,0,0,2,0,"Ross, Edwards and Sullivan",Switzerland,462,True
https://paul-davis.net,net,1,22,1,0,0,2,0,Taylor Ltd,Afghanistan,5357,True
https://barnett.biz,biz,1,19,0,0,0,2,1,Wright-Gomez,Dominica,6317,False
http://brown.com,com,0,16,0,0,0,2,1,"Allen, Hughes and Williams",Gambia,1972,True
http://green-brown.net,net,0,22,1,0,0,2,1,Howard LLC,Bulgaria,3019,True
http://zimmerman.net,net,0,20,0,0,0,2,1,Garrett-Lambert,Nigeria,3572,True
https://bailey-woods.biz,biz,1,24,1,0,0,2,0,"Vincent, Cook and Yang",Bangladesh,5186,True
http://greene.info,info,0,18,0,0,0,2,0,Robinson PLC,France,2124,True
http://good-davis.ar,ar,0,20,1,0,0,2,1,"Sanchez, Shelton and Davis",Heard Island and McDonald Islands,7228,True
https://rodriguez.org,org,1,21,0,0,0,2,1,Kelly-Weber,Montserrat,5574,True
http://bailey.net,net,0,17,0,0,0,2,1,Wolf Ltd,Paraguay,2793,True
http://ibarra.ar,ar,0,16,0,0,0,2,1,"Watts, Walsh and Davenport",Vanuatu,4456,True
https://casey-sherman.gov,gov,1,25,1,0,0,2,0,Lambert-Lopez,Yemen,4847,True
http://brown.edu,edu,0,16,0,0,0,2,0,Padilla-Jordan,Uruguay,6772,True
http://clements-smith.edu,edu,0,25,1,0,0,2,0,"Hernandez, Daniel and Dean",Malawi,2969,False
http://garcia.biz,biz,0,17,0,0,0,2,0,"Marquez, Johnson and Stark",Northern Mariana Islands,6857,True
https://green.edu,edu,1,17,0,0,0,2,0,Miller-Williams,Liechtenstein,7104,False
https://holloway.edu,edu,1,20,0,0,0,2,1,Huang-Smith,Barbados,5312,True
http://cannon.ar,ar,0,16,0,0,0,2,0,Romero-Hunter,Japan,3892,True
https://delgado.com,com,1,19,0,0,0,2,0,"Harmon, Wiggins and Obrien",Northern Mariana Islands,6950,True
https://brown-ashley.org,org,1,24,1,0,0,2,0,"Grant, Finley and Williams",Sierra Leone,2542,False
https://bird-smith.io,io,1,21,1,0,0,2,1,Brown-Lawson,Tokelau,6571,False
http://bowen.dev,dev,0,16,0,0,0,2,0,Franco-Tate,Uruguay,1234,True
http://castaneda-clark.edu,edu,0,26,1,0,0,2,1,Black-Chavez,Wallis and Futuna,3992,False
https://sanchez-flores.dev,dev,1,26,1,0,0,2,1,Barnes-Martin,Mayotte,5681,False
https://morris-foster.org,org,1,25,1,0,0,2,0,Mckenzie Ltd,Barbados,3779,False
https://jones.gov,gov,1,17,0,0,0,2,0,Cox and Sons,Kiribati,4063,False
https://kelly.edu,edu,1,17,0,0,0,2,1,Burns-Krueger,Paraguay,4705,True
http://hampton-bass.edu,edu,0,23,1,0,0,2,0,Michael Group,Somalia,2403,True
https://turner.info,info,1,19,0,0,0,2,0,Russell Inc,Portugal,3873,True
https://kramer.org,org,1,18,0,0,0,2,0,Moyer and Sons,Bolivia,4600,True
https://oneill-jimenez.biz,biz,1,26,1,0,0,2,0,Robinson Inc,Lithuania,3856,True
https://le.net,net,1,14,0,0,0,2,1,Young-Munoz,Denmark,4724,True
https://young.gov,gov,1,17,0,0,0,2,0,"Mccall, Shields and Martinez",Sri Lanka,7290,False
http://clark.edu,edu,0,16,0,0,0,2,1,Humphrey and Sons,Saint Martin,7059,False
http://pennington.org,org,0,21,0,0,0,2,0,"Pham, Waller and Smith",New Zealand,6929,True
https://obrien.info,info,1,19,0,0,0,2,1,Walker-Murphy,Bolivia,5408,True
https://baker-scott.gov,gov,1,23,1,0,0,2,0,"Perez, Casey and Smith",Saint Pierre and Miquelon,5799,True
https://stone.ar,ar,1,16,0,0,0,2,1,Nguyen-Blackwell,South Africa,1793,True
https://woods-henderson.edu,edu,1,27,1,0,0,2,1,"Fox, Price and Garcia",Philippines,5330,False
https://becker.org,org,1,18,0,0,0,2,0,Williams-Ho,Pakistan,1182,True
http://williams-garcia.io,io,0,25,1,0,0,2,0,"Brown, Reilly and Owens",United Arab Emirates,3320,True
http://hughes-rowe.dev,dev,0,22,1,0,0,2,0,"Moore, Baxter and Fitzpatrick",Iran,6298,True
https://smith.biz,biz,1,17,0,0,0,2,0,"Lester, Thomas and Martin",Guernsey,4575,False
http://mcdowell.io,io,0,18,0,0,0,2,0,Hudson-Watson,Hungary,1038,True
https://figueroa.net,net,1,20,0,0,0,2,1,"Clark, Baker and Davis",Bolivia,986,False
https://poole.edu,edu,1,17,0,0,0,2,0,Guerrero PLC,Japan,536,True
http://henderson.biz,biz,0,20,0,0,0,2,0,Hughes Group,Mozambique,5392,True
http://nelson.net,net,0,17,0,0,0,2,0,Burnett-Lane,Belize,401,False
http://ruiz-lane.dev,dev,0,20,1,0,0,2,0,Lynn PLC,Liberia,2290,True
https://eaton.dev,dev,1,17,0,0,0,2,0,Wilson Group,Lebanon,5115,False
https://morgan.net,net,1,18,0,0,0,2,1,Wilson-Campbell,Mauritania,5606,True
http://hensley.ar,ar,0,17,0,0,0,2,1,"Patrick, Jackson and Marshall",New Zealand,1870,True
https://yates-powers.io,io,1,23,1,0,0,2,1,Tucker-Swanson,Gambia,6388,False
https://hughes.biz,biz,1,18,0,0,0,2,1,Moore-Watson,French Guiana,1864,False
http://hill.io,io,0,14,0,0,0,2,1,Wiggins-Hunter,Congo,5026,False
http://martinez-walker.io,io,0,25,1,0,0,2,1,Salazar-Turner,Saudi Arabia,6144,True
https://vasquez.edu,edu,1,19,0,0,0,2,0,"Watkins, Anderson and Hudson",Moldova,4464,True
http://robinson.gov,gov,0,19,0,0,0,2,1,Young Inc,Mali,5497,False
https://bowman.org,org,1,18,0,0,0,2,0,"Murphy, Bishop and Atkins",Korea,2387,True
http://miller-cummings.ar,ar,0,25,1,0,0,2,1,James Inc,American Samoa,7223,True
https://hebert.gov,gov,1,18,0,0,0,2,1,Hall-Cox,South Georgia and the South Sandwich Islands,5937,False
http://rose-sanchez.biz,biz,0,23,1,0,0,2,0,"Sellers, Mann and Moore",Papua New Guinea,647,True
http://meyer.info,info,0,17,0,0,0,2,1,"Bradford, Martinez and Simpson",Burundi,868,False
https://finley.edu,edu,1,18,0,0,0,2,1,"Walter, Hansen and Pacheco",Liberia,6731,False
http://gibbs.ar,ar,0,15,0,0,0,2,0,"Green, Harris and Luna",Saudi Arabia,2665,False
https://larson.gov,gov,1,18,0,0,0,2,1,Fisher-Hill,Macao,6389,True
https://moore.gov,gov,1,17,0,0,0,2,0,"Taylor, Clark and Pham",Estonia,5375,False
http://gaines-johnson.net,net,0,25,1,0,0,2,0,Mcintyre-Collins,Israel,5968,False
https://morgan-flores.biz,biz,1,25,1,0,0,2,1,"Sloan, Fletcher and Martin",Finland,949,True
https://smith.net,net,1,17,0,0,0,2,1,"Kemp, Nichols and Lozano",Ghana,4052,False
http://palmer-chavez.edu,edu,0,24,1,0,0,2,0,"Burnett, Peterson and Andrade",Colombia,1424,True
https://stone-jones.gov,gov,1,23,1,0,0,2,1,"Wright, Gibson and Fitzpatrick",Spain,5725,True
https://wall.gov,gov,1,16,0,0,0,2,0,Miller-Crane,Kiribati,1266,True
https://miller-elliott.io,io,1,25,1,0,0,2,1,Cabrera LLC,Ecuador,398,False
http://trujillo-reed.net,net,0,24,1,0,0,2,0,Young-Martin,Saint Martin,3552,False
http://clark.io,io,0,15,0,0,0,2,1,"Wright, Dickson and Lopez",Angola,3949,True
http://clark.net,net,0,16,0,0,0,2,0,Arnold Ltd,Guyana,4978,False
http://ramirez.info,info,0,19,0,0,0,2,0,"Rodgers, Gonzales and Cox",Guinea-Bissau,6848,True
https://choi-rodriguez.net,net,1,26,1,0,0,2,0,Burns PLC,Micronesia,2315,True
https://ritter-sims.ar,ar,1,22,1,0,0,2,0,Hopkins Group,Saint Helena,5057,False
https://hunter.edu,edu,1,18,0,0,0,2,1,Robles LLC,Tuvalu,3422,False
http://brown.gov,gov,0,16,0,0,0,2,0,"Harrell, Anderson and Jimenez",Reunion,2622,False
https://allen-perez.biz,biz,1,23,1,0,0,2,0,"Wheeler, Smith and Davis",Guernsey,1197,True
https://mahoney.biz,biz,1,19,0,0,0,2,0,"Orr, Strickland and Black",French Southern Territories,5677,True
http://howard.net,net,0,17,0,0,0,2,0,Pierce-Morgan,Armenia,5278,True
https://brown.info,info,1,18,0,0,0,2,1,Velasquez Ltd,Greenland,5143,True
http://morales.org,org,0,18,0,0,0,2,1,Whitaker-Alexander,United Arab Emirates,6053,False
http://blake-lynch.gov,gov,0,22,1,0,0,2,0,Patel-Moreno,Argentina,1599,False
https://stewart.ar,ar,1,18,0,0,0,2,0,King LLC,Trinidad and Tobago,5116,True
http://davis.biz,biz,0,16,0,0,0,2,1,Mills Group,Ukraine,3950,False
http://horton.io,io,0,16,0,0,0,2,1,Diaz and Sons,Nigeria,4420,True
http://spencer.ar,ar,0,17,0,0,0,2,0,"Warner, Wells and Jenkins",Saint Barthelemy,6363,True
http://marshall.gov,gov,0,19,0,0,0,2,0,"Burch, Bell and Vazquez",Tanzania,1782,True
http://rodriguez.com,com,0,20,0,0,0,2,0,Johnson-Thompson,Cook Islands,4094,True
http://daniel.gov,gov,0,17,0,0,0,2,1,Gordon-Anderson,Sweden,5192,True
https://reyes.com,com,1,17,0,0,0,2,1,"Greene, Wu and Soto",Croatia,1666,True
http://moore-hensley.com,com,0,24,1,0,0,2,1,Koch Inc,Burkina Faso,6034,True
http://cooper.biz,biz,0,17,0,0,0,2,1,Bradshaw-King,Sri Lanka,7184,True
https://williams.com,com,1,20,0,0,0,2,1,"Cox, Mitchell and Washington",Mongolia,1696,False
http://reid-oconnor.gov,gov,0,23,1,0,0,2,1,Solis LLC,Ethiopia,5333,False
https://morris.io,io,1,17,0,0,0,2,0,"Pearson, Ross and Carr",Estonia,1342,True
http://michael-garcia.com,com,0,25,1,0,0,2,0,King-Walsh,Lesotho,3765,False
http://harrington-smith.info,info,0,28,1,0,0,2,1,"Jones, Smith and Greene",Norfolk Island,3492,True
http://burns-williams.gov,gov,0,25,1,0,0,2,0,Lawrence Group,Burkina Faso,3984,False
https://price.ar,ar,1,16,0,0,0,2,1,"Chavez, Parker and Short",New Zealand,4223,False
https://higgins.org,org,1,19,0,0,0,2,1,Park-Perkins,Moldova,6520,False
http://murray-davidson.org,org,0,26,1,0,0,2,1,"Martinez, Buck and Delgado",Norway,2687,False
http://taylor-scott.net,net,0,23,1,0,0,2,0,"Hoover, Mercado and Vaughn",Georgia,5341,False
http://brown-davenport.biz,biz,0,26,1,0,0,2,0,Henderson-Bailey,Colombia,2075,True
https://moss.org,org,1,16,0,0,0,2,0,"Duncan, Hodge and Wood",United States Virgin Islands,469,True
http://kirby.biz,biz,0,16,0,0,0,2,0,"Mcdonald, Mcpherson and Sosa",Argentina,4048,False
https://kelly-casey.dev,dev,1,23,1,0,0,2,1,Vega PLC,Senegal,1140,True
https://waller-stewart.edu,edu,1,26,1,0,0,2,0,"Owens, Foster and Medina",Kazakhstan,7249,True
https://james-roberts.com,com,1,25,1,0,0,2,0,Kelly LLC,Namibia,1315,False
http://dixon.ar,ar,0,15,0,0,0,2,0,Allen-Farley,Ukraine,3865,False
https://collins.org,org,1,19,0,0,0,2,0,Stewart LLC,Malta,3029,True
https://kerr.com,com,1,16,0,0,0,2,0,Robinson Ltd,Sierra Leone,3049,False
http://mcconnell-smith.org,org,0,26,1,0,0,2,1,Terry-Wilson,San Marino,1489,True
http://patterson.biz,biz,0,20,0,0,0,2,1,"Brady, King and Cooper",Falkland Islands (Malvinas),2452,True
https://stephens.biz,biz,1,20,0,0,0,2,0,"White, Cabrera and Riggs",Serbia,4857,True
https://jackson-lindsey.edu,edu,1,27,1,0,0,2,1,"Moreno, Jackson and Baker",American Samoa,4883,True
http://obrien-wade.io,io,0,21,1,0,0,2,0,"Maxwell, Evans and Smith",Cameroon,2295,False
https://patterson.ar,ar,1,20,0,0,0,2,0,"Eaton, Wiley and Walker",Netherlands,2913,False
http://johns.biz,biz,0,16,0,0,0,2,1,Herrera-Mathews,Afghanistan,4451,False
https://martinez-shah.com,com,1,25,1,0,0,2,1,Avila PLC,Isle of Man,1847,False
http://christensen.edu,edu,0,22,0,0,0,2,1,"Vega, Warren and Mccarty",Albania,5222,False
http://odom.ar,ar,0,14,0,0,0,2,0,"Brown, Johnson and Moody",Puerto Rico,5275,True
http://rice.dev,dev,0,15,0,0,0,2,1,Day-Cantu,Jersey,3634,True
http://robinson.ar,ar,0,18,0,0,0,2,1,"Fisher, Robinson and Dominguez",Cayman Islands,4526,False
https://roberts.net,net,1,19,0,0,0,2,1,Mcdonald-Gibson,Norfolk Island,4373,True
https://mooney.com,com,1,18,0,0,0,2,0,Lester-Lopez,Algeria,4209,True
http://west.com,com,0,15,0,0,0,2,1,Taylor and Sons,French Southern Territories,5085,False
https://larson.gov,gov,1,18,0,0,0,2,1,Smith Ltd,El Salvador,5992,True
http://lester-nichols.dev,dev,0,25,1,0,0,2,1,"Yoder, Vargas and Drake",Libyan Arab Jamahiriya,4791,True
http://sullivan.edu,edu,0,19,0,0,0,2,0,Nguyen Inc,French Southern Territories,6844,False
https://rose-patton.info,info,1,24,1,0,0,2,1,Quinn Inc,Benin,4473,False
https://young-schaefer.biz,biz,1,26,1,0,0,2,1,"Harrison, Morales and Wright",Serbia,3716,True
https://woodard.biz,biz,1,19,0,0,0,2,0,"Lee, Torres and Murphy",Holy See (Vatican City State),1494,False
https://brown.gov,gov,1,17,0,0,0,2,0,Anderson and Sons,Saint Vincent and the Grenadines,5441,False
http://howard-king.biz,biz,0,22,1,0,0,2,1,Davis Inc,Finland,7181,True
https://ramirez.ar,ar,1,18,0,0,0,2,0,"Jones, Murphy and Kirby",Seychelles,479,True
https://kaiser-herrera.org,org,1,26,1,0,0,2,0,Morrison-Moore,Northern Mariana Islands,3897,False
https://smith.dev,dev,1,17,0,0,0,2,0,Schneider Inc,Seychelles,1556,True
https://cisneros.info,info,1,21,0,0,0,2,1,Morgan-Brewer,Malawi,3858,True
http://buck.com,com,0,15,0,0,0,2,0,Morales PLC,Turks and Caicos Islands,6708,False
http://travis.dev,dev,0,17,0,0,0,2,0,"Henry, Tate and Munoz",Romania,6775,False
https://gonzalez.net,net,1,20,0,0,0,2,1,Hunt LLC,Madagascar,4679,False
https://dixon.biz,biz,1,17,0,0,0,2,1,Lewis-Lewis,Madagascar,5844,False
https://cox.ar,ar,1,14,0,0,0,2,0,Jackson PLC,Togo,6770,True
http://ellis-jones.org,org,0,22,1,0,0,2,1,Stewart Group,Brunei Darussalam,3530,True
https://scott.info,info,1,18,0,0,0,2,1,Hall Inc,Guernsey,6226,False
https://myers.net,net,1,17,0,0,0,2,0,Santiago PLC,Malta,2339,False
http://nelson.io,io,0,16,0,0,0,2,0,"Romero, Chavez and Valdez",Liechtenstein,433,False
http://bush.org,org,0,15,0,0,0,2,1,"Swanson, Robertson and Jones",Peru,3222,True
https://stevens.net,net,1,19,0,0,0,2,1,Cordova-Shepard,Sierra Leone,2746,True
http://martin.ar,ar,0,16,0,0,0,2,1,"Hopkins, Hardin and Murphy",Czech Republic,6833,True
http://valenzuela-johnson.dev,dev,0,29,1,0,0,2,1,Walters-Taylor,Latvia,5383,False
https://stephens.gov,gov,1,20,0,0,0,2,1,Williams-Adams,Isle of Man,2210,True
http://george-hayes.org,org,0,23,1,0,0,2,0,Watson and Sons,Myanmar,7161,True
http://white.com,com,0,16,0,0,0,2,1,"Lowe, Ayala and Gardner",Malta,6282,False
http://newman.com,com,0,17,0,0,0,2,1,Reed and Sons,United States Virgin Islands,5739,False
https://mitchell.org,org,1,20,0,0,0,2,0,Scott-Bentley,Germany,5287,True
https://becker.biz,biz,1,18,0,0,0,2,0,Fernandez-Herman,Botswana,2160,False
https://blankenship.io,io,1,22,0,0,0,2,1,Spencer Inc,Cameroon,2991,True
https://harvey.gov,gov,1,18,0,0,0,2,1,Castro Ltd,Grenada,5821,True
https://reynolds-lozano.edu,edu,1,27,1,0,0,2,0,"Medina, Bell and Bailey",Cook Islands,4415,True
https://lambert.io,io,1,18,0,0,0,2,0,Lopez-Nixon,Palau,3909,True
http://carter.io,io,0,16,0,0,0,2,0,Stanley-Davis,France,6941,False
http://porter-johnson.net,net,0,25,1,0,0,2,0,"Arnold, Brown and Young",Sao Tome and Principe,3625,True
https://ferguson-strickland.biz,biz,1,31,1,0,0,2,0,Gill and Sons,Canada,3422,True
https://bowman.io,io,1,17,0,0,0,2,0,Liu-Powell,Bosnia and Herzegovina,5718,False
http://webb.org,org,0,15,0,0,0,2,0,Vazquez PLC,Albania,2986,False
https://flores-holt.gov,gov,1,23,1,0,0,2,0,Hood-Dawson,South Africa,2627,True
https://terry.dev,dev,1,17,0,0,0,2,1,"Morrow, Boyd and Walter",Panama,823,True
http://dominguez.org,org,0,20,0,0,0,2,0,"Wilcox, Wilkins and Johnson",Djibouti,5032,True
https://hess.com,com,1,16,0,0,0,2,0,"Brooks, Burgess and Edwards",Maldives,5066,False
https://young.org,org,1,17,0,0,0,2,1,Ward and Sons,Kyrgyz Republic,5273,True
http://owen.info,info,0,16,0,0,0,2,1,Gordon and Sons,South Africa,5209,False
https://frazier.com,com,1,19,0,0,0,2,0,King PLC,Armenia,3061,True
https://jones.com,com,1,17,0,0,0,2,1,"Cook, Underwood and Neal",Bulgaria,3156,False
https://miller-smith.edu,edu,1,24,1,0,0,2,0,"Mendez, Howard and Boyle",Brunei Darussalam,6599,False
https://foster.io,io,1,17,0,0,0,2,1,"Stewart, Green and Jones",Guadeloupe,4567,False
http://harvey-nelson.biz,biz,0,24,1,0,0,2,1,"Lester, Freeman and Bowman",Nigeria,2909,True
https://brooks-jackson.org,org,1,26,1,0,0,2,1,"Cooper, Hill and Powers",Gabon,5619,False
http://jackson-blake.biz,biz,0,24,1,0,0,2,1,"Martinez, Alexander and Fisher",British Virgin Islands,916,False
http://velasquez.biz,biz,0,20,0,0,0,2,1,Sheppard Ltd,Argentina,1965,False
https://warren.net,net,1,18,0,0,0,2,0,Davidson Inc,Montenegro,2403,False
http://snyder-hill.edu,edu,0,22,1,0,0,2,0,"Alexander, Bell and Hernandez",Holy See (Vatican City State),2004,False
https://cooper-thompson.edu,edu,1,27,1,0,0,2,1,Sims-Moore,Romania,1566,False
http://lewis-rodriguez.gov,gov,0,26,1,0,0,2,0,Mercer-Powers,Mauritius,2959,False
http://gardner-henderson.io,io,0,27,1,0,0,2,1,"Novak, Eaton and Jones",Angola,2680,True
http://jones.biz,biz,0,16,0,0,0,2,0,"Russell, Morris and Lopez",Spain,4923,False
http://erickson.info,info,0,20,0,0,0,2,1,Hull LLC,Egypt,2181,True
https://hammond.gov,gov,1,19,0,0,0,2,0,Santos Group,Iran,2427,False
http://wallace.biz,biz,0,18,0,0,0,2,1,Martin Ltd,Singapore,5231,False
https://robertson.net,net,1,21,0,0,0,2,0,Barrett Ltd,Netherlands Antilles,2378,False
https://cunningham.info,info,1,23,0,0,0,2,0,George Inc,British Indian Ocean Territory (Chagos Archipelago),4564,False
http://green.org,org,0,16,0,0,0,2,1,"Wilkinson, Richards and Brown",Eritrea,4659,True
https://johnson.com,com,1,19,0,0,0,2,0,Henderson-Bond,Turkmenistan,6620,True
https://rhodes.edu,edu,1,18,0,0,0,2,0,Carson and Sons,Oman,382,False
https://greene.info,info,1,19,0,0,0,2,0,"Burke, Ochoa and Lyons",Trinidad and Tobago,5575,False
https://montoya.ar,ar,1,18,0,0,0,2,1,Smith Ltd,Burkina Faso,6006,False
http://fleming.io,io,0,17,0,0,0,2,0,Fleming and Sons,Christmas Island,5480,False
https://owens.dev,dev,1,17,0,0,0,2,1,Hall LLC,Greece,6406,False
https://turner.dev,dev,1,18,0,0,0,2,0,Avila Group,Namibia,6220,False
https://gill.io,io,1,15,0,0,0,2,1,Glass-Alexander,Lithuania,3941,False
http://brown.gov,gov,0,16,0,0,0,2,0,Reed-Lewis,Falkland Islands (Malvinas),3784,True
http://adams.biz,biz,0,16,0,0,0,2,0,Williams-Hardy,Austria,4675,True
https://fuller.edu,edu,1,18,0,0,0,2,0,Perkins-Taylor,Lebanon,6745,False
https://browning.biz,biz,1,20,0,0,0,2,0,Rogers-Stuart,Guernsey,2672,False
http://jones.org,org,0,16,0,0,0,2,1,Lang PLC,Saint Martin,5388,True
https://huerta.biz,biz,1,18,0,0,0,2,0,"Green, Chaney and Griffin",Egypt,5691,False
http://rios.com,com,0,15,0,0,0,2,0,"Smith, Holmes and Peters",Montserrat,6191,False
https://martinez.io,io,1,19,0,0,0,2,1,Wheeler Inc,Burkina Faso,465,False
https://davis-price.com,com,1,23,1,0,0,2,0,"Clark, Taylor and Nguyen",Mongolia,3872,False
https://morris.com,com,1,18,0,0,0,2,1,French-Dean,Azerbaijan,1647,False
https://williams.info,info,1,21,0,0,0,2,1,Anderson Group,Tuvalu,2505,True
https://smith.io,io,1,16,0,0,0,2,1,"Ritter, Robinson and Nunez",Moldova,384,True
https://taylor-harris.biz,biz,1,25,1,0,0,2,1,Rose Group,Uzbekistan,3935,False
http://johnson.net,net,0,18,0,0,0,2,1,"Osborne, Rodriguez and Garcia",France,6636,True
http://herrera-newman.io,io,0,24,1,0,0,2,0,"Becker, Holland and Sawyer",Denmark,2089,False
http://dixon.gov,gov,0,16,0,0,0,2,1,"Porter, Turner and Thomas",Saudi Arabia,6592,True
https://pennington-washington.com,com,1,33,1,0,0,2,0,"Rogers, Arnold and King",Israel,2413,True
http://woods.net,net,0,16,0,0,0,2,1,"Kennedy, Hernandez and Figueroa",Yemen,3165,True
http://james.org,org,0,16,0,0,0,2,1,Young-Marks,Norfolk Island,2518,False
http://bernard-wade.gov,gov,0,23,1,0,0,2,0,Phillips-Reynolds,Guatemala,7169,False
https://adams.biz,biz,1,17,0,0,0,2,0,Mendez-Collins,Samoa,4559,True
https://finley.gov,gov,1,18,0,0,0,2,1,"Gonzales, Macdonald and Rojas",Finland,6178,True
http://walters.edu,edu,0,18,0,0,0,2,0,"Jones, Lara and Meadows",Tajikistan,855,False
https://cunningham.gov,gov,1,22,0,0,0,2,1,Wright LLC,American Samoa,5961,True
https://clark-gonzalez.net,net,1,26,1,0,0,2,0,"Hall, Nash and Jackson",Algeria,3083,False
http://mcdonald.io,io,0,18,0,0,0,2,0,Dunn Ltd,Samoa,7284,True
https://riddle-anderson.info,info,1,28,1,0,0,2,0,Johnson-Evans,Botswana,1584,True
https://gibbs.com,com,1,17,0,0,0,2,0,Peterson Inc,Mexico,1475,False
http://moreno.com,com,0,17,0,0,0,2,1,Green Inc,Bulgaria,3077,True
http://matthews.biz,biz,0,19,0,0,0,2,1,Baker-Russell,Japan,4462,False
https://chandler.gov,gov,1,20,0,0,0,2,0,"Booth, Reilly and Mason",Guinea-Bissau,5828,False
https://conley.gov,gov,1,18,0,0,0,2,1,Beasley-Miles,Greece,6920,True
https://henderson.net,net,1,21,0,0,0,2,1,"Jimenez, Walton and Yu",Isle of Man,3695,False
http://mitchell.biz,biz,0,19,0,0,0,2,0,Perry-Phillips,United Kingdom,3405,False
http://price.edu,edu,0,16,0,0,0,2,1,Miller and Sons,New Caledonia,6232,False
http://vasquez.info,info,0,19,0,0,0,2,0,"Smith, Torres and Bartlett",Western Sahara,6296,False
https://boyle-robinson.io,io,1,25,1,0,0,2,0,Ho PLC,Palau,1490,False
http://duffy.gov,gov,0,16,0,0,0,2,0,Jones-Reynolds,Marshall Islands,1364,True
http://burke-graham.info,info,0,24,1,0,0,2,0,Crawford LLC,Gibraltar,4401,True
http://woods.ar,ar,0,15,0,0,0,2,0,"Martin, Wilson and Perez",United States Minor Outlying Islands,4149,False
https://berger-li.gov,gov,1,21,1,0,0,2,0,Brown Ltd,Jersey,621,False
http://barrett.biz,biz,0,18,0,0,0,2,0,Adkins-Pugh,Chile,1925,True
http://nixon.dev,dev,0,16,0,0,0,2,0,Lucas Group,Antigua and Barbuda,3230,True
http://spencer.biz,biz,0,18,0,0,0,2,0,Thomas-Brown,Jersey,6001,True
https://smith.ar,ar,1,16,0,0,0,2,1,Valentine Group,Anguilla,3039,True
http://rodriguez-taylor.dev,dev,0,27,1,0,0,2,0,Barnes-Turner,Mali,710,False
http://pineda.ar,ar,0,16,0,0,0,2,0,"Montgomery, Hartman and Waters",Costa Rica,1337,True
http://collins.io,io,0,17,0,0,0,2,1,Duran-Fitzgerald,Papua New Guinea,5044,False
https://kent-brown.gov,gov,1,22,1,0,0,2,1,Robinson LLC,Marshall Islands,1196,True
https://rodriguez-reese.io,io,1,26,1,0,0,2,0,Garcia-Lopez,Nepal,836,False
https://gonzalez.org,org,1,20,0,0,0,2,0,"Maldonado, King and Cruz",Taiwan,6397,False
http://jones-gonzales.com,com,0,25,1,0,0,2,0,Sanders-Chase,Honduras,1912,True
https://sanford-cain.biz,biz,1,24,1,0,0,2,1,"Salinas, Parsons and Lee",Palau,7304,False
http://hubbard.ar,ar,0,17,0,0,0,2,0,Lowe Group,Jordan,431,True
https://long.io,io,1,15,0,0,0,2,0,"Baldwin, Espinoza and Blankenship",Mayotte,4843,False
http://mason-garcia.ar,ar,0,22,1,0,0,2,1,Brewer and Sons,Netherlands Antilles,5359,False
http://holmes-collins.dev,dev,0,25,1,0,0,2,0,Roberts-Pearson,Turks and Caicos Islands,6740,False
http://rojas.gov,gov,0,16,0,0,0,2,1,Peters-Stark,Burkina Faso,5267,True
http://garcia.net,net,0,17,0,0,0,2,0,"Hawkins, Cisneros and Garza",Monaco,2704,False
https://wagner.com,com,1,18,0,0,0,2,0,"Lucas, Bird and Arnold",Poland,3236,True
http://wilson-lin.io,io,0,20,1,0,0,2,1,Hodge-Garcia,Mauritius,547,True
https://bautista.gov,gov,1,20,0,0,0,2,1,Dominguez PLC,Slovenia,5253,True
http://zhang.ar,ar,0,15,0,0,0,2,1,Ware-Moore,Bosnia and Herzegovina,6649,True
http://james-harris.io,io,0,22,1,0,0,2,1,Sharp and Sons,France,4085,False
http://davis.io,io,0,15,0,0,0,2,0,Parsons and Sons,Barbados,2235,False
https://schwartz.io,io,1,19,0,0,0,2,1,Johnson-Cabrera,Saint Kitts and Nevis,5694,False
http://davila-allen.dev,dev,0,23,1,0,0,2,0,"Warren, Montoya and Boyer",Fiji,5734,False
http://anderson.ar,ar,0,18,0,0,0,2,0,Edwards PLC,Bosnia and Herzegovina,3660,False
http://haynes.gov,gov,0,17,0,0,0,2,0,Maynard-Fitzgerald,Morocco,1955,False
https://ayala.org,org,1,17,0,0,0,2,1,Frey-Cruz,Jordan,2862,False
https://johnson-allen.dev,dev,1,25,1,0,0,2,0,Kerr-Byrd,Mauritania,3230,True
http://fuller.info,info,0,18,0,0,0,2,0,"Holden, Larson and Harper",Hungary,6122,False
http://king.io,io,0,14,0,0,0,2,1,"Herrera, Weaver and Rodriguez",Moldova,5812,True
http://tran-rocha.org,org,0,21,1,0,0,2,0,Cline Ltd,Pitcairn Islands,4729,True
https://nelson.com,com,1,18,0,0,0,2,0,Murray-Weaver,Korea,1018,True
https://walker.edu,edu,1,18,0,0,0,2,1,Ryan-Decker,Bulgaria,6929,True
https://silva.dev,dev,1,17,0,0,0,2,0,Wilson-Mcgee,Swaziland,4621,False
https://cooper-jimenez.biz,biz,1,26,1,0,0,2,1,Rush-Pope,Antarctica (the territory South of 60 deg S),5968,True
http://collier.biz,biz,0,18,0,0,0,2,1,"Vaughn, Terry and Vasquez",North Macedonia,5915,False
http://duke-taylor.net,net,0,22,1,0,0,2,1,Brown-Taylor,Mozambique,3834,True
https://mcclain.com,com,1,19,0,0,0,2,1,Vargas-Taylor,Malta,3428,True
http://anderson.dev,dev,0,19,0,0,0,2,0,Garcia-Castillo,Japan,2906,True
http://bell-ray.edu,edu,0,19,1,0,0,2,0,"Mccarthy, Rodriguez and Murphy",British Indian Ocean Territory (Chagos Archipelago),7148,True
https://graham.dev,dev,1,18,0,0,0,2,1,Hernandez-Harris,French Polynesia,2162,False
https://perry.dev,dev,1,17,0,0,0,2,1,"Campbell, Torres and Sanchez",Romania,3236,False
http://richardson.io,io,0,20,0,0,0,2,1,Oneal-Kelly,Svalbard & Jan Mayen Islands,2744,False
https://morris.info,info,1,19,0,0,0,2,0,Richardson-Norris,Lao People's Democratic Republic,4002,True
https://spencer.edu,edu,1,19,0,0,0,2,0,Fox-Kelley,British Indian Ocean Territory (Chagos Archipelago),4387,False
http://gomez.ar,ar,0,15,0,0,0,2,0,Craig-Rodriguez,Costa Rica,3380,True
https://walsh.info,info,1,18,0,0,0,2,1,Russell Ltd,Singapore,2478,True
https://rivers.gov,gov,1,18,0,0,0,2,0,"Jenkins, Russell and Hendricks",United Kingdom,5755,False
http://miller.info,info,0,18,0,0,0,2,1,Hunter-Welch,Sweden,4706,False
http://wilson-russell.com,com,0,25,1,0,0,2,1,Williams-Hicks,New Caledonia,3505,True
https://rogers.info,info,1,19,0,0,0,2,1,Montes-Duffy,Israel,2886,False
http://moyer.net,net,0,16,0,0,0,2,1,"Delgado, Mullins and Burke",Algeria,1287,False
https://jones.gov,gov,1,17,0,0,0,2,0,"Le, Osborn and Valencia",Paraguay,5091,True
https://ashley-smith.com,com,1,24,1,0,0,2,1,"Smith, Hardy and Freeman",Senegal,5680,False
https://odonnell-brock.dev,dev,1,26,1,0,0,2,1,"Stephenson, Harris and Hall",Fiji,3301,False
https://smith.com,com,1,17,0,0,0,2,1,"Ramos, Hancock and Morrison",Bangladesh,4259,False
http://jackson.ar,ar,0,17,0,0,0,2,1,"Henderson, Mckinney and Gonzales",San Marino,6530,False
http://peterson.com,com,0,19,0,0,0,2,0,Cooley LLC,Norfolk Island,525,False
https://perez.gov,gov,1,17,0,0,0,2,0,Williams PLC,Saint Martin,930,True
https://robertson-wright.edu,edu,1,28,1,0,0,2,0,Lee-Baker,Ethiopia,3104,True
http://rice.edu,edu,0,15,0,0,0,2,1,"Miller, Martin and Bird",Christmas Island,4520,False
http://anderson.io,io,0,18,0,0,0,2,0,Watkins and Sons,Zambia,7173,True
http://lewis.biz,biz,0,16,0,0,0,2,1,"Padilla, Stewart and Hill",Antarctica (the territory South of 60 deg S),3121,False
https://williams-taylor.dev,dev,1,27,1,0,0,2,1,Bridges-Mueller,Angola,5385,False
http://gonzalez.dev,dev,0,19,0,0,0,2,1,Carter-Murillo,Uganda,3072,True
https://flowers.com,com,1,19,0,0,0,2,1,"Lopez, Mcbride and Parker",Faroe Islands,5267,True
https://chavez.edu,edu,1,18,0,0,0,2,0,Hicks-Moore,Malawi,5988,False
https://irwin.net,net,1,17,0,0,0,2,0,"Douglas, Clark and Crawford",Algeria,6662,True
http://sharp.net,net,0,16,0,0,0,2,0,Jackson-Horton,Haiti,2691,True
http://english.com,com,0,18,0,0,0,2,0,Sullivan PLC,Korea,5233,False
http://castaneda.edu,edu,0,20,0,0,0,2,0,Davis-Lopez,Turkey,3641,False
https://wilson-king.info,info,1,24,1,0,0,2,0,"Malone, Long and Swanson",Paraguay,793,False
http://lucero-cox.dev,dev,0,21,1,0,0,2,1,Williams-Kemp,Thailand,1075,True
http://campbell.dev,dev,0,19,0,0,0,2,1,"Gomez, Shaw and Campbell",Namibia,5265,True
http://long.dev,dev,0,15,0,0,0,2,1,Moore-Weber,Japan,3682,True
http://gonzalez.biz,biz,0,19,0,0,0,2,1,Lee-Davis,Azerbaijan,499,False
https://duncan.org,org,1,18,0,0,0,2,1,Gutierrez and Sons,Ecuador,3050,True
http://cook.org,org,0,15,0,0,0,2,0,Trujillo-Anderson,United States Minor Outlying Islands,3591,False
http://johnson.org,org,0,18,0,0,0,2,0,Johnston PLC,Mongolia,1657,True
http://morris.biz,biz,0,17,0,0,0,2,0,Ware Ltd,Seychelles,6819,True
https://garza-evans.ar,ar,1,22,1,0,0,2,1,Brown Ltd,Congo,4910,False
https://greene.dev,dev,1,18,0,0,0,2,1,Jones Ltd,Ireland,2169,True
http://stafford.ar,ar,0,18,0,0,0,2,1,Black Ltd,Guadeloupe,7043,False
http://carlson.net,net,0,18,0,0,0,2,0,"Olsen, Cowan and Manning",Gabon,7022,False
http://garner.com,com,0,17,0,0,0,2,1,Jenkins PLC,Denmark,3203,True
https://diaz-morris.gov,gov,1,23,1,0,0,2,1,Valenzuela and Sons,Costa Rica,393,False
https://wilson.dev,dev,1,18,0,0,0,2,0,Thomas Inc,Guernsey,5594,True
http://dean-barnes.org,org,0,22,1,0,0,2,0,"Alvarez, Long and Daniel",Saint Vincent and the Grenadines,2495,True
https://duke.io,io,1,15,0,0,0,2,0,Walters Inc,Luxembourg,5156,False
https://carr.com,com,1,16,0,0,0,2,0,"Owens, Hodge and Hart",Brunei Darussalam,4475,True
http://martin.com,com,0,17,0,0,0,2,0,"Zhang, Collins and Davis",Romania,5294,True
https://gardner.info,info,1,20,0,0,0,2,1,Mata PLC,Monaco,4700,True
http://woods.io,io,0,15,0,0,0,2,1,Robinson-Smith,Angola,1377,True
http://adams.info,info,0,17,0,0,0,2,1,Humphrey-Newton,Montenegro,3386,False
https://love-bradford.dev,dev,1,25,1,0,0,2,0,"Burton, Mcdaniel and Ortiz",Seychelles,4035,True
https://lopez.gov,gov,1,17,0,0,0,2,1,"Long, Reyes and Jones",Iraq,4442,True
http://brennan.gov,gov,0,18,0,0,0,2,1,Ellis-Smith,Zimbabwe,6230,True
https://cole-harris.org,org,1,23,1,0,0,2,0,"Davis, Vaughn and Webster",Malaysia,5120,True
https://lamb.info,info,1,17,0,0,0,2,1,Daniel PLC,Saint Helena,4496,False
https://james.net,net,1,17,0,0,0,2,0,"Jones, Gonzalez and Lopez",Oman,5148,True
https://zuniga.org,org,1,18,0,0,0,2,1,Curry Group,Pitcairn Islands,1812,False
http://mills-dixon.edu,edu,0,22,1,0,0,2,1,Lynch-Kennedy,Trinidad and Tobago,5478,True
http://romero-lewis.biz,biz,0,23,1,0,0,2,0,"Lopez, Nguyen and Morales",Netherlands,747,False
http://mathis.com,com,0,17,0,0,0,2,0,Moore-Nelson,Singapore,6845,False
https://evans-mooney.com,com,1,24,1,0,0,2,1,Boone and Sons,Togo,5443,False
http://tate-guzman.net,net,0,22,1,0,0,2,0,Landry PLC,Greenland,4687,False
https://harper-jarvis.info,info,1,26,1,0,0,2,0,"Scott, Hawkins and Cruz",Azerbaijan,3918,False
http://reed.io,io,0,14,0,0,0,2,1,"Davis, Lambert and Tran",Niger,5508,False
http://haley.dev,dev,0,16,0,0,0,2,1,"Huang, Roberts and Cochran",Gambia,7301,True
https://sanchez.net,net,1,19,0,0,0,2,1,Porter-Duran,Guadeloupe,2634,False
http://robinson.gov,gov,0,19,0,0,0,2,0,Weiss PLC,French Southern Territories,6825,True
http://morgan.info,info,0,18,0,0,0,2,1,Mills PLC,Djibouti,2834,False
http://horn.net,net,0,15,0,0,0,2,1,"Martinez, Mathews and Sullivan",Portugal,5022,False
http://howard.biz,biz,0,17,0,0,0,2,1,"Terry, Williams and Crosby",Gambia,737,True
http://clark.net,net,0,16,0,0,0,2,1,Fitzgerald-Martin,Albania,5236,False
https://jackson.org,org,1,19,0,0,0,2,0,"Yoder, Perez and Roberts",Romania,3524,False
http://cain.gov,gov,0,15,0,0,0,2,1,"Dunn, Adams and Hawkins",Central African Republic,1244,True
https://lucas-sims.gov,gov,1,22,1,0,0,2,1,Quinn Inc,Bhutan,665,False
http://hanson.net,net,0,17,0,0,0,2,1,"Fitzgerald, Meyer and Johnson",Puerto Rico,5955,False
http://vazquez.org,org,0,18,0,0,0,2,0,Hill Ltd,Serbia,1464,False
https://gomez-yang.io,io,1,21,1,0,0,2,1,Bentley-Cantrell,China,716,True
http://khan.com,com,0,15,0,0,0,2,1,"Lopez, Mcdaniel and Smith",Czech Republic,471,False
http://hanson.info,info,0,18,0,0,0,2,0,Davis and Sons,Cape Verde,1487,True
https://lawson.com,com,1,18,0,0,0,2,0,"Barrett, Gonzales and Jefferson",Falkland Islands (Malvinas),1449,False
https://moody.org,org,1,17,0,0,0,2,0,Hicks-Anderson,Botswana,5266,True
http://martin.org,org,0,17,0,0,0,2,0,"Martinez, Smith and Hernandez",Wallis and Futuna,5252,False
http://clark.edu,edu,0,16,0,0,0,2,0,Kelley Ltd,Saint Pierre and Miquelon,1768,True
http://moore.info,info,0,17,0,0,0,2,0,"Phillips, Fernandez and Chapman",Montenegro,2975,False
http://russell.dev,dev,0,18,0,0,0,2,1,Hicks Group,Ukraine,4452,True
http://davis.edu,edu,0,16,0,0,0,2,1,"Carr, Lopez and Ayers",Micronesia,6592,True
http://murphy.gov,gov,0,17,0,0,0,2,0,Morris-Harris,Belarus,2213,False
https://young-patel.net,net,1,23,1,0,0,2,0,Bright-Ferguson,Saint Vincent and the Grenadines,2698,False
https://soto-hammond.org,org,1,24,1,0,0,2,0,Martin LLC,Serbia,5072,True
https://peterson.io,io,1,19,0,0,0,2,0,Hicks-Stewart,Madagascar,4599,True
http://brown.org,org,0,16,0,0,0,2,1,Jackson-Lin,Saint Lucia,1241,True
http://gilbert.io,io,0,17,0,0,0,2,1,Huber LLC,Lesotho,1520,True
https://olsen.biz,biz,1,17,0,0,0,2,1,Smith-Sutton,Tuvalu,5648,False
http://flores.edu,edu,0,17,0,0,0,2,0,Foster-Aguilar,Guatemala,5637,True
http://contreras-price.info,info,0,27,1,0,0,2,1,"Hunter, Suarez and Randall",Paraguay,6930,True
https://jones.gov,gov,1,17,0,0,0,2,1,Beltran-Hammond,Serbia,5946,False
https://jones.net,net,1,17,0,0,0,2,1,"Rodriguez, Wang and Smith",Norway,6348,True
http://brooks.edu,edu,0,17,0,0,0,2,1,Allen-Reid,Indonesia,2229,False
https://cruz.gov,gov,1,16,0,0,0,2,1,Mason LLC,Morocco,796,False
http://medina-wright.gov,gov,0,24,1,0,0,2,1,Simpson-Hall,Solomon Islands,7153,True
https://johnson.ar,ar,1,18,0,0,0,2,1,"Thomas, Nguyen and Bryant",Tajikistan,2862,True
http://jones.org,org,0,16,0,0,0,2,1,Williamson-Evans,Swaziland,6497,True
http://taylor-medina.edu,edu,0,24,1,0,0,2,0,"Thomas, Larsen and Wood",Uruguay,5684,True
http://weber.info,info,0,17,0,0,0,2,0,"Bowers, Wallace and Campbell",United States Virgin Islands,3200,False
http://ryan.net,net,0,15,0,0,0,2,1,Andersen-Gallagher,Suriname,2539,True
http://zavala.edu,edu,0,17,0,0,0,2,0,Winters PLC,Saint Kitts and Nevis,6566,False
http://adams.net,net,0,16,0,0,0,2,1,"Schwartz, Clark and Miller",New Caledonia,2887,True
http://berg-huynh.biz,biz,0,21,1,0,0,2,1,Williams-Hickman,Mauritius,1269,True
https://wright-frazier.org,org,1,26,1,0,0,2,1,Williams-Parker,Yemen,4257,True
https://reeves.org,org,1,18,0,0,0,2,0,Chang-Jackson,Palau,5838,True
http://campos.info,info,0,18,0,0,0,2,0,Phillips Inc,Myanmar,4758,True
http://martin-khan.com,com,0,22,1,0,0,2,0,"Chambers, Shannon and Berger",Austria,5956,True
http://mckee.biz,biz,0,16,0,0,0,2,1,Matthews-Lindsey,Cook Islands,4337,False
http://miles-king.net,net,0,21,1,0,0,2,1,Evans PLC,Rwanda,1679,True
http://richardson.gov,gov,0,21,0,0,0,2,0,Garcia-Moore,French Guiana,1771,False
https://fitzgerald.net,net,1,22,0,0,0,2,1,Warren LLC,Mexico,5079,True
http://garcia-brandt.edu,edu,0,24,1,0,0,2,1,Miller Inc,United Kingdom,5923,True
http://hamilton-peterson.io,io,0,27,1,0,0,2,1,Williams Ltd,Malta,1023,False
https://jackson-glenn.ar,ar,1,24,1,0,0,2,1,"Mejia, Lowery and Bryan",Niger,2043,False
http://sawyer.dev,dev,0,17,0,0,0,2,0,"Diaz, Rivera and Hubbard",Russian Federation,6789,True
http://williams.com,com,0,19,0,0,0,2,1,Robles-Stevens,Suriname,463,False
https://smith.biz,biz,1,17,0,0,0,2,1,"Hayes, Reed and Ellis",Croatia,6866,True
https://griffin.com,com,1,19,0,0,0,2,1,Davis PLC,Suriname,3024,False
https://green.edu,edu,1,17,0,0,0,2,0,Lawson-Herrera,Togo,3848,False
https://grant-arnold.io,io,1,23,1,0,0,2,1,Smith Inc,Bouvet Island (Bouvetoya),4214,True
https://castillo.org,org,1,20,0,0,0,2,1,"Roth, Hammond and Miller",Turkmenistan,5485,False
https://perez.edu,edu,1,17,0,0,0,2,0,Espinoza Ltd,Sao Tome and Principe,2257,False
http://smith-powell.io,io,0,22,1,0,0,2,0,Baxter PLC,Vanuatu,5157,True
https://braun-holland.com,com,1,25,1,0,0,2,1,"Taylor, Jones and Smith",Puerto Rico,694,False
http://rodriguez.io,io,0,19,0,0,0,2,1,"Yang, Flowers and Jones",Japan,4528,True
http://stout.com,com,0,16,0,0,0,2,1,Hubbard PLC,Anguilla,426,False
https://keith-faulkner.net,net,1,26,1,0,0,2,0,Jenkins and Sons,Malawi,1522,True
https://tapia-mitchell.gov,gov,1,26,1,0,0,2,0,Jones-Simon,Peru,3894,False
http://leblanc.dev,dev,0,18,0,0,0,2,0,"Padilla, Campbell and Thompson",Bahrain,6391,True
https://hahn.dev,dev,1,16,0,0,0,2,0,Washington-Williams,Dominican Republic,5285,False
https://white-woods.com,com,1,23,1,0,0,2,1,"Smith, Wong and Estrada",Moldova,6342,True
http://garcia.org,org,0,17,0,0,0,2,1,"Weaver, Ramirez and Brown",Namibia,1004,False
http://ortega.info,info,0,18,0,0,0,2,1,"Lloyd, Gutierrez and Miller",Korea,836,True
https://richard.gov,gov,1,19,0,0,0,2,0,Vazquez-Jones,Belgium,927,True
https://galvan-leonard.edu,edu,1,26,1,0,0,2,1,Fischer PLC,Nigeria,2121,True
https://hanna-jordan.edu,edu,1,24,1,0,0,2,0,Taylor-Snyder,Mayotte,3595,False
https://martin.gov,gov,1,18,0,0,0,2,1,Solis-Banks,El Salvador,2780,False
https://simmons-miller.edu,edu,1,26,1,0,0,2,0,Torres Inc,Rwanda,2554,False
https://hampton.edu,edu,1,19,0,0,0,2,0,Wolf-Rivera,Belarus,1705,False
http://whitney-murphy.dev,dev,0,25,1,0,0,2,1,Collins LLC,Bahamas,5098,False
http://roberts-king.info,info,0,24,1,0,0,2,1,Morales and Sons,India,1942,False
http://klein.gov,gov,0,16,0,0,0,2,0,"Wallace, Hernandez and Reed",Uganda,5185,True
https://morgan-finley.org,org,1,25,1,0,0,2,0,"Quinn, Anderson and Thompson",Uzbekistan,1929,False
https://choi-stewart.net,net,1,24,1,0,0,2,0,Franklin-Hopkins,Cote d'Ivoire,1133,True
https://garza-steele.info,info,1,25,1,0,0,2,0,"White, Harvey and Washington",Nicaragua,3989,True
https://medina.dev,dev,1,18,0,0,0,2,1,Navarro and Sons,Malaysia,7162,True
https://summers-dillon.io,io,1,25,1,0,0,2,1,"Lowery, Maldonado and Riley",Thailand,7260,True
https://smith.org,org,1,17,0,0,0,2,1,"Cummings, Smith and Jackson",Spain,7007,False
http://henry-wilson.ar,ar,0,22,1,0,0,2,0,"Anthony, Vasquez and Martinez",Monaco,4559,True
https://hernandez.biz,biz,1,21,0,0,0,2,1,"Sanchez, Wheeler and Meyer",Belize,6740,False
https://moore.biz,biz,1,17,0,0,0,2,0,Downs and Sons,Nauru,3328,True
https://montoya.net,net,1,19,0,0,0,2,1,Sanders PLC,Barbados,4032,True
http://cohen.edu,edu,0,16,0,0,0,2,0,Hoffman and Sons,French Guiana,2124,True
http://bailey.info,info,0,18,0,0,0,2,0,Stafford Inc,Guadeloupe,4234,False
http://miles.ar,ar,0,15,0,0,0,2,0,Ward-Edwards,Saint Pierre and Miquelon,2672,False
http://porter.info,info,0,18,0,0,0,2,0,"King, Lopez and Ortega",Tunisia,5369,False
http://paul.dev,dev,0,15,0,0,0,2,0,Payne Ltd,Tuvalu,2422,True
https://craig.ar,ar,1,16,0,0,0,2,1,"Barrett, Castro and Patterson",Zambia,991,True
http://owen-montoya.org,org,0,23,1,0,0,2,0,Jackson Ltd,Equatorial Guinea,5900,True
https://crawford.info,info,1,21,0,0,0,2,0,Wong PLC,Saudi Arabia,6534,False
https://williams.ar,ar,1,19,0,0,0,2,0,Smith-Hill,Croatia,5927,True
https://hall.io,io,1,15,0,0,0,2,0,"Hughes, Adkins and Hughes",Kyrgyz Republic,6971,False
http://hanson.io,io,0,16,0,0,0,2,1,Riley Inc,Wallis and Futuna,3352,True
https://lane.biz,biz,1,16,0,0,0,2,0,Carter-James,Suriname,3345,True
http://martin.net,net,0,17,0,0,0,2,1,Stone-Daugherty,American Samoa,1856,True
https://wilson.edu,edu,1,18,0,0,0,2,1,"Smith, Nicholson and Daniel",Sierra Leone,5095,False
http://walker.biz,biz,0,17,0,0,0,2,0,"Gilbert, Norton and Wilson",Togo,1036,True
http://contreras-wade.edu,edu,0,25,1,0,0,2,0,"Cooper, Williams and Kramer",Mongolia,1504,False
https://harmon.io,io,1,17,0,0,0,2,0,Carney-Ortega,Cocos (Keeling) Islands,3275,True
https://ray-hughes.com,com,1,22,1,0,0,2,1,Stein Ltd,Marshall Islands,1918,False
https://stein.biz,biz,1,17,0,0,0,2,0,"Jennings, Taylor and Mcpherson",Romania,1525,True
http://anderson.io,io,0,18,0,0,0,2,1,"Johnson, Smith and Johnson",Oman,7229,False
http://mitchell.gov,gov,0,19,0,0,0,2,1,Gallagher-White,Montserrat,3063,False
http://thomas.net,net,0,17,0,0,0,2,0,Rosales LLC,Anguilla,3006,False
http://marquez.net,net,0,18,0,0,0,2,1,Henderson LLC,Syrian Arab Republic,5616,False
http://lee.ar,ar,0,13,0,0,0,2,1,Reilly and Sons,Gambia,3058,False
http://barnes.dev,dev,0,17,0,0,0,2,1,"Baxter, Hoffman and Long",Sao Tome and Principe,6068,False
http://delacruz.gov,gov,0,19,0,0,0,2,1,"Campbell, Carey and Cox",Svalbard & Jan Mayen Islands,4800,True
https://shields.io,io,1,18,0,0,0,2,1,"Lopez, Hobbs and Austin",New Zealand,1257,True
https://gardner.gov,gov,1,19,0,0,0,2,1,"Collins, Singh and Rice",San Marino,4266,False
http://smith.biz,biz,0,16,0,0,0,2,0,Graham-Prince,Cuba,2479,True
http://garcia.com,com,0,17,0,0,0,2,1,Dixon Inc,Marshall Islands,3284,False
http://hudson.dev,dev,0,17,0,0,0,2,1,Lee-Williamson,Peru,448,False
http://nguyen.gov,gov,0,17,0,0,0,2,1,Mccullough and Sons,Jamaica,3585,True
http://pratt.biz,biz,0,16,0,0,0,2,0,Hines-Riddle,United States Minor Outlying Islands,2696,True
https://jordan.dev,dev,1,18,0,0,0,2,0,"Mckee, Gonzales and Thomas",Saint Lucia,2075,True
http://perez-wilson.dev,dev,0,23,1,0,0,2,1,Parker-Brock,Sao Tome and Principe,4243,True
http://williams.io,io,0,18,0,0,0,2,0,"Gallagher, Jennings and Daugherty",New Zealand,4379,False
https://raymond.edu,edu,1,19,0,0,0,2,0,Mitchell and Sons,Cote d'Ivoire,630,False
https://lin.com,com,1,15,0,0,0,2,1,"Ross, Perez and Davis",Syrian Arab Republic,5276,False
https://coleman-hall.edu,edu,1,24,1,0,0,2,1,Davis-Collins,Bermuda,1498,False
http://gordon.dev,dev,0,17,0,0,0,2,1,Hamilton and Sons,Netherlands,3756,True
http://simmons.org,org,0,18,0,0,0,2,0,Price-Gonzalez,Greenland,6045,True
http://todd.gov,gov,0,15,0,0,0,2,0,Howard and Sons,Mongolia,6045,False
https://zamora.com,com,1,18,0,0,0,2,1,Chavez-Hayes,Burundi,2797,False
https://stuart.ar,ar,1,17,0,0,0,2,0,Cardenas-Lopez,Jamaica,2037,True
https://anderson.info,info,1,21,0,0,0,2,1,Stewart-Stone,Lebanon,3383,True
http://perkins.org,org,0,18,0,0,0,2,1,"Kelly, Adams and Tran",Turkmenistan,3486,False
http://wilson.com,com,0,17,0,0,0,2,1,Wright-Marshall,New Caledonia,5214,False
https://stewart.org,org,1,19,0,0,0,2,0,Barnes Ltd,Singapore,837,True
http://edwards.info,info,0,19,0,0,0,2,0,"Huber, Griffin and Martin",American Samoa,5413,False
http://hardy.edu,edu,0,16,0,0,0,2,1,Klein-Miller,Philippines,6038,True
https://barron.com,com,1,18,0,0,0,2,0,"Morgan, Dunn and Flores",Norway,5987,True
http://case.edu,edu,0,15,0,0,0,2,0,Caldwell Ltd,Monaco,6158,True
https://nelson.net,net,1,18,0,0,0,2,0,"Miller, Pena and Lamb",Zimbabwe,3130,True
https://smith-wells.net,net,1,23,1,0,0,2,0,Tate LLC,Djibouti,5214,True
https://miller.io,io,1,17,0,0,0,2,1,Lewis Ltd,Armenia,5947,True
https://figueroa-vega.info,info,1,26,1,0,0,2,1,Meadows-Berry,Papua New Guinea,2067,True
https://clark-campbell.biz,biz,1,26,1,0,0,2,0,Perry-Barnes,Marshall Islands,2995,False
http://gutierrez.io,io,0,19,0,0,0,2,0,Smith-Leach,Chile,6573,True
http://anderson.com,com,0,19,0,0,0,2,0,"Welch, Coleman and Brown",China,1473,True
https://long-murray.org,org,1,23,1,0,0,2,1,Sherman-Gonzalez,New Zealand,2741,True
http://mcdaniel.info,info,0,20,0,0,0,2,1,"Rodriguez, Smith and Thomas",Congo,3558,False
https://green.org,org,1,17,0,0,0,2,1,Shannon Inc,Mauritius,6531,True
https://wood.dev,dev,1,16,0,0,0,2,1,Olson Inc,Bosnia and Herzegovina,6299,False
https://pena-monroe.ar,ar,1,22,1,0,0,2,0,"Taylor, Harrison and Kirby",France,4838,True
http://gonzales.io,io,0,18,0,0,0,2,0,Padilla-Martinez,Thailand,5552,True
http://gonzalez-brown.com,com,0,25,1,0,0,2,0,Sanchez-Cooper,Micronesia,3113,False
https://fowler.io,io,1,17,0,0,0,2,0,Davis PLC,Germany,3401,True
http://cooke.org,org,0,16,0,0,0,2,1,"Ryan, Barker and Cruz",Mali,385,False
http://wilson.biz,biz,0,17,0,0,0,2,0,Paul-Davis,Puerto Rico,4266,True
http://osborn.edu,edu,0,17,0,0,0,2,0,"Hart, Davis and Perez",Tokelau,2596,False
https://johnson.com,com,1,19,0,0,0,2,0,"Martinez, Hayes and Ellis",Poland,5905,True
https://evans.ar,ar,1,16,0,0,0,2,0,Brown Ltd,Northern Mariana Islands,4385,True
https://miller-watson.dev,dev,1,25,1,0,0,2,1,Lane-Roy,Niue,5518,False
http://nelson.gov,gov,0,17,0,0,0,2,1,Obrien and Sons,Madagascar,4211,True
https://thomas.gov,gov,1,18,0,0,0,2,0,Smith-Weber,Gambia,840,True
https://rowland-tucker.ar,ar,1,25,1,0,0,2,1,Willis-Miller,Denmark,3144,True
https://lopez.io,io,1,16,0,0,0,2,0,Riley-Williams,Nauru,5154,True
http://patterson.com,com,0,20,0,0,0,2,0,Garcia-Hernandez,New Caledonia,6107,True
http://contreras.io,io,0,19,0,0,0,2,1,Robertson LLC,Yemen,3408,False
https://liu.biz,biz,1,15,0,0,0,2,1,"Holloway, Hester and Chapman",Netherlands Antilles,5542,False
https://kelley.biz,biz,1,18,0,0,0,2,1,Kelly PLC,Saint Helena,3676,True
http://jones.org,org,0,16,0,0,0,2,1,Brady Ltd,Cook Islands,7282,False
https://smith-miller.com,com,1,24,1,0,0,2,0,Grimes-Turner,Ghana,4530,True
https://clark-myers.edu,edu,1,23,1,0,0,2,1,Terry-Valencia,Syrian Arab Republic,427,False
http://frazier.io,io,0,17,0,0,0,2,0,Robertson-Pope,Haiti,6021,True
https://parker.com,com,1,18,0,0,0,2,1,"George, Hensley and Henderson",Heard Island and McDonald Islands,5464,False
http://stone.net,net,0,16,0,0,0,2,0,Thompson PLC,Colombia,5030,False
https://hopkins-williams.org,org,1,28,1,0,0,2,1,"Wong, Henderson and Campos",Belize,4024,True
http://gomez.com,com,0,16,0,0,0,2,1,Sanchez Ltd,Marshall Islands,2987,True
https://lee.org,org,1,15,0,0,0,2,1,Lee-Wheeler,American Samoa,2098,True
http://allen-ramirez.gov,gov,0,24,1,0,0,2,0,Goodwin Ltd,Georgia,7234,False
http://page.io,io,0,14,0,0,0,2,0,"Hicks, Clark and Bishop",Bermuda,3940,True
https://horn.org,org,1,16,0,0,0,2,0,Knight Group,New Caledonia,1014,False
http://greene.biz,biz,0,17,0,0,0,2,0,Stephens-Perez,Pitcairn Islands,5515,True
https://may-nixon.edu,edu,1,21,1,0,0,2,1,"Anderson, Salazar and Stokes",Uruguay,7012,False
https://santana-dickerson.biz,biz,1,29,1,0,0,2,1,"Gonzalez, Thomas and Richardson",Barbados,1849,False
https://bell.ar,ar,1,15,0,0,0,2,0,Brown LLC,Sri Lanka,3758,False
http://morris-brown.info,info,0,24,1,0,0,2,0,Wright-Shepard,Andorra,3462,False
https://bell-fisher.dev,dev,1,23,1,0,0,2,1,"Johnson, Richardson and Carpenter",Lesotho,1858,True
https://mcdonald.org,org,1,20,0,0,0,2,0,Bennett-Moody,Switzerland,6619,True
http://byrd-rodriguez.dev,dev,0,25,1,0,0,2,0,Brown-Johnston,Portugal,5089,True
https://mcintosh.io,io,1,19,0,0,0,2,0,Anthony Ltd,Taiwan,4544,True
http://rodriguez.com,com,0,20,0,0,0,2,0,Perry-Chavez,Sao Tome and Principe,3721,True
http://marquez.gov,gov,0,18,0,0,0,2,0,Tucker-Macias,Ecuador,5269,True
https://jackson.edu,edu,1,19,0,0,0,2,1,"Mora, King and Vargas",Andorra,2454,True
https://garcia-goodman.gov,gov,1,26,1,0,0,2,1,Clark-Hudson,Iraq,761,False
https://anderson.net,net,1,20,0,0,0,2,1,Stewart-Rosales,Dominica,4771,False
https://morton.ar,ar,1,17,0,0,0,2,0,Diaz PLC,Guadeloupe,6648,False
http://underwood-little.org,org,0,27,1,0,0,2,1,George LLC,Saint Martin,3132,False
http://robinson-alvarado.com,com,0,28,1,0,0,2,1,Burns-Thomas,Suriname,578,True
http://hughes.gov,gov,0,17,0,0,0,2,0,"Robertson, Nunez and Jones",Latvia,3099,False
https://martin-curtis.dev,dev,1,25,1,0,0,2,0,Sherman and Sons,Libyan Arab Jamahiriya,4885,False
https://goodman.edu,edu,1,19,0,0,0,2,1,"Medina, Holmes and Flynn",Western Sahara,2216,False
https://moreno-white.dev,dev,1,24,1,0,0,2,1,"Rodgers, Fowler and Jacobs",Panama,868,False
https://colon.org,org,1,17,0,0,0,2,0,Day-Walton,Zimbabwe,1338,True
https://torres-cooper.ar,ar,1,24,1,0,0,2,0,"Burgess, Cohen and Wilson",Malaysia,5325,False
http://singh-olson.org,org,0,22,1,0,0,2,1,Odonnell Ltd,Poland,1965,True
https://fischer-george.com,com,1,26,1,0,0,2,1,Garner Inc,Sao Tome and Principe,7121,True
https://ross.net,net,1,16,0,0,0,2,0,Vaughn and Sons,United States Virgin Islands,2401,False
http://lyons.ar,ar,0,15,0,0,0,2,1,Maxwell-Riley,Saint Barthelemy,5721,True
https://nguyen.biz,biz,1,18,0,0,0,2,0,Walter Group,Gambia,1302,False
http://perez.info,info,0,17,0,0,0,2,1,Taylor PLC,Trinidad and Tobago,1248,False
http://williams.edu,edu,0,19,0,0,0,2,1,Shepherd Group,Andorra,3682,False
https://gallegos.io,io,1,19,0,0,0,2,1,"Buchanan, Stewart and Vargas",United Arab Emirates,7293,False
http://schwartz.biz,biz,0,19,0,0,0,2,1,Neal Ltd,Vietnam,4149,True
http://lynn.ar,ar,0,14,0,0,0,2,1,"Gardner, Fields and Jones",Aruba,7290,True
https://avila.gov,gov,1,17,0,0,0,2,1,"Davis, Romero and Watkins",Cambodia,6390,False
https://austin.gov,gov,1,18,0,0,0,2,0,"Gutierrez, Snyder and Walters",Nicaragua,397,True
http://miller-greer.biz,biz,0,23,1,0,0,2,1,Jackson-Thompson,Cayman Islands,7217,False
http://roberts.edu,edu,0,18,0,0,0,2,1,"Carter, Garza and Schneider",Antigua and Barbuda,5039,True
http://garner.com,com,0,17,0,0,0,2,1,Perez-Weiss,North Macedonia,4221,False
http://moore-allen.net,net,0,22,1,0,0,2,1,"Alvarado, Weaver and Morris",Maldives,4408,True
http://curry.dev,dev,0,16,0,0,0,2,1,Cooper-Cohen,Palestinian Territory,402,False
http://clements-mckenzie.org,org,0,28,1,0,0,2,0,"Davis, Fleming and Morris",Liechtenstein,2571,True
http://patel.edu,edu,0,16,0,0,0,2,1,Smith Inc,El Salvador,2708,True
https://simpson.com,com,1,19,0,0,0,2,0,"Campbell, Jackson and Torres",Papua New Guinea,5949,True
http://vasquez.dev,dev,0,18,0,0,0,2,1,"Bond, Cruz and Anderson",China,6585,False
https://delacruz.net,net,1,20,0,0,0,2,0,"Mathis, Harris and Simpson",Mauritania,5870,False
https://gonzalez.org,org,1,20,0,0,0,2,0,Robbins Group,Northern Mariana Islands,2300,False
http://stewart-murillo.ar,ar,0,25,1,0,0,2,1,Frazier-Salazar,Norfolk Island,3850,True
http://wright-prince.edu,edu,0,24,1,0,0,2,1,Gray Inc,Australia,7026,False
http://gonzales.ar,ar,0,18,0,0,0,2,1,"Torres, Herman and Boone",Seychelles,3901,True
http://allen-johnson.dev,dev,0,24,1,0,0,2,0,Hunter PLC,Ghana,3719,True
http://gibson.org,org,0,17,0,0,0,2,0,Steele Inc,Portugal,3530,False
https://ramirez.net,net,1,19,0,0,0,2,1,"Johnson, Hansen and Wood",Guam,4208,True
http://lopez.net,net,0,16,0,0,0,2,1,Lewis-Davis,Guernsey,4027,True
http://hampton.gov,gov,0,18,0,0,0,2,0,Smith-Wells,Saint Lucia,1116,False
https://frank.net,net,1,17,0,0,0,2,0,Mcmillan Inc,Bolivia,1229,True
http://lopez.ar,ar,0,15,0,0,0,2,1,"Wells, Richards and Ross",Saint Lucia,845,True
http://lloyd.info,info,0,17,0,0,0,2,1,Ware-Taylor,China,3144,True
http://lee.gov,gov,0,14,0,0,0,2,1,"Anderson, Cook and Foster",Montenegro,1879,False
https://scott-shelton.org,org,1,25,1,0,0,2,0,Rodriguez-Stanley,Ukraine,2918,False
http://young.io,io,0,15,0,0,0,2,0,"Jones, Anderson and Palmer",French Southern Territories,6008,False
https://jones.gov,gov,1,17,0,0,0,2,0,Davis-Fry,Liberia,1440,True
http://nguyen.dev,dev,0,17,0,0,0,2,0,Ward Ltd,Seychelles,3666,False
http://dalton.com,com,0,17,0,0,0,2,1,Williams-Fox,Cayman Islands,5592,True
https://anderson.org,org,1,20,0,0,0,2,0,Foster-Cisneros,Guam,1045,True
https://white-simon.io,io,1,22,1,0,0,2,0,"Miller, Perez and Castaneda",Andorra,748,True
https://barton.gov,gov,1,18,0,0,0,2,0,Robbins Ltd,Anguilla,5199,False
https://gomez.com,com,1,17,0,0,0,2,1,Jordan-Petty,Serbia,1801,True
http://greene.edu,edu,0,17,0,0,0,2,1,Mcgrath-Logan,Angola,6383,False
http://taylor-pitts.biz,biz,0,23,1,0,0,2,0,Schultz-Johnston,Tuvalu,1386,True
http://reeves.biz,biz,0,17,0,0,0,2,0,Barry and Sons,French Southern Territories,3902,True
https://jones.com,com,1,17,0,0,0,2,0,Wong-Schmidt,Indonesia,4053,False
https://barton.gov,gov,1,18,0,0,0,2,1,Mays Inc,Libyan Arab Jamahiriya,4565,True
http://rodgers.edu,edu,0,18,0,0,0,2,1,"Walker, Gutierrez and Allen",Lao People's Democratic Republic,6180,True
http://anthony.net,net,0,18,0,0,0,2,0,Rowland-Edwards,Germany,2031,False
http://brown-cordova.org,org,0,24,1,0,0,2,0,Marquez-Ball,Turks and Caicos Islands,4371,False
https://lee.io,io,1,14,0,0,0,2,1,Stewart-Bell,Christmas Island,871,True
http://decker-alvarez.org,org,0,25,1,0,0,2,0,Osborn-Willis,Nigeria,5984,True
http://doyle.org,org,0,16,0,0,0,2,0,"Barber, Jackson and Dean",Saudi Arabia,615,True
http://anderson-thompson.net,net,0,28,1,0,0,2,0,Williams Inc,Kenya,4574,True
http://king.gov,gov,0,15,0,0,0,2,0,Olson Inc,Greenland,4016,False
http://sims.net,net,0,15,0,0,0,2,1,Parsons-Russell,Netherlands Antilles,3062,True
http://cooper.com,com,0,17,0,0,0,2,0,Harris-Valenzuela,Portugal,4732,True
https://smith.org,org,1,17,0,0,0,2,0,Diaz PLC,Ghana,6064,True
http://hancock.net,net,0,18,0,0,0,2,1,Bender PLC,Guernsey,4051,True
http://lane.org,org,0,15,0,0,0,2,1,"Day, Whitaker and Warren",China,4160,False
http://beck.ar,ar,0,14,0,0,0,2,1,Howard LLC,French Polynesia,6048,True
https://flores-horton.org,org,1,25,1,0,0,2,1,Gomez Inc,Sudan,7292,False
http://james-lawson.net,net,0,23,1,0,0,2,0,"Benson, Hale and Smith",China,6937,False
http://perez.com,com,0,16,0,0,0,2,0,Martin-Martin,Czech Republic,6255,False
http://martin-wood.dev,dev,0,22,1,0,0,2,1,Small-Graves,French Southern Territories,2241,False
https://chavez.io,io,1,17,0,0,0,2,0,"Rivera, Clay and Brown",Mozambique,2984,False
https://carter.org,org,1,18,0,0,0,2,1,"Maxwell, Harvey and Gordon",South Africa,4817,True
https://jones.net,net,1,17,0,0,0,2,1,Snyder Inc,Palau,3463,True
http://baker.dev,dev,0,16,0,0,0,2,1,Villa Inc,Guadeloupe,5536,True
http://wagner-ingram.com,com,0,24,1,0,0,2,0,Roach Inc,Seychelles,5347,False
https://jackson-malone.biz,biz,1,26,1,0,0,2,0,"Taylor, Lozano and Owen",Netherlands Antilles,5596,False
http://pugh.org,org,0,15,0,0,0,2,0,"Clark, Clay and Griffin",Turkey,7272,False
http://martinez.info,info,0,20,0,0,0,2,0,"Hopkins, Jackson and Young",Botswana,1913,True
https://singleton.edu,edu,1,21,0,0,0,2,1,King-Roth,Liechtenstein,6512,True
http://nguyen-hall.dev,dev,0,22,1,0,0,2,1,Smith Ltd,Cote d'Ivoire,4806,False
http://sherman-sparks.com,com,0,25,1,0,0,2,1,Price LLC,Azerbaijan,6748,False
https://wilson.ar,ar,1,17,0,0,0,2,0,"Barnes, Carey and Miller",Georgia,3848,True
http://taylor-baker.biz,biz,0,23,1,0,0,2,0,Jones Inc,Guernsey,4556,True
http://lucas.dev,dev,0,16,0,0,0,2,1,Powell and Sons,Antarctica (the territory South of 60 deg S),4819,False
https://king.org,org,1,16,0,0,0,2,0,"Jacobson, Duncan and Ayers",Namibia,7266,False
https://golden.info,info,1,19,0,0,0,2,1,Russell-Mejia,Poland,2561,False
https://kidd-gardner.net,net,1,24,1,0,0,2,1,"Mccormick, Adams and Lara",American Samoa,4243,False
http://miller.dev,dev,0,17,0,0,0,2,0,Koch-Clark,United Kingdom,991,False
https://frazier.io,io,1,18,0,0,0,2,0,Hardy-Patel,Greece,7097,False
http://williams-wilson.net,net,0,26,1,0,0,2,1,Mejia and Sons,Malawi,1591,False
http://lynch.ar,ar,0,15,0,0,0,2,1,"Pierce, Jackson and Hood",Bahrain,5540,True
https://bowman.net,net,1,18,0,0,0,2,1,Barrett and Sons,Ukraine,3730,True
http://singleton-robinson.gov,gov,0,29,1,0,0,2,1,"Wolf, Reese and Harris",Comoros,2061,True
http://hayes.gov,gov,0,16,0,0,0,2,0,"Hernandez, Martin and Blevins",Saint Barthelemy,4286,False
https://lambert.biz,biz,1,19,0,0,0,2,0,Johnson PLC,Djibouti,2010,True
https://russo-williams.com,com,1,26,1,0,0,2,0,"Bradley, Thomas and Williams",Ethiopia,5241,True
http://flores-morgan.biz,biz,0,24,1,0,0,2,0,Velasquez-Johnson,Mozambique,6772,False
http://garcia-harper.biz,biz,0,24,1,0,0,2,1,"Lee, Campbell and Miller",Ethiopia,1285,False
https://garcia.dev,dev,1,18,0,0,0,2,1,Boyd Inc,Turkmenistan,4030,False
https://ellison.info,info,1,20,0,0,0,2,0,Frank Group,Heard Island and McDonald Islands,6538,False
https://jones.io,io,1,16,0,0,0,2,0,Brown LLC,Moldova,1662,True
http://hayes.gov,gov,0,16,0,0,0,2,0,Wells LLC,Togo,4568,True
https://ellis.info,info,1,18,0,0,0,2,0,Lewis-Hill,Montenegro,5642,True
http://simon-hernandez.biz,biz,0,26,1,0,0,2,0,Holder-Drake,Botswana,2226,False
http://rodriguez.io,io,0,19,0,0,0,2,1,Fuller-Cruz,Belize,2970,False
https://calhoun.net,net,1,19,0,0,0,2,0,Armstrong-Carter,Papua New Guinea,1564,False
http://gutierrez.biz,biz,0,20,0,0,0,2,1,Morales-Gregory,Netherlands,684,False
https://lopez-chavez.net,net,1,24,1,0,0,2,0,Turner and Sons,Nepal,1734,False
https://brown.io,io,1,16,0,0,0,2,0,Lucero LLC,Brazil,2723,False
http://glenn.com,com,0,16,0,0,0,2,0,"Hendrix, Pace and Lara",Belize,2112,True
https://atkins.io,io,1,17,0,0,0,2,0,Parker-Holden,Mali,5409,True
http://bautista.net,net,0,19,0,0,0,2,1,Baker-Smith,Guam,6195,True
https://gallagher.ar,ar,1,20,0,0,0,2,0,Harris-Dawson,Nigeria,7230,True
http://thompson-williams.com,com,0,28,1,0,0,2,0,Villa Ltd,Philippines,6614,False
http://jackson.biz,biz,0,18,0,0,0,2,1,"Huang, Cooper and Castro",Panama,5992,False
https://stephens.biz,biz,1,20,0,0,0,2,0,Bennett Group,Tonga,4345,True
http://buchanan.org,org,0,19,0,0,0,2,0,"Medina, Delacruz and Paul",Argentina,7105,False
https://coleman.io,io,1,18,0,0,0,2,1,Dalton-Murphy,Venezuela,2136,True
http://dickson.ar,ar,0,17,0,0,0,2,1,Beck-Fletcher,Tokelau,2759,True
http://beck-rubio.edu,edu,0,21,1,0,0,2,0,Davis LLC,Sri Lanka,2714,False
https://pugh-kemp.ar,ar,1,20,1,0,0,2,1,"Walsh, Smith and Hernandez",Micronesia,593,False
https://morris.gov,gov,1,18,0,0,0,2,1,"Trevino, Payne and Brown",Congo,7205,False
http://morrow.biz,biz,0,17,0,0,0,2,0,Vasquez-Hopkins,Saint Kitts and Nevis,1820,False
https://franklin.info,info,1,21,0,0,0,2,1,Krueger-Murillo,Eritrea,3447,False
https://bailey.org,org,1,18,0,0,0,2,1,"Foster, Villanueva and Miller",Northern Mariana Islands,5207,True
https://murray.org,org,1,18,0,0,0,2,1,Caldwell Inc,Micronesia,6349,True
https://adams.com,com,1,17,0,0,0,2,0,Morton Inc,Greenland,5331,False
http://francis.org,org,0,18,0,0,0,2,1,"Landry, Hawkins and Smith",Western Sahara,697,True
https://johnston-mckinney.gov,gov,1,29,1,0,0,2,1,Cunningham-Ayers,Congo,874,True
https://mccall-cameron.ar,ar,1,25,1,0,0,2,0,Sandoval LLC,Mali,7229,True
https://wallace.com,com,1,19,0,0,0,2,0,"Thompson, Bell and Acosta",Guatemala,3822,True
http://ballard.edu,edu,0,18,0,0,0,2,1,Thomas-Rodriguez,Indonesia,2155,False
http://webster-sanchez.org,org,0,26,1,0,0,2,0,Morgan Group,Northern Mariana Islands,4163,True
https://sosa.net,net,1,16,0,0,0,2,0,Hunter Group,Cuba,1401,False
http://smith-perkins.ar,ar,0,23,1,0,0,2,1,Mckenzie Group,Jamaica,2557,False
https://simmons-ford.ar,ar,1,23,1,0,0,2,1,Byrd-Castro,Qatar,703,False
http://robinson.info,info,0,20,0,0,0,2,1,Bartlett-Peterson,Saint Lucia,450,False
http://booth.net,net,0,16,0,0,0,2,0,"Cummings, Gonzales and Sparks",French Guiana,643,False
http://curtis.net,net,0,17,0,0,0,2,1,"Walker, Thompson and Estrada",Palestinian Territory,4057,False
https://boyer.gov,gov,1,17,0,0,0,2,1,Acevedo LLC,Madagascar,5818,True
https://wilkinson-holland.org,org,1,29,1,0,0,2,1,Erickson-Pollard,Slovenia,6630,False
https://smith-holden.biz,biz,1,24,1,0,0,2,0,Fernandez Inc,Lao People's Democratic Republic,1758,False
http://thomas.info,info,0,18,0,0,0,2,1,Ward-Simmons,Christmas Island,4348,True
https://peters.edu,edu,1,18,0,0,0,2,0,Carson-Smith,Sweden,4182,False
https://rodriguez.edu,edu,1,21,0,0,0,2,0,Peterson PLC,El Salvador,4947,False
http://roberts.net,net,0,18,0,0,0,2,0,Santiago PLC,Lao People's Democratic Republic,7126,True
https://tran.com,com,1,16,0,0,0,2,0,Wang-Barber,Bermuda,4137,False
http://escobar-sanchez.edu,edu,0,26,1,0,0,2,0,"Mclean, Harris and Burke",Zambia,3470,True
https://wilson-buckley.info,info,1,27,1,0,0,2,1,Rodriguez-Lindsey,Italy,5950,False
https://johnson-lee.gov,gov,1,23,1,0,0,2,1,"Hernandez, French and Garcia",Afghanistan,5328,False
http://rosario-wagner.biz,biz,0,25,1,0,0,2,1,Hansen LLC,Bermuda,6233,True
http://hodges-hughes.com,com,0,24,1,0,0,2,0,"Gray, Huerta and Johnson",Vietnam,4482,False
http://carpenter.dev,dev,0,20,0,0,0,2,0,Torres Group,Mayotte,2428,True
https://herman.info,info,1,19,0,0,0,2,1,Arnold-Moran,Saint Lucia,4158,False
https://cook-rodgers.edu,edu,1,24,1,0,0,2,0,Cummings-Moore,Sierra Leone,4725,False
https://duncan-davenport.edu,edu,1,28,1,0,0,2,1,"Davis, Jacobs and Smith",Lao People's Democratic Republic,737,True
http://mclean.dev,dev,0,17,0,0,0,2,1,"Rodriguez, Douglas and Russo",Ukraine,5911,False
http://young-paul.edu,edu,0,21,1,0,0,2,1,"Anderson, Williams and Heath",Seychelles,5396,True
http://ellis.ar,ar,0,15,0,0,0,2,1,Arias-Phillips,Nepal,1906,False
https://williams.ar,ar,1,19,0,0,0,2,0,Sutton PLC,Libyan Arab Jamahiriya,7019,True
http://henry.com,com,0,16,0,0,0,2,1,Holland-Payne,Comoros,4831,True
http://gonzales.io,io,0,18,0,0,0,2,1,Gordon and Sons,Austria,7136,False
https://maynard.org,org,1,19,0,0,0,2,1,Diaz-Turner,Guinea-Bissau,4764,True
http://jackson-contreras.biz,biz,0,28,1,0,0,2,0,"Miller, Ochoa and Sims",Bolivia,7279,False
http://white-campos.net,net,0,23,1,0,0,2,1,"Jackson, Morris and Watson",Saint Martin,1938,True
https://fleming.ar,ar,1,18,0,0,0,2,0,"Payne, Cruz and Duncan",Turkey,7259,True
http://may.ar,ar,0,13,0,0,0,2,0,Summers-Johnson,Azerbaijan,1411,True
https://medina.ar,ar,1,17,0,0,0,2,0,Scott Ltd,Singapore,3277,True
http://taylor-velazquez.org,org,0,27,1,0,0,2,0,"Snyder, Barajas and Johnson",Tanzania,6647,False
http://hanson.gov,gov,0,17,0,0,0,2,1,Hamilton and Sons,Niger,3652,True
http://frank-robertson.ar,ar,0,25,1,0,0,2,1,"Miranda, Washington and Chapman",Korea,1146,False
https://nielsen.com,com,1,19,0,0,0,2,1,Shaw-Taylor,Malawi,1502,False
http://cook.net,net,0,15,0,0,0,2,1,Allen Group,Senegal,3589,False
http://russell.gov,gov,0,18,0,0,0,2,0,Williams-Keller,French Guiana,2897,True
https://spencer-cuevas.com,com,1,26,1,0,0,2,0,"Wells, Vazquez and Davis",Dominican Republic,7181,True
http://brown.info,info,0,17,0,0,0,2,0,Hernandez Inc,Bermuda,619,False
http://may.ar,ar,0,13,0,0,0,2,1,Vance-Williams,Anguilla,551,False
https://nolan-galvan.info,info,1,25,1,0,0,2,1,Willis-Drake,Norway,4695,False
https://arnold.edu,edu,1,18,0,0,0,2,0,Grimes PLC,Hong Kong,4392,False
https://flores.info,info,1,19,0,0,0,2,0,Curry PLC,Slovakia (Slovak Republic),4314,False
https://odonnell.gov,gov,1,20,0,0,0,2,1,Lewis-Nash,Niger,6547,True
https://bailey.dev,dev,1,18,0,0,0,2,0,Boone-Harrison,Romania,2278,True
http://cole.com,com,0,15,0,0,0,2,1,Williams PLC,Tajikistan,5751,False
http://smith.com,com,0,16,0,0,0,2,1,"Gross, Duarte and Porter",Tajikistan,7167,False
https://rosales.info,info,1,20,0,0,0,2,1,Guerra LLC,Burundi,2178,True
https://benton.dev,dev,1,18,0,0,0,2,0,Morrow and Sons,Monaco,3496,True
https://white.edu,edu,1,17,0,0,0,2,0,Brandt Ltd,Senegal,7192,False
http://davis-williamson.gov,gov,0,27,1,0,0,2,0,Rogers LLC,Taiwan,2780,True
https://padilla.gov,gov,1,19,0,0,0,2,0,"Hudson, Miller and Simpson",Senegal,5863,True
http://cunningham.gov,gov,0,21,0,0,0,2,0,Baker-Aguilar,Antarctica (the territory South of 60 deg S),3451,True
http://gutierrez.ar,ar,0,19,0,0,0,2,1,Chen-Wright,Burkina Faso,4822,False
http://harris.com,com,0,17,0,0,0,2,0,Jones Group,Saudi Arabia,5548,False
http://daniel-conley.info,info,0,25,1,0,0,2,0,"Gordon, Rogers and Edwards",New Zealand,5079,False
http://johnson-nash.info,info,0,24,1,0,0,2,0,Williams-Jackson,Gibraltar,6389,False
https://ayala.info,info,1,18,0,0,0,2,0,Norman Inc,Belgium,3967,False
https://nguyen.dev,dev,1,18,0,0,0,2,0,Shea Inc,Lao People's Democratic Republic,6994,True
http://brown-williams.biz,biz,0,25,1,0,0,2,0,Keller-Robinson,Paraguay,1313,False
https://kennedy.edu,edu,1,19,0,0,0,2,1,Brown-Obrien,Liechtenstein,5220,False
https://simpson-fischer.edu,edu,1,27,1,0,0,2,1,Rivera Group,Liberia,3004,True
http://taylor.gov,gov,0,17,0,0,0,2,1,Middleton-Waters,Sweden,1171,False
http://salas.gov,gov,0,16,0,0,0,2,0,"Massey, Walker and Fuller",Turkey,3603,False
https://novak-perry.biz,biz,1,23,1,0,0,2,1,Porter PLC,Palau,4494,False
http://patel.biz,biz,0,16,0,0,0,2,0,Estes-Dixon,Svalbard & Jan Mayen Islands,2861,False
http://smith.org,org,0,16,0,0,0,2,0,Savage Group,Albania,408,False
https://francis.biz,biz,1,19,0,0,0,2,0,"Ortiz, Powell and Rowe",Cote d'Ivoire,5453,True
https://lam.net,net,1,15,0,0,0,2,0,Williams-Wolfe,Montenegro,4421,True
http://allen.ar,ar,0,15,0,0,0,2,1,Turner-Ramos,Qatar,3396,False
https://rivers.dev,dev,1,18,0,0,0,2,1,Reese-Norman,American Samoa,440,False
http://singh-webster.info,info,0,25,1,0,0,2,0,Brown-Smith,Namibia,4031,False
http://castro.gov,gov,0,17,0,0,0,2,0,Weber-Scott,Samoa,5419,True
http://wong.io,io,0,14,0,0,0,2,1,"Smith, Martin and Clarke",Kenya,4843,False
http://thomas.net,net,0,17,0,0,0,2,1,Pineda Inc,Poland,989,False
http://robertson.com,com,0,20,0,0,0,2,0,Davis LLC,French Guiana,3937,False
http://shaw.info,info,0,16,0,0,0,2,1,Chavez and Sons,Andorra,5803,True
http://jackson-cooper.biz,biz,0,25,1,0,0,2,1,Riley and Sons,Ethiopia,6939,False
https://cook.gov,gov,1,16,0,0,0,2,1,"Juarez, Lane and May",Chad,7164,False
https://king.ar,ar,1,15,0,0,0,2,1,Williams-Shannon,Turkmenistan,1758,True
http://davis.biz,biz,0,16,0,0,0,2,0,Robbins Inc,Hungary,6766,False
https://kennedy.io,io,1,18,0,0,0,2,1,Page-Santiago,Lao People's Democratic Republic,4976,False
https://williams.com,com,1,20,0,0,0,2,1,Randall-Hamilton,Cocos (Keeling) Islands,1551,False
https://cook-gonzales.edu,edu,1,25,1,0,0,2,1,Cox Inc,Korea,3226,True
http://warren.io,io,0,16,0,0,0,2,0,"Watson, Kim and Mora",Mongolia,2087,True
http://ford-wilson.edu,edu,0,22,1,0,0,2,0,"Carson, Barton and Flores",Moldova,6408,False
https://sims.gov,gov,1,16,0,0,0,2,1,"Fuller, Tucker and Lopez",Paraguay,1824,False
http://martin.biz,biz,0,17,0,0,0,2,0,Gonzalez-Simon,Guatemala,5694,False
http://harper-davis.ar,ar,0,22,1,0,0,2,1,Chavez-Washington,Israel,2819,False
http://christensen.info,info,0,23,0,0,0,2,0,"Coleman, Dunn and Whitehead",Christmas Island,7018,False
https://mccarthy.com,com,1,20,0,0,0,2,1,"Haney, Perry and Riddle",Benin,1181,True
http://allen.gov,gov,0,16,0,0,0,2,0,Richardson Group,Albania,4965,False
https://wright.org,org,1,18,0,0,0,2,1,Moore Group,Mauritius,2406,True
https://kelly.gov,gov,1,17,0,0,0,2,1,Brown-Diaz,Uganda,926,False
https://jones-massey.ar,ar,1,23,1,0,0,2,1,Rodriguez-Chang,French Southern Territories,2190,False
http://nelson.ar,ar,0,16,0,0,0,2,0,Gross LLC,Lesotho,4859,False
https://gallegos-gaines.dev,dev,1,27,1,0,0,2,0,Garner Group,Sao Tome and Principe,947,True
https://martin.info,info,1,19,0,0,0,2,1,"Mccann, Chambers and Carlson",Vietnam,2169,False
https://ho.gov,gov,1,14,0,0,0,2,0,"Carter, Clark and Woods",Saint Lucia,6176,False
http://johnson-santos.org,org,0,25,1,0,0,2,0,Knight-Anderson,Pakistan,7278,False
http://powell.io,io,0,16,0,0,0,2,1,"Greene, Stewart and Wright",Saint Lucia,6522,False
https://shaffer.dev,dev,1,19,0,0,0,2,0,"Escobar, Jackson and Robertson",Cape Verde,2182,True
https://hernandez.io,io,1,20,0,0,0,2,0,Orozco PLC,Cameroon,6606,False
http://medina-hicks.org,org,0,23,1,0,0,2,0,"Howell, Stewart and Mooney",Guyana,7217,False
http://blevins.io,io,0,17,0,0,0,2,0,"Jones, Rogers and Thomas",North Macedonia,3703,False
http://mosley.edu,edu,0,17,0,0,0,2,1,"Sanchez, Davis and Bailey",Guyana,4887,True
https://miles.gov,gov,1,17,0,0,0,2,1,"Hebert, Flores and Clark",Gambia,6379,False
https://young.edu,edu,1,17,0,0,0,2,0,Watts Inc,Equatorial Guinea,2555,False
https://schaefer-zuniga.biz,biz,1,27,1,0,0,2,0,Moss PLC,Mayotte,4189,False
https://hicks.io,io,1,16,0,0,0,2,0,"Miller, Smith and Young",Mayotte,7252,True
https://brown.info,info,1,18,0,0,0,2,1,"Johnson, Parker and Strong",Mayotte,3080,False
http://garza.edu,edu,0,16,0,0,0,2,0,Hatfield-Campbell,Canada,2088,False
http://chandler-guzman.net,net,0,26,1,0,0,2,1,"Lewis, James and Sanchez",Gambia,5918,True
http://lewis.biz,biz,0,16,0,0,0,2,0,"Frazier, Green and Morrison",Spain,6131,True
https://williams.biz,biz,1,20,0,0,0,2,1,Mitchell and Sons,Bosnia and Herzegovina,3436,True
https://bryant.gov,gov,1,18,0,0,0,2,1,Riley Inc,Central African Republic,6205,True
https://gray.biz,biz,1,16,0,0,0,2,0,Martin-Castaneda,Saint Vincent and the Grenadines,4012,False
https://nicholson.org,org,1,21,0,0,0,2,0,Case Group,Mauritania,4729,False
http://jimenez-wright.org,org,0,25,1,0,0,2,1,Stewart-Mccormick,Estonia,3001,True
http://casey.net,net,0,16,0,0,0,2,1,Washington Group,Guatemala,2934,False
http://stephens.info,info,0,20,0,0,0,2,1,Estrada and Sons,Madagascar,4759,False
https://casey.biz,biz,1,17,0,0,0,2,1,Carroll-Hart,United States Virgin Islands,3822,False
https://morrison-sanders.ar,ar,1,27,1,0,0,2,1,"Miller, Swanson and Salas",Kazakhstan,1325,False
https://ponce.biz,biz,1,17,0,0,0,2,1,"West, White and Martin",Mali,2969,False
https://grimes.net,net,1,18,0,0,0,2,0,"Roth, Moss and Mills",Bouvet Island (Bouvetoya),1017,True
http://jones.ar,ar,0,15,0,0,0,2,1,"Long, Butler and Sloan",Turkey,2745,True
http://johnson.dev,dev,0,18,0,0,0,2,0,Patel Group,Trinidad and Tobago,4689,False
http://pratt.net,net,0,16,0,0,0,2,0,Singleton-Day,Congo,6656,False
http://lewis.dev,dev,0,16,0,0,0,2,0,Brown-Williams,Dominican Republic,1301,False
http://goodwin.ar,ar,0,17,0,0,0,2,1,"Chavez, Jenkins and Howard",South Georgia and the South Sandwich Islands,4832,True
https://brady.biz,biz,1,17,0,0,0,2,1,"Dunn, King and Lowe",Martinique,1541,True
https://hoffman.ar,ar,1,18,0,0,0,2,1,Thompson-Donaldson,Dominican Republic,4349,False
http://flores.dev,dev,0,17,0,0,0,2,1,Porter and Sons,Nigeria,3464,True
https://gordon.dev,dev,1,18,0,0,0,2,1,"Johnson, Young and Lee",Bosnia and Herzegovina,3818,False
http://hayden.edu,edu,0,17,0,0,0,2,1,"Martinez, Morgan and Lewis",Slovenia,7109,True
http://sims-stone.io,io,0,20,1,0,0,2,0,Marshall-Taylor,Mayotte,5263,False
http://brooks.info,info,0,18,0,0,0,2,0,"Sanchez, Zhang and Weaver",Tuvalu,6874,True
https://pham.com,com,1,16,0,0,0,2,1,Hogan-Simon,Kazakhstan,400,True
https://williams.com,com,1,20,0,0,0,2,1,"Jones, Fletcher and Lee",Grenada,7255,True
https://smith-hicks.net,net,1,23,1,0,0,2,1,"Russell, Rogers and Vincent",San Marino,3843,False
http://johnson.ar,ar,0,17,0,0,0,2,0,Cabrera-Collins,Bulgaria,5239,True
http://mendoza-patel.dev,dev,0,24,1,0,0,2,1,Thomas LLC,Liberia,6367,True
http://thompson.biz,biz,0,19,0,0,0,2,0,"Hammond, Pruitt and Sexton",South Georgia and the South Sandwich Islands,1494,True
https://hayes.gov,gov,1,17,0,0,0,2,1,"Brown, Doyle and Lopez",Slovakia (Slovak Republic),2308,False
https://weber.org,org,1,17,0,0,0,2,0,Rivera LLC,Belgium,3122,False
https://cooper.io,io,1,17,0,0,0,2,1,Castillo Ltd,Cook Islands,5597,True
https://miller.edu,edu,1,18,0,0,0,2,1,Henderson-Hernandez,Guadeloupe,6788,True
http://cooper.net,net,0,17,0,0,0,2,0,Santiago-Solomon,Norfolk Island,4024,True
http://wilcox.ar,ar,0,16,0,0,0,2,0,"Sandoval, Hart and Price",Hong Kong,2989,False
https://rojas-hernandez.biz,biz,1,27,1,0,0,2,0,Lee-Ingram,Serbia,6253,False
https://parker.gov,gov,1,18,0,0,0,2,1,"Williams, Hughes and Conley",Algeria,1943,False
http://martin-davidson.com,com,0,26,1,0,0,2,1,Davies-Rodriguez,Switzerland,4018,False
http://blanchard-sanchez.org,org,0,28,1,0,0,2,1,Rodriguez Inc,Niue,5341,True
http://callahan-roy.biz,biz,0,23,1,0,0,2,1,Andrade LLC,Congo,5959,False
https://bell-jordan.gov,gov,1,23,1,0,0,2,1,Kennedy-Johnston,Peru,2226,False
https://thomas-allen.edu,edu,1,24,1,0,0,2,1,Williams-Bright,Iran,1181,False
https://green-smith.io,io,1,22,1,0,0,2,1,"Brown, Andrews and Miller",Luxembourg,2458,False
https://hansen.org,org,1,18,0,0,0,2,1,Robertson-Berry,Hungary,6327,False
https://thomas-henry.edu,edu,1,24,1,0,0,2,0,"Black, Jones and Gray",United States Virgin Islands,1425,True
https://hunt.gov,gov,1,16,0,0,0,2,0,"White, Higgins and Miles",Russian Federation,2700,True
http://elliott-tucker.net,net,0,25,1,0,0,2,1,"Townsend, Young and Ellis",Belize,3619,True
https://martin-barker.dev,dev,1,25,1,0,0,2,1,Richards-Olson,Anguilla,6165,True
http://nixon-delgado.org,org,0,24,1,0,0,2,0,"Lewis, Curry and Smith",United States Minor Outlying Islands,965,True
http://gutierrez.org,org,0,20,0,0,0,2,1,Martin and Sons,Jamaica,2890,False
https://sandoval.org,org,1,20,0,0,0,2,1,Shelton Ltd,United States Virgin Islands,6076,True
http://wilson.gov,gov,0,17,0,0,0,2,0,Steele and Sons,Bahrain,1080,False
https://smith.edu,edu,1,17,0,0,0,2,0,Hopkins LLC,Hungary,7151,False
http://mayo.gov,gov,0,15,0,0,0,2,1,Goodman-Cox,United Arab Emirates,6904,False
http://thomas.biz,biz,0,17,0,0,0,2,1,Briggs LLC,Lebanon,3542,False
http://white.biz,biz,0,16,0,0,0,2,1,"Garcia, West and Wright",Solomon Islands,2792,True
http://tate.info,info,0,16,0,0,0,2,0,Vaughn-Robinson,United States of America,2692,False
http://warren.net,net,0,17,0,0,0,2,0,Holmes PLC,Vietnam,2228,True
http://smith.org,org,0,16,0,0,0,2,1,"Hutchinson, Reed and Jones",American Samoa,1370,False
http://greer.biz,biz,0,16,0,0,0,2,1,Figueroa Inc,Martinique,5368,True
http://cooper.com,com,0,17,0,0,0,2,1,"Davis, Gibson and Ball",Mozambique,3602,False
http://robinson-harper.io,io,0,25,1,0,0,2,0,Baker LLC,El Salvador,5543,True
http://chavez.net,net,0,17,0,0,0,2,1,Moore-Shelton,Tuvalu,4718,False
https://york-smith.gov,gov,1,22,1,0,0,2,0,Hughes Inc,Holy See (Vatican City State),4152,True
http://cox.dev,dev,0,14,0,0,0,2,0,"Richards, Holland and Smith",Bulgaria,2526,False
http://mcdonald.biz,biz,0,19,0,0,0,2,1,Sparks-Pitts,Korea,882,False
https://johns.dev,dev,1,17,0,0,0,2,1,Scott and Sons,Brunei Darussalam,7054,False
https://smith-west.dev,dev,1,22,1,0,0,2,0,"Bennett, Taylor and Brewer",New Caledonia,1504,True
http://allen.ar,ar,0,15,0,0,0,2,1,"Randall, Romero and Harris",Northern Mariana Islands,3123,True
https://wilson.edu,edu,1,18,0,0,0,2,1,Marshall Group,Macao,4901,False
https://love-johnson.info,info,1,25,1,0,0,2,0,Holden-Alvarez,Portugal,3767,True
https://chung.ar,ar,1,16,0,0,0,2,1,"Mcclain, Wright and Williams",Saint Vincent and the Grenadines,5401,True
http://ramsey.gov,gov,0,17,0,0,0,2,0,"Williamson, Clark and Hunter",Malta,3210,False
http://patrick.gov,gov,0,18,0,0,0,2,1,Moore-Allen,Papua New Guinea,5018,False
https://simpson-hahn.info,info,1,25,1,0,0,2,1,"Allen, Boyle and Bennett",Iceland,1660,True
https://espinoza.com,com,1,20,0,0,0,2,0,Scott-Chapman,Uruguay,2565,True
http://callahan.com,com,0,19,0,0,0,2,0,"Waller, Koch and Mcmahon",Chad,2757,True
https://ramirez.ar,ar,1,18,0,0,0,2,1,Nelson PLC,Lebanon,6544,False
http://silva.dev,dev,0,16,0,0,0,2,1,Ball-Hughes,Saint Pierre and Miquelon,1302,True
https://graham.dev,dev,1,18,0,0,0,2,0,Cantu PLC,Sao Tome and Principe,2923,True
https://deleon.dev,dev,1,18,0,0,0,2,0,"Hess, Flores and Johnson",Mauritius,4378,False
http://rodgers-jennings.org,org,0,27,1,0,0,2,1,White-Meyer,Cayman Islands,4873,True
https://spence-wood.ar,ar,1,22,1,0,0,2,1,"Myers, Ramos and Wheeler",Netherlands Antilles,1580,False
https://rivera.edu,edu,1,18,0,0,0,2,1,Evans Ltd,Bolivia,6439,False
http://perry.com,com,0,16,0,0,0,2,1,Mendoza Group,Slovakia (Slovak Republic),6091,False
http://hebert-hale.com,com,0,22,1,0,0,2,0,Martin-Jones,Marshall Islands,965,False
http://soto.info,info,0,16,0,0,0,2,1,Wall Ltd,Croatia,3172,True
https://davis.org,org,1,17,0,0,0,2,0,"Wolfe, Butler and Turner",Puerto Rico,3146,False
http://baxter.info,info,0,18,0,0,0,2,0,"Evans, Holloway and Evans",Chad,5374,False
http://huffman.biz,biz,0,18,0,0,0,2,1,Blackburn LLC,Croatia,1569,True
https://lopez.biz,biz,1,17,0,0,0,2,0,"Ochoa, Greer and Thompson",Cape Verde,6176,False
http://johnson.com,com,0,18,0,0,0,2,0,Levine PLC,Indonesia,3623,True
http://lamb-white.dev,dev,0,21,1,0,0,2,1,"Jones, James and Oliver",Maldives,1826,True
https://thompson-johnson.edu,edu,1,28,1,0,0,2,1,"White, Blanchard and Briggs",Sri Lanka,4876,True
https://dougherty.org,org,1,21,0,0,0,2,1,Case-Martinez,Italy,5871,True
https://diaz.org,org,1,16,0,0,0,2,1,Contreras-Williams,Haiti,5252,True
https://huang.dev,dev,1,17,0,0,0,2,0,Mitchell and Sons,Uruguay,640,True
https://bowen-swanson.ar,ar,1,24,1,0,0,2,1,Hardy Ltd,Finland,2981,False
https://moran.gov,gov,1,17,0,0,0,2,1,"Hobbs, Collins and Diaz",Guyana,3547,True
http://carpenter.net,net,0,20,0,0,0,2,1,"Ball, Nelson and Bennett",Fiji,4723,True
http://meyers.net,net,0,17,0,0,0,2,0,Haas-Walker,Saint Martin,6110,True
https://harris.io,io,1,17,0,0,0,2,1,"Reynolds, Clark and Gray",Spain,1610,True
https://roberts.org,org,1,19,0,0,0,2,0,"Castaneda, Lane and Cowan",Turks and Caicos Islands,6451,True
https://bowen.dev,dev,1,17,0,0,0,2,0,"Knight, Wilkins and Rodriguez",China,3854,True
https://bush-walker.dev,dev,1,23,1,0,0,2,1,Davis LLC,Libyan Arab Jamahiriya,4865,True
http://kelly.dev,dev,0,16,0,0,0,2,0,Smith-Stanley,Wallis and Futuna,559,False
https://torres.info,info,1,19,0,0,0,2,0,Williams-Benjamin,Sweden,596,False
https://wood.biz,biz,1,16,0,0,0,2,0,Tucker PLC,Antigua and Barbuda,3548,False
http://carrillo.info,info,0,20,0,0,0,2,0,"Austin, Kennedy and Spencer",British Indian Ocean Territory (Chagos Archipelago),5413,False
http://garcia.dev,dev,0,17,0,0,0,2,0,"Bailey, Cline and Barrett",Cyprus,5677,False
http://torres-lopez.info,info,0,24,1,0,0,2,1,Smith-Green,Kuwait,4837,False
http://hill.com,com,0,15,0,0,0,2,1,"Jennings, Andrews and Taylor",Taiwan,6504,False
http://miller.biz,biz,0,17,0,0,0,2,0,Maynard LLC,Germany,4101,True
https://cohen-taylor.info,info,1,25,1,0,0,2,0,"Gordon, Newton and Giles",Grenada,3660,False
http://ward.info,info,0,16,0,0,0,2,1,Edwards-Reilly,Ethiopia,4909,False
https://king.info,info,1,17,0,0,0,2,1,"Gibbs, Ruiz and Ramos",Armenia,1111,False
http://chapman-hutchinson.biz,biz,0,29,1,0,0,2,1,Pham PLC,Palau,471,False
https://ortega.ar,ar,1,17,0,0,0,2,0,Beltran and Sons,Dominica,4269,False
https://ramirez-harris.info,info,1,27,1,0,0,2,1,Medina LLC,Costa Rica,6396,False
https://summers-price.biz,biz,1,25,1,0,0,2,1,Vargas Ltd,Grenada,6851,True
https://kelly-alexander.org,org,1,27,1,0,0,2,0,"Ryan, Fischer and Poole",Niue,5416,False
http://white.edu,edu,0,16,0,0,0,2,0,"Perez, Owens and Hughes",Turkey,890,True
http://knapp-nelson.io,io,0,22,1,0,0,2,0,Larson-Smith,Bahamas,2574,True
http://noble.ar,ar,0,15,0,0,0,2,1,Brown Group,Nigeria,3478,True
https://shannon.biz,biz,1,19,0,0,0,2,1,Leon-Hill,Heard Island and McDonald Islands,7197,True
https://santos.biz,biz,1,18,0,0,0,2,0,Martin and Sons,Uruguay,2016,False
https://vargas.io,io,1,17,0,0,0,2,1,Cruz-Wilson,Ireland,723,True
http://bell.io,io,0,14,0,0,0,2,1,Soto Inc,Burundi,6964,True
http://thomas.org,org,0,17,0,0,0,2,1,Murphy LLC,Uzbekistan,4566,False
https://fields-hess.gov,gov,1,23,1,0,0,2,0,Rowe-Williams,Honduras,1241,True
http://white.gov,gov,0,16,0,0,0,2,0,Jordan and Sons,Norfolk Island,6949,True
https://ryan-hooper.org,org,1,23,1,0,0,2,0,"Frazier, Gonzalez and Carson",Canada,5817,False
http://moore.org,org,0,16,0,0,0,2,0,Scott and Sons,Burkina Faso,1836,True
https://thompson-smith.io,io,1,25,1,0,0,2,1,Williamson LLC,Tunisia,4433,True
http://russell.info,info,0,19,0,0,0,2,0,Hinton PLC,Anguilla,6191,True
http://rodriguez.biz,biz,0,20,0,0,0,2,0,Bowen Inc,Turkmenistan,1868,True
https://ross-evans.gov,gov,1,22,1,0,0,2,0,"Ramos, Stephens and Nelson",Slovenia,5642,True
https://anderson.ar,ar,1,19,0,0,0,2,1,Moore Ltd,Turks and Caicos Islands,2156,False
https://hall-torres.info,info,1,24,1,0,0,2,0,Gonzales LLC,Anguilla,885,False
https://soto-little.info,info,1,24,1,0,0,2,1,Harris Group,Palau,6606,True
https://carter.com,com,1,18,0,0,0,2,1,Hayes and Sons,Estonia,1544,True
https://brown-perry.edu,edu,1,23,1,0,0,2,1,Clark Inc,Bulgaria,3114,False
http://kim.io,io,0,13,0,0,0,2,1,Rodgers-Ellis,South Africa,2553,False
http://boyd.edu,edu,0,15,0,0,0,2,0,"Paul, Vaughan and Smith",Lao People's Democratic Republic,6678,False
https://ryan-sanchez.biz,biz,1,24,1,0,0,2,1,Anderson and Sons,Kiribati,3046,True
https://arnold-walls.io,io,1,23,1,0,0,2,0,"Thomas, Ramos and Townsend",Indonesia,1924,True
https://butler.ar,ar,1,17,0,0,0,2,0,"Reed, Henry and Fuller",Bolivia,3111,False
https://flores.dev,dev,1,18,0,0,0,2,0,English-Murphy,Turkey,4180,True
http://larson-holland.io,io,0,24,1,0,0,2,0,"Reeves, Deleon and Owens",France,1394,True
http://stevenson.com,com,0,20,0,0,0,2,1,"Webb, Campbell and Smith",India,4628,True
https://gonzales.com,com,1,20,0,0,0,2,1,"Richards, Arnold and Davis",Tonga,1343,False
https://collins.gov,gov,1,19,0,0,0,2,1,Mcbride-Davis,Congo,1335,False
https://stewart-goodwin.org,org,1,27,1,0,0,2,0,"Thomas, Martinez and Wilson",Jersey,3058,True
http://hall-williams.gov,gov,0,24,1,0,0,2,0,Weaver-Davidson,Korea,1142,False
https://marshall-arellano.ar,ar,1,28,1,0,0,2,1,Brooks-Robbins,Iceland,3911,True
http://martin-patton.edu,edu,0,24,1,0,0,2,0,Thompson-Vaughn,Estonia,4439,True
https://solis-pruitt.io,io,1,23,1,0,0,2,0,Mays-Carter,Guinea-Bissau,5788,False
http://gray-lawson.biz,biz,0,22,1,0,0,2,1,Smith Ltd,Niger,2515,True
http://hall-guzman.biz,biz,0,22,1,0,0,2,0,Novak Inc,Faroe Islands,4198,True
http://solomon.io,io,0,17,0,0,0,2,0,Brown LLC,Heard Island and McDonald Islands,606,False
https://phillips.io,io,1,19,0,0,0,2,0,Santana Group,Palestinian Territory,6703,True
https://cole-lewis.biz,biz,1,22,1,0,0,2,0,"White, Carroll and Hardy",Maldives,3218,False
https://anderson.ar,ar,1,19,0,0,0,2,1,"Santos, Barker and Hall",Poland,6455,False
http://roth.io,io,0,14,0,0,0,2,1,"Nelson, Estes and Carter",Gibraltar,3759,True
http://oconnor-proctor.ar,ar,0,25,1,0,0,2,1,Mitchell Inc,French Polynesia,2806,True
https://rocha.org,org,1,17,0,0,0,2,0,"Miller, Nelson and Esparza",Kazakhstan,1221,False
http://mills-chavez.gov,gov,0,23,1,0,0,2,1,Davis-Brooks,Belgium,6396,True
https://garcia.ar,ar,1,17,0,0,0,2,0,Bowers Inc,Guatemala,7239,True
https://jones.io,io,1,16,0,0,0,2,0,"Gonzalez, Beck and Green",France,7119,True
https://hall.biz,biz,1,16,0,0,0,2,0,Anthony Group,Heard Island and McDonald Islands,4411,False
http://huff-hernandez.gov,gov,0,25,1,0,0,2,1,"Mitchell, Dorsey and Clark",British Indian Ocean Territory (Chagos Archipelago),5927,True
http://rollins-garcia.biz,biz,0,25,1,0,0,2,1,Baker-Swanson,Germany,5764,False
https://lowe-powell.dev,dev,1,23,1,0,0,2,1,Brooks PLC,United Arab Emirates,4777,True
https://lynch-mathis.com,com,1,24,1,0,0,2,0,"Martinez, Williams and Garcia",Vanuatu,3874,False
http://jones.io,io,0,15,0,0,0,2,0,Espinoza-Roth,Libyan Arab Jamahiriya,1696,False
https://charles-silva.biz,biz,1,25,1,0,0,2,1,"Myers, Brown and Watts",Afghanistan,3093,True
http://reynolds.net,net,0,19,0,0,0,2,0,"Johnston, Baker and Shelton",Pakistan,5996,False
http://dixon.info,info,0,17,0,0,0,2,0,"Patterson, Morris and Carter",Burkina Faso,3141,True
http://wise-robinson.com,com,0,24,1,0,0,2,0,"Shaw, Mahoney and Gaines",Myanmar,6887,True
http://ward-ingram.biz,biz,0,22,1,0,0,2,0,Barton Group,Venezuela,5508,False
https://faulkner.edu,edu,1,20,0,0,0,2,0,Davis-Webb,Algeria,5148,False
https://rodriguez.gov,gov,1,21,0,0,0,2,0,"Smith, Briggs and Cunningham",Cocos (Keeling) Islands,2834,True
http://butler.ar,ar,0,16,0,0,0,2,1,"Vasquez, Cortez and Rollins",Reunion,6189,True
https://wu.org,org,1,14,0,0,0,2,1,"Preston, Allen and Ponce",Ethiopia,4879,False
https://cooke-thompson.dev,dev,1,26,1,0,0,2,0,Christensen Inc,Netherlands,2197,False
http://salazar.info,info,0,19,0,0,0,2,0,"Gray, Hansen and Becker",Zambia,4192,True
https://smith.ar,ar,1,16,0,0,0,2,1,"James, Hebert and King",South Africa,2295,False
https://sanchez.info,info,1,20,0,0,0,2,0,"Griffith, Gonzalez and Ferguson",Botswana,1770,False
https://perez-bryant.ar,ar,1,23,1,0,0,2,1,Jones and Sons,Antigua and Barbuda,1588,False
https://butler.dev,dev,1,18,0,0,0,2,0,"Smith, Flores and Ross",Serbia,4184,False
http://williams.info,info,0,20,0,0,0,2,1,"Winters, Walker and Francis",Denmark,6588,False
https://mcdonald.ar,ar,1,19,0,0,0,2,0,"Flores, Williams and Thompson",Turkey,5512,False
https://jenkins.biz,biz,1,19,0,0,0,2,1,Price Ltd,Burkina Faso,2967,True
http://carrillo.biz,biz,0,19,0,0,0,2,0,Leonard Ltd,Fiji,4880,False
https://white.gov,gov,1,17,0,0,0,2,0,Davis LLC,Tuvalu,3939,False
https://graves.dev,dev,1,18,0,0,0,2,1,"Le, Bell and Chavez",Taiwan,5967,False
https://serrano.ar,ar,1,18,0,0,0,2,1,Brooks PLC,Cape Verde,2486,True
https://garcia.dev,dev,1,18,0,0,0,2,1,Myers-Levine,Antigua and Barbuda,1123,True
https://mendoza.info,info,1,20,0,0,0,2,1,"Turner, Curtis and Sanchez",Turks and Caicos Islands,4387,False
https://lewis.edu,edu,1,17,0,0,0,2,1,Miller and Sons,Oman,6449,True
http://berry.dev,dev,0,16,0,0,0,2,0,"Chavez, Green and Hall",Puerto Rico,5413,False
https://jones.net,net,1,17,0,0,0,2,0,"Marquez, Nunez and Mckay",Marshall Islands,625,True
http://harris.gov,gov,0,17,0,0,0,2,1,Mendoza-Rose,Central African Republic,6086,True
https://dunlap.dev,dev,1,18,0,0,0,2,1,"Diaz, Martinez and Bennett",Monaco,2930,True
http://perez-paul.biz,biz,0,21,1,0,0,2,0,"Lawrence, Mcbride and Lawrence",Cape Verde,951,False
https://gaines.ar,ar,1,17,0,0,0,2,1,Parker-Hopkins,Poland,3107,True
https://williams.biz,biz,1,20,0,0,0,2,0,Patterson-Bryan,Iceland,7117,False
https://shaffer.net,net,1,19,0,0,0,2,0,Rhodes-Adams,Costa Rica,920,False
http://miles.net,net,0,16,0,0,0,2,1,Shaw-Cameron,Panama,2730,False
http://stewart-mccarthy.biz,biz,0,27,1,0,0,2,0,Ward-Rodriguez,Niue,3822,True
https://peterson.info,info,1,21,0,0,0,2,0,Williams Ltd,Saint Barthelemy,6205,True
https://rodgers.org,org,1,19,0,0,0,2,0,"Alvarez, Miller and Burns",Taiwan,476,True
https://woodard.ar,ar,1,18,0,0,0,2,0,Barnes Group,Slovenia,5219,True
http://moran-murphy.gov,gov,0,23,1,0,0,2,1,"Hunt, Higgins and Beck",British Virgin Islands,598,True
http://alvarez-hodges.gov,gov,0,25,1,0,0,2,1,"Bryan, Robertson and Watson",Saint Helena,3990,True
https://townsend-reese.dev,dev,1,26,1,0,0,2,1,Brooks Ltd,Iran,3086,False
http://ewing.net,net,0,16,0,0,0,2,1,Martinez Group,Saint Lucia,6264,False
http://griffith.gov,gov,0,19,0,0,0,2,0,"Henry, Rose and Smith",Iceland,5397,False
https://craig-ayala.com,com,1,23,1,0,0,2,0,"Lopez, Kim and Smith",Solomon Islands,4909,False
http://newman.biz,biz,0,17,0,0,0,2,0,White LLC,Finland,5270,False
http://woods.ar,ar,0,15,0,0,0,2,1,"Torres, Davis and Chandler",North Macedonia,6524,False
https://nelson.info,info,1,19,0,0,0,2,0,Hutchinson PLC,Zambia,1252,False
http://payne.net,net,0,16,0,0,0,2,0,Collins Inc,Japan,567,True
http://frank.biz,biz,0,16,0,0,0,2,1,"Smith, Munoz and Mcpherson",Senegal,954,False
https://jacobs-lyons.biz,biz,1,24,1,0,0,2,1,Rowe LLC,Marshall Islands,5831,False
https://patton.org,org,1,18,0,0,0,2,0,Taylor Group,Dominica,1721,True
https://holden.org,org,1,18,0,0,0,2,1,Murphy PLC,Kenya,2607,True
http://bennett.biz,biz,0,18,0,0,0,2,0,"Herman, Williams and Smith",Ecuador,4152,True
https://craig-shannon.ar,ar,1,24,1,0,0,2,1,"Gonzalez, Johnson and Miller",Australia,5434,False
http://hughes.org,org,0,17,0,0,0,2,0,"Molina, Weaver and Meyers",Malaysia,6029,True
https://martinez.dev,dev,1,20,0,0,0,2,0,Mcdowell-Bauer,North Macedonia,3567,False
https://smith.biz,biz,1,17,0,0,0,2,0,Wilson Ltd,Italy,5740,True
https://mccarthy-jones.dev,dev,1,26,1,0,0,2,1,Patel-Lee,Serbia,7056,True
https://brooks-herman.info,info,1,26,1,0,0,2,0,"Parker, Thompson and Freeman",Faroe Islands,3123,False
http://wright.org,org,0,17,0,0,0,2,0,Thomas Ltd,Indonesia,6210,False
https://wong-phillips.edu,edu,1,25,1,0,0,2,0,Cooper Group,Cuba,6465,True
http://ford-mitchell.net,net,0,24,1,0,0,2,0,Allen-Santiago,Cambodia,2977,True
https://gordon.ar,ar,1,17,0,0,0,2,1,"Thomas, Graham and Austin",Cuba,6049,True
http://taylor-carter.com,com,0,24,1,0,0,2,1,"Buckley, Smith and Walker",Uganda,3381,True
https://buchanan-cobb.biz,biz,1,25,1,0,0,2,1,"Caldwell, Tran and Morris",Mozambique,7264,True
http://howell-vasquez.ar,ar,0,24,1,0,0,2,0,Evans Inc,Cocos (Keeling) Islands,6799,True
http://allen.com,com,0,16,0,0,0,2,0,"Williams, Steele and Brock",Malta,948,False
https://clark.com,com,1,17,0,0,0,2,0,Hammond Group,Antigua and Barbuda,3862,True
https://harris.biz,biz,1,18,0,0,0,2,0,"Robinson, Kim and Pope",Kazakhstan,1151,True
http://williamson-watson.biz,biz,0,28,1,0,0,2,1,"Walker, Evans and Morris",Yemen,2745,False
http://smith-bell.gov,gov,0,21,1,0,0,2,1,"Foster, Calderon and Torres",Korea,6290,True
http://morris.net,net,0,17,0,0,0,2,1,Turner-Foster,Mongolia,6791,False
http://spencer-sanchez.dev,dev,0,26,1,0,0,2,0,Mcgee-Nelson,Greece,3963,True
https://mills.dev,dev,1,17,0,0,0,2,0,Christian-Clay,Greece,1255,True
https://smith-fisher.net,net,1,24,1,0,0,2,0,James-Hunter,Timor-Leste,6727,False
http://vargas.gov,gov,0,17,0,0,0,2,1,Fox PLC,Philippines,5520,True
https://jenkins.net,net,1,19,0,0,0,2,1,"Dillon, Reyes and Morgan",Chad,1102,False
http://valdez-wilson.com,com,0,24,1,0,0,2,0,Dickerson-Evans,Korea,2106,False
https://harris-williams.io,io,1,26,1,0,0,2,0,"Mullen, Richards and Williams",Somalia,2119,True
https://cunningham-michael.io,io,1,29,1,0,0,2,1,"Baldwin, Gentry and Wilson",Syrian Arab Republic,1136,True
https://white.dev,dev,1,17,0,0,0,2,1,"Campbell, Chapman and Green",Haiti,869,True
http://rodriguez.io,io,0,19,0,0,0,2,0,"King, Lewis and Wheeler",Cuba,2229,False
http://harris.gov,gov,0,17,0,0,0,2,0,"Wood, Alexander and Lee",Greenland,2205,False
http://brooks-galvan.gov,gov,0,24,1,0,0,2,0,Gonzalez PLC,Russian Federation,6653,True
http://dean.edu,edu,0,15,0,0,0,2,1,Conrad-Wright,Ukraine,866,True
http://davis.org,org,0,16,0,0,0,2,1,Garcia-Johnson,Macao,4522,False
https://garrett.info,info,1,20,0,0,0,2,0,"Moore, Sanders and Todd",Albania,5278,False
http://anderson.biz,biz,0,19,0,0,0,2,0,Shaw-Williams,India,4717,False
https://sanchez.info,info,1,20,0,0,0,2,1,"Davis, Powell and Watson",Hong Kong,2214,True
https://conley.info,info,1,19,0,0,0,2,0,"Rasmussen, Delgado and Wilcox",French Southern Territories,1680,False
https://johnson-rodriguez.org,org,1,29,1,0,0,2,0,"Swanson, Turner and Williams",United States of America,6660,False
http://snyder.org,org,0,17,0,0,0,2,1,Rose-Austin,Equatorial Guinea,4637,True
http://delgado-peterson.com,com,0,27,1,0,0,2,1,Nolan-Patel,Nepal,671,True
https://kelly.gov,gov,1,17,0,0,0,2,1,Hughes-Daniels,San Marino,4304,True
http://patterson.edu,edu,0,20,0,0,0,2,0,"Morrison, Anderson and Larsen",Saint Barthelemy,1314,False
https://hancock.gov,gov,1,19,0,0,0,2,1,Sanders-Gonzalez,Russian Federation,2328,True
http://thomas.io,io,0,16,0,0,0,2,1,Norton Inc,Trinidad and Tobago,6689,False
http://hayes-johnston.info,info,0,26,1,0,0,2,1,Wilkerson-Roberts,Swaziland,2878,True
https://robles-nelson.edu,edu,1,25,1,0,0,2,0,"Adams, Lyons and Medina",Bolivia,7155,True
https://snyder.edu,edu,1,18,0,0,0,2,1,"Walton, Young and Kelley",New Zealand,840,True
https://edwards-cox.net,net,1,23,1,0,0,2,0,"Obrien, Perry and Gray",Martinique,7296,False
https://taylor.gov,gov,1,18,0,0,0,2,1,Hart-Sanchez,Bulgaria,3368,True
https://thompson.org,org,1,20,0,0,0,2,0,"Wolfe, Fox and Bell",Madagascar,6584,True
https://russell.gov,gov,1,19,0,0,0,2,0,Rodriguez Inc,Saint Martin,5800,True
https://rogers.info,info,1,19,0,0,0,2,0,"Andrews, Le and Ortiz",Panama,4791,True
http://reed.net,net,0,15,0,0,0,2,0,Ward Inc,Estonia,5773,True
http://kelley.com,com,0,17,0,0,0,2,1,Vincent-Johnson,Mayotte,2618,False
http://anderson.net,net,0,19,0,0,0,2,1,Conway-Estrada,Liberia,4570,False
https://acevedo.dev,dev,1,19,0,0,0,2,0,"Anderson, Phillips and Rojas",Mali,2480,False
https://dawson-miles.org,org,1,24,1,0,0,2,0,Gilmore-Russell,Chile,4806,True
http://roberts.ar,ar,0,17,0,0,0,2,0,Phillips LLC,Guadeloupe,5737,False
http://mack-friedman.biz,biz,0,24,1,0,0,2,0,"Peck, Ingram and Miller",Greece,6824,False
https://kelly-castillo.biz,biz,1,26,1,0,0,2,1,Stevenson-Fox,Eritrea,1916,False
http://young.gov,gov,0,16,0,0,0,2,1,Watson-Dickerson,Sierra Leone,625,True
https://ward.gov,gov,1,16,0,0,0,2,0,Herman LLC,Guam,5676,False
https://clark-moran.org,org,1,23,1,0,0,2,0,Chavez-Jones,Falkland Islands (Malvinas),7178,True
http://harding.net,net,0,18,0,0,0,2,0,Cooper-Leblanc,China,461,False
https://jackson.dev,dev,1,19,0,0,0,2,0,"Smith, Marshall and Whitehead",Antigua and Barbuda,5067,False
http://rodgers-haley.org,org,0,24,1,0,0,2,0,"Griffin, Drake and Eaton",Gabon,3595,True
https://foley.gov,gov,1,17,0,0,0,2,0,Macdonald Inc,Spain,3135,False
http://daniels.net,net,0,18,0,0,0,2,1,Williams-Riley,Tajikistan,5161,False
https://weiss.net,net,1,17,0,0,0,2,1,Hernandez-Sawyer,United States Minor Outlying Islands,4639,False
https://mata.org,org,1,16,0,0,0,2,1,Douglas Group,Burundi,4017,False
https://hamilton-rasmussen.com,com,1,30,1,0,0,2,0,Gilbert LLC,Slovenia,6018,False
https://frye.biz,biz,1,16,0,0,0,2,1,Montes Inc,Gabon,7184,False
https://robinson.io,io,1,19,0,0,0,2,0,Smith PLC,Bolivia,5971,True
https://johnson.info,info,1,20,0,0,0,2,1,Johnson-Ramos,Bermuda,2079,True
https://williams-graham.org,org,1,27,1,0,0,2,1,Williams-May,Saint Barthelemy,895,True
https://taylor.net,net,1,18,0,0,0,2,0,"Ramirez, Evans and Collins",Chad,1096,True
http://evans-kim.info,info,0,21,1,0,0,2,1,Hubbard-Walker,Falkland Islands (Malvinas),853,False
http://murray.edu,edu,0,17,0,0,0,2,0,"Robinson, Colon and Stout",Kiribati,3049,False
https://anderson-watson.dev,dev,1,27,1,0,0,2,1,Riley LLC,Czech Republic,6150,True
http://moran.info,info,0,17,0,0,0,2,0,Lee-Robles,Brazil,2657,True
https://martin-heath.ar,ar,1,23,1,0,0,2,1,Caldwell Inc,Peru,5279,False
http://lopez-anderson.net,net,0,25,1,0,0,2,1,Morales-Norton,Honduras,5148,False
http://austin.info,info,0,18,0,0,0,2,1,"Dennis, Sampson and Stafford",Romania,783,False
https://phillips-chan.ar,ar,1,24,1,0,0,2,0,Daniels-Johnson,Liberia,2150,True
http://ward.com,com,0,15,0,0,0,2,1,"Hunter, Miller and Greene",Togo,7026,False
https://morrow.info,info,1,19,0,0,0,2,0,Cole-Tucker,French Southern Territories,591,False
http://lewis.info,info,0,17,0,0,0,2,1,Wood Inc,Malaysia,3090,True
https://bernard.net,net,1,19,0,0,0,2,1,Steele LLC,Lebanon,3511,True
https://rivera.ar,ar,1,17,0,0,0,2,0,Andrews-Camacho,Algeria,5198,False
http://scott.ar,ar,0,15,0,0,0,2,0,Reese Group,Isle of Man,4878,False
http://hall.dev,dev,0,15,0,0,0,2,1,"Schneider, Lewis and Atkinson",Martinique,4116,True
https://baker-rodriguez.edu,edu,1,27,1,0,0,2,1,Knapp PLC,Armenia,4208,False
http://lin.io,io,0,13,0,0,0,2,1,Jones Inc,Qatar,774,False
http://cooley.info,info,0,18,0,0,0,2,0,Davis-Sherman,Sweden,6398,True
https://faulkner.biz,biz,1,20,0,0,0,2,0,Smith Ltd,Solomon Islands,4067,True
https://hill.info,info,1,17,0,0,0,2,1,Munoz PLC,Peru,4323,True
http://phillips.edu,edu,0,19,0,0,0,2,1,"Cook, Sandoval and Moore",Antigua and Barbuda,5450,False
https://johnson.edu,edu,1,19,0,0,0,2,0,Neal-Perez,Slovakia (Slovak Republic),3568,False
http://leonard-ryan.dev,dev,0,23,1,0,0,2,0,Valdez-Morrow,Lao People's Democratic Republic,6089,True
http://lee-heath.org,org,0,20,1,0,0,2,0,Gomez and Sons,Ireland,6481,True
http://kelly-evans.info,info,0,23,1,0,0,2,0,"Miller, Jefferson and Anderson",Guernsey,2694,True
https://ross.biz,biz,1,16,0,0,0,2,1,Ferguson-Davis,Dominica,4561,False
http://butler-parker.net,net,0,24,1,0,0,2,1,"Holmes, Walsh and Hill",Dominican Republic,4357,False
http://mitchell-johnson.com,com,0,27,1,0,0,2,0,"Johnson, Sims and Walters",French Southern Territories,1786,True
http://lawson.gov,gov,0,17,0,0,0,2,0,Velez-Wright,Netherlands,5031,False
http://pierce.dev,dev,0,17,0,0,0,2,0,"Tran, Smith and Mata",Jamaica,6558,True
http://velez-howard.org,org,0,23,1,0,0,2,0,"Myers, Davis and Wolf",Turks and Caicos Islands,3492,False
http://martinez.io,io,0,18,0,0,0,2,0,"Jones, Blake and Hunt",Timor-Leste,6089,False
http://hughes-flynn.biz,biz,0,23,1,0,0,2,1,"Cooper, Rhodes and Byrd",French Southern Territories,1486,True
http://bowen.gov,gov,0,16,0,0,0,2,1,Leonard-May,Libyan Arab Jamahiriya,5502,False
http://lee.ar,ar,0,13,0,0,0,2,0,Collins-Taylor,Albania,2975,False
http://murphy.edu,edu,0,17,0,0,0,2,1,Brown-Murphy,France,6808,False
https://morton-estrada.info,info,1,27,1,0,0,2,0,Pitts-Weaver,Grenada,7272,True
http://mclaughlin.info,info,0,22,0,0,0,2,1,Mccoy Inc,Bermuda,6606,False
http://wallace.info,info,0,19,0,0,0,2,0,"Green, Baker and Black",New Caledonia,2032,False
https://mason.org,org,1,17,0,0,0,2,1,Lynn-Smith,Bhutan,2565,True
https://morris.org,org,1,18,0,0,0,2,1,Gonzales Ltd,Uruguay,1313,True
https://gray-martin.biz,biz,1,23,1,0,0,2,1,Morgan LLC,Israel,2979,True
https://griffin-gonzalez.org,org,1,28,1,0,0,2,1,Taylor-Martinez,Mauritius,2875,False
https://jones-lee.com,com,1,21,1,0,0,2,0,Anderson PLC,Kuwait,6106,True
http://thomas.org,org,0,17,0,0,0,2,1,"Jennings, Brown and Wright",Sweden,4106,False
http://thornton.info,info,0,20,0,0,0,2,0,Perez-Kennedy,Congo,5884,True
https://bates-baker.dev,dev,1,23,1,0,0,2,1,Roth Group,Libyan Arab Jamahiriya,3179,True
http://medina.biz,biz,0,17,0,0,0,2,1,"Cox, Williams and Lang",Mauritius,3333,True
http://gonzalez-mcfarland.com,com,0,29,1,0,0,2,1,Mckay-Gibson,Antarctica (the territory South of 60 deg S),1527,False
http://stephens.edu,edu,0,19,0,0,0,2,0,Welch and Sons,Botswana,6120,False
http://shannon.org,org,0,18,0,0,0,2,0,Reese-Gallegos,Monaco,2476,False
https://garza-guerrero.edu,edu,1,26,1,0,0,2,1,"Reid, Hess and Solis",Aruba,1977,True
http://watson.ar,ar,0,16,0,0,0,2,0,"Ramirez, Santos and Donovan",Sierra Leone,6320,True
http://zamora-gordon.biz,biz,0,24,1,0,0,2,1,Morales-Dixon,Suriname,694,True
https://may.net,net,1,15,0,0,0,2,0,"Eaton, Escobar and Williams",Cameroon,4201,True
http://wood-martinez.net,net,0,24,1,0,0,2,0,"Green, Gonzalez and Todd",Luxembourg,6744,True
https://ramos-thomas.edu,edu,1,24,1,0,0,2,0,"Carroll, Vargas and Ellis",Tunisia,3799,True
https://brooks.dev,dev,1,18,0,0,0,2,0,Collins PLC,Austria,2469,False
https://collins.biz,biz,1,19,0,0,0,2,1,"Acosta, Medina and Warren",Kiribati,940,False
https://peters.net,net,1,18,0,0,0,2,1,Newman Ltd,Saint Vincent and the Grenadines,5176,False
http://castro-spears.biz,biz,0,24,1,0,0,2,0,Alexander-Williams,Libyan Arab Jamahiriya,1095,True
https://short.edu,edu,1,17,0,0,0,2,1,Peterson-Garrett,Egypt,2687,True
https://davis.io,io,1,16,0,0,0,2,1,Carter PLC,Liechtenstein,6499,True
http://green.net,net,0,16,0,0,0,2,1,Moreno LLC,Samoa,2088,True
https://gibbs.org,org,1,17,0,0,0,2,0,Wilson LLC,Svalbard & Jan Mayen Islands,6025,False
https://giles.edu,edu,1,17,0,0,0,2,0,Yoder-Padilla,Bolivia,5294,False
http://cabrera.biz,biz,0,18,0,0,0,2,0,Parks-Flowers,Nicaragua,4114,False
https://hughes.edu,edu,1,18,0,0,0,2,0,Williamson Ltd,France,2896,True
https://boyle-meadows.com,com,1,25,1,0,0,2,0,Parrish-Ramos,Ecuador,2216,True
https://merritt.com,com,1,19,0,0,0,2,0,"Peters, Pineda and Mathis",Estonia,6260,False
https://perez.io,io,1,16,0,0,0,2,0,"Smith, Bailey and Beck",American Samoa,3405,False
http://rodriguez.org,org,0,20,0,0,0,2,0,"Garcia, Short and Miller",Dominican Republic,858,True
http://ray-reynolds.io,io,0,22,1,0,0,2,1,Owens Inc,Zambia,7301,False
https://henry.net,net,1,17,0,0,0,2,1,"Fisher, Goodwin and Mcclure",Cuba,5590,False
http://calderon-hunt.io,io,0,23,1,0,0,2,1,"Martin, Cooper and Soto",Tokelau,3540,False
http://liu-cole.io,io,0,18,1,0,0,2,1,Quinn-Williams,British Indian Ocean Territory (Chagos Archipelago),5480,False
https://wise.net,net,1,16,0,0,0,2,0,Sanchez-Hill,Grenada,6915,False
http://chandler.gov,gov,0,19,0,0,0,2,0,"Harvey, Freeman and Rios",Zimbabwe,373,False
https://ibarra-johns.org,org,1,24,1,0,0,2,1,"Taylor, Carrillo and Villa",Comoros,3900,True
http://stewart.org,org,0,18,0,0,0,2,0,Williams-Wiggins,Cambodia,4006,False
https://spears.ar,ar,1,17,0,0,0,2,1,Smith-Stewart,Saint Vincent and the Grenadines,2119,True
http://stevens.io,io,0,17,0,0,0,2,0,Cook-Henry,Sierra Leone,5652,False
https://jarvis-campbell.io,io,1,26,1,0,0,2,0,Smith-Braun,Djibouti,2503,False
http://hoffman.ar,ar,0,17,0,0,0,2,1,Smith-Pena,Poland,3894,False
http://rogers.ar,ar,0,16,0,0,0,2,0,Gutierrez-Campbell,Bermuda,2692,True
http://hooper-lee.net,net,0,21,1,0,0,2,0,Boyd Group,Cyprus,511,True
https://greer.net,net,1,17,0,0,0,2,1,"Sherman, Long and Taylor",Nigeria,3637,False
https://gutierrez.dev,dev,1,21,0,0,0,2,1,Weber Inc,Sao Tome and Principe,4706,False
https://green-jones.com,com,1,23,1,0,0,2,1,Orr-Perez,Thailand,590,True
http://johnson.net,net,0,18,0,0,0,2,1,Silva Inc,United Arab Emirates,5171,True
https://bennett-davidson.net,net,1,28,1,0,0,2,0,Carter Inc,Saint Vincent and the Grenadines,6602,False
http://stewart.edu,edu,0,18,0,0,0,2,0,Alvarez-Kelley,Greenland,3170,True
http://ewing.ar,ar,0,15,0,0,0,2,0,"Mcguire, Jones and Hernandez",Kuwait,5283,True
http://johnson-hunter.dev,dev,0,25,1,0,0,2,1,"Orozco, Sanders and Wise",Denmark,645,True
https://johnson.org,org,1,19,0,0,0,2,0,Patterson Group,Trinidad and Tobago,6294,False
https://mckay-guzman.com,com,1,24,1,0,0,2,1,Romero Ltd,Albania,2003,True
https://velasquez-hall.gov,gov,1,26,1,0,0,2,0,Thomas and Sons,Portugal,4967,False
http://powell.edu,edu,0,17,0,0,0,2,0,Wells and Sons,Croatia,5041,False
https://henson.biz,biz,1,18,0,0,0,2,1,Kelly PLC,Zambia,5379,True
http://taylor.edu,edu,0,17,0,0,0,2,0,"Russell, Baker and James",Nicaragua,4924,True
http://carter.net,net,0,17,0,0,0,2,0,Wolf-Clark,Cape Verde,4840,True
https://williams-brewer.dev,dev,1,27,1,0,0,2,0,Young Group,Norfolk Island,1066,True
http://johnson.ar,ar,0,17,0,0,0,2,0,"Taylor, Moss and Bell",Luxembourg,5112,True
https://brooks.info,info,1,19,0,0,0,2,1,Mason-Miller,Qatar,6498,False
http://williams.dev,dev,0,19,0,0,0,2,0,Holloway-Williamson,Uruguay,3426,False
https://williams.org,org,1,20,0,0,0,2,0,Lambert LLC,Bhutan,5022,True
https://torres-gonzalez.ar,ar,1,26,1,0,0,2,1,"Matthews, Pineda and Taylor",Dominican Republic,5559,False
http://parsons-ross.dev,dev,0,23,1,0,0,2,1,Fields and Sons,Swaziland,1304,True
https://webster-stephens.net,net,1,28,1,0,0,2,1,"Kennedy, Roach and Howard",Saint Kitts and Nevis,4576,True
http://mercado.net,net,0,18,0,0,0,2,1,Meyers Inc,Cook Islands,1104,True
http://martinez.info,info,0,20,0,0,0,2,1,"Mcdaniel, Anderson and Brock",Maldives,4047,False
http://martin-harris.com,com,0,24,1,0,0,2,1,Rivera-Gonzalez,Guernsey,2084,False
https://short.gov,gov,1,17,0,0,0,2,1,"Cunningham, Garcia and Watson",Afghanistan,2814,False
http://fisher.biz,biz,0,17,0,0,0,2,1,"Perez, Chapman and Lawrence",Armenia,4881,False
http://matthews-burns.biz,biz,0,25,1,0,0,2,0,"Gutierrez, Barrera and Miles",Tajikistan,2451,False
http://cole-warren.org,org,0,22,1,0,0,2,0,"Aguirre, Bryant and Lopez",Syrian Arab Republic,617,False
http://miller-wilson.org,org,0,24,1,0,0,2,1,"Day, Johnson and Case",Ukraine,5656,False
http://walker.edu,edu,0,17,0,0,0,2,1,Molina PLC,Honduras,4924,True
https://gonzalez-white.org,org,1,26,1,0,0,2,0,Sullivan PLC,Taiwan,7109,False
http://andrade.biz,biz,0,18,0,0,0,2,0,Davis Ltd,Eritrea,5014,False
http://dyer.org,org,0,15,0,0,0,2,0,Thompson-Smith,Austria,4789,True
http://diaz-leon.com,com,0,20,1,0,0,2,1,Hoffman Ltd,Central African Republic,7245,True
https://palmer.info,info,1,19,0,0,0,2,1,"Burns, Gray and Harris",Luxembourg,4212,False
http://palmer-kemp.net,net,0,22,1,0,0,2,1,"French, Rivers and Malone",Slovenia,1372,False
http://reed-murray.info,info,0,23,1,0,0,2,1,English Group,Gambia,4554,True
https://powers-morris.dev,dev,1,25,1,0,0,2,0,"Haley, King and Suarez",Faroe Islands,2401,False
https://stephens.org,org,1,20,0,0,0,2,0,"Cabrera, Howard and Miller",Bosnia and Herzegovina,6031,True
http://arnold-gomez.info,info,0,24,1,0,0,2,0,Douglas Inc,Liberia,3126,True
http://williams.net,net,0,19,0,0,0,2,0,"Bartlett, Porter and Huffman",French Southern Territories,3719,False
http://price.edu,edu,0,16,0,0,0,2,1,Adams-Lloyd,Guatemala,4314,True
https://martinez.info,info,1,21,0,0,0,2,1,Hamilton-Ward,Turkey,1606,False
https://thomas-shaffer.net,net,1,26,1,0,0,2,1,Ball Group,Pitcairn Islands,5775,False
https://kelly.ar,ar,1,16,0,0,0,2,1,Gordon PLC,South Georgia and the South Sandwich Islands,6927,True
https://crawford.com,com,1,20,0,0,0,2,0,Gray and Sons,Dominican Republic,4177,False
http://coleman.gov,gov,0,18,0,0,0,2,0,Jennings Inc,Syrian Arab Republic,4433,False
http://taylor.biz,biz,0,17,0,0,0,2,1,"Richardson, Hall and Collins",Uganda,522,False
https://johnson.edu,edu,1,19,0,0,0,2,1,Lambert-Carroll,Nigeria,781,False
https://johnson-davis.org,org,1,25,1,0,0,2,0,"Mcdonald, Malone and Little",France,3376,True
http://mccann.dev,dev,0,17,0,0,0,2,0,"Neal, Wilson and Meyer",French Polynesia,2442,False
http://cox-schneider.net,net,0,24,1,0,0,2,0,"Rogers, Thornton and Perez",South Africa,3212,True
https://chambers-gregory.info,info,1,29,1,0,0,2,1,Pitts Ltd,Philippines,6917,False
https://coffey-williams.info,info,1,28,1,0,0,2,0,Chavez Ltd,North Macedonia,2281,False
https://nelson-rojas.info,info,1,25,1,0,0,2,0,Rodriguez-Brown,Niue,736,True
https://moss.ar,ar,1,15,0,0,0,2,0,Davis-Sanders,Switzerland,1379,True
https://davis.org,org,1,17,0,0,0,2,1,Olson LLC,Bahrain,4809,True
http://garrett.info,info,0,19,0,0,0,2,0,Stone LLC,New Zealand,3646,True
https://parrish-kim.biz,biz,1,23,1,0,0,2,0,James-Wagner,Chile,970,False
http://rogers.biz,biz,0,17,0,0,0,2,0,Mcdaniel-Ward,Tanzania,412,False
http://jackson.gov,gov,0,18,0,0,0,2,0,"Molina, Hurley and Logan",Jamaica,5727,False
http://thompson.edu,edu,0,19,0,0,0,2,1,Jordan and Sons,Lesotho,2487,True
https://gonzalez.dev,dev,1,20,0,0,0,2,1,Carey and Sons,Heard Island and McDonald Islands,5374,False
http://johnson.org,org,0,18,0,0,0,2,1,"Stafford, Cantrell and Thompson",Saint Kitts and Nevis,4745,True
http://little-ellison.ar,ar,0,24,1,0,0,2,0,"Mendoza, Juarez and Spence",Ireland,4925,False
https://david-johnson.dev,dev,1,25,1,0,0,2,0,"Ramirez, Villegas and Baker",Argentina,7291,False
http://velez.info,info,0,17,0,0,0,2,1,Smith Group,Lesotho,6800,True
http://davidson-berry.dev,dev,0,25,1,0,0,2,1,Brown Group,Antigua and Barbuda,6582,True
https://russell-olsen.net,net,1,25,1,0,0,2,0,White-Suarez,Sudan,5767,False
https://miller.gov,gov,1,18,0,0,0,2,0,"Hughes, Bishop and Mccall",Saint Martin,6186,False
https://gray-savage.biz,biz,1,23,1,0,0,2,0,Marshall PLC,Suriname,800,False
http://scott.net,net,0,16,0,0,0,2,0,Williams Ltd,Montenegro,5275,False
http://pope.ar,ar,0,14,0,0,0,2,1,"Ball, Cook and Dominguez",French Southern Territories,6152,True
https://saunders.net,net,1,20,0,0,0,2,1,Harris Group,Comoros,6454,True
https://williamson-carter.biz,biz,1,29,1,0,0,2,1,Mendoza-Brown,Malaysia,5316,False
https://cook-peterson.edu,edu,1,25,1,0,0,2,0,Arnold PLC,Cote d'Ivoire,6521,False
http://smith.com,com,0,16,0,0,0,2,1,Ford Inc,Algeria,4169,True
http://valdez.info,info,0,18,0,0,0,2,1,"Jensen, Hines and Shelton",Timor-Leste,6370,False
http://woods.io,io,0,15,0,0,0,2,0,Hall-Martin,Palestinian Territory,6355,False
https://little.dev,dev,1,18,0,0,0,2,0,Rogers Ltd,Montenegro,5896,True
https://miles-owens.com,com,1,23,1,0,0,2,1,Murray and Sons,Andorra,6082,False
https://francis.org,org,1,19,0,0,0,2,0,Baldwin Inc,Egypt,2422,False
http://lewis.edu,edu,0,16,0,0,0,2,0,"Holt, Harrington and Morgan",Madagascar,1223,False
https://rodriguez-mullen.org,org,1,28,1,0,0,2,1,Williams Ltd,Singapore,5507,True
https://davis.com,com,1,17,0,0,0,2,1,Taylor PLC,Ireland,544,False
https://cruz.biz,biz,1,16,0,0,0,2,1,"Robles, Aguilar and Shepherd",Saint Martin,1295,False
https://ibarra.org,org,1,18,0,0,0,2,1,Jones-Higgins,Micronesia,5754,False
http://preston.gov,gov,0,18,0,0,0,2,1,"Nelson, Fuller and Osborne",Armenia,4641,True
https://kramer.com,com,1,18,0,0,0,2,1,Henderson-Aguirre,Egypt,2610,True
http://davis-owens.org,org,0,22,1,0,0,2,0,"Thompson, Manning and Reynolds",United Kingdom,4502,True
http://contreras-peterson.net,net,0,29,1,0,0,2,0,Reyes Inc,Panama,7097,True
http://hamilton.ar,ar,0,18,0,0,0,2,1,Davis-Martin,Singapore,2302,False
http://roberts.info,info,0,19,0,0,0,2,1,Holmes-Coleman,Madagascar,1937,False
http://hudson-miller.io,io,0,23,1,0,0,2,1,Hill Group,China,6431,False
https://butler.info,info,1,19,0,0,0,2,1,Carey Ltd,Guadeloupe,6114,False
https://harris-vasquez.ar,ar,1,25,1,0,0,2,0,Poole-Whitaker,Micronesia,7080,False
https://brown.ar,ar,1,16,0,0,0,2,1,Decker Ltd,Turkmenistan,7169,True
https://evans.ar,ar,1,16,0,0,0,2,0,Garcia-Webb,United Kingdom,1386,False
https://lewis.com,com,1,17,0,0,0,2,1,Burton Ltd,Heard Island and McDonald Islands,1796,False
https://porter.biz,biz,1,18,0,0,0,2,1,Cuevas Inc,Isle of Man,6749,True
https://hoffman-perkins.net,net,1,27,1,0,0,2,1,Roberts Ltd,Nicaragua,2468,False
https://collier-grant.ar,ar,1,24,1,0,0,2,0,"Moore, Ayers and Edwards",South Georgia and the South Sandwich Islands,6717,True
http://stevens.gov,gov,0,18,0,0,0,2,0,Stokes-Bender,Moldova,2062,False
http://cooley.ar,ar,0,16,0,0,0,2,1,Ross-Brown,Uganda,644,True
https://willis.edu,edu,1,18,0,0,0,2,1,"Richardson, Guerra and Fisher",Nauru,6995,False
https://mitchell.io,io,1,19,0,0,0,2,1,Aguirre and Sons,Norfolk Island,2524,True
https://jacobson.dev,dev,1,20,0,0,0,2,0,Patel LLC,Saint Pierre and Miquelon,653,True
http://long.biz,biz,0,15,0,0,0,2,0,Swanson-Thompson,Cameroon,2632,False
http://blackburn.gov,gov,0,20,0,0,0,2,0,Murray-Reed,Lesotho,2643,False
https://hoover-harrison.biz,biz,1,27,1,0,0,2,1,Grant and Sons,Denmark,1159,False
http://thompson-rowland.com,com,0,27,1,0,0,2,0,Williams Group,Rwanda,6722,False
http://mooney.dev,dev,0,17,0,0,0,2,1,"Reyes, West and Price",Central African Republic,1981,False
http://gray-cooper.gov,gov,0,22,1,0,0,2,1,Fields-Martinez,Romania,6645,True
http://lewis-nunez.edu,edu,0,22,1,0,0,2,1,Gomez and Sons,Micronesia,4025,False
https://giles.dev,dev,1,17,0,0,0,2,0,Adams Inc,Germany,6824,False
https://howard.net,net,1,18,0,0,0,2,1,Erickson Inc,Turks and Caicos Islands,2226,False
https://aguilar.net,net,1,19,0,0,0,2,1,Lowery-Cox,French Southern Territories,5590,True
https://hart.biz,biz,1,16,0,0,0,2,0,Montgomery-Garcia,North Macedonia,1177,True
http://gentry.biz,biz,0,17,0,0,0,2,1,"Garner, Gross and Hart",Serbia,6829,True
https://keller.gov,gov,1,18,0,0,0,2,1,Lee-Andrade,Nicaragua,3269,True
http://nguyen-robbins.io,io,0,24,1,0,0,2,0,"Campbell, Moreno and George",Armenia,6009,True
http://brown-miller.info,info,0,24,1,0,0,2,1,Rodriguez-Huber,Uganda,7127,True
https://jones.edu,edu,1,17,0,0,0,2,0,"Ortega, Branch and Cook",Bouvet Island (Bouvetoya),4316,True
https://crawford-goodman.biz,biz,1,28,1,0,0,2,1,White and Sons,Costa Rica,1828,True
http://ballard.org,org,0,18,0,0,0,2,1,"Petersen, Fuller and Williams",Vanuatu,1718,False
http://chan.info,info,0,16,0,0,0,2,0,Sandoval PLC,North Macedonia,5670,True
https://good-smith.info,info,1,23,1,0,0,2,0,Proctor PLC,Faroe Islands,4284,False
https://mcbride.com,com,1,19,0,0,0,2,0,Miller Group,Sweden,5936,False
http://harris.gov,gov,0,17,0,0,0,2,1,"Daugherty, Meadows and Crosby",British Indian Ocean Territory (Chagos Archipelago),5075,False
http://larsen-cunningham.com,com,0,28,1,0,0,2,1,Gonzalez-Lewis,Iceland,2028,False
https://clarke.info,info,1,19,0,0,0,2,1,Bates-Stewart,Lesotho,6743,False
https://mcmillan.edu,edu,1,20,0,0,0,2,0,"Rodriguez, Brooks and Jackson",Austria,415,True
http://perez.gov,gov,0,16,0,0,0,2,1,Tanner-Pratt,Papua New Guinea,3179,True
http://sheppard.net,net,0,19,0,0,0,2,1,Peterson-Maldonado,Cayman Islands,570,False
https://weber.dev,dev,1,17,0,0,0,2,1,Santana-Thompson,Mayotte,3442,False
https://simpson.net,net,1,19,0,0,0,2,0,Duncan-Sutton,Saint Barthelemy,2940,True
http://jimenez-collins.org,org,0,26,1,0,0,2,0,Thomas Ltd,Palestinian Territory,4225,False
https://ramirez.gov,gov,1,19,0,0,0,2,1,Burch-Gonzalez,French Guiana,5797,True
http://zimmerman.io,io,0,19,0,0,0,2,1,Gutierrez PLC,Yemen,6628,False
https://hall.gov,gov,1,16,0,0,0,2,1,Simpson PLC,Tunisia,4893,False
https://baker.dev,dev,1,17,0,0,0,2,1,Schultz-Wilson,Central African Republic,2853,True
https://nelson.info,info,1,19,0,0,0,2,0,"Villanueva, Nichols and Patterson",Honduras,6708,True
https://hernandez.info,info,1,22,0,0,0,2,1,"Mitchell, Houston and George",Tonga,1937,True
http://walker-shannon.ar,ar,0,24,1,0,0,2,1,Shea-Chapman,Luxembourg,1199,False
http://charles.edu,edu,0,18,0,0,0,2,1,Espinoza-Huerta,Ukraine,5321,True
http://shelton-tate.ar,ar,0,22,1,0,0,2,1,"Hammond, Johnson and Diaz",French Southern Territories,6329,False
https://holloway.ar,ar,1,19,0,0,0,2,1,Kline and Sons,Vanuatu,2918,False
http://hubbard.dev,dev,0,18,0,0,0,2,1,"Evans, Wilson and Cowan",Morocco,7201,True
https://schultz.edu,edu,1,19,0,0,0,2,0,Brooks PLC,British Indian Ocean Territory (Chagos Archipelago),4985,False
http://douglas.ar,ar,0,17,0,0,0,2,1,Kennedy Inc,Bahamas,5360,False
http://howard-collier.edu,edu,0,25,1,0,0,2,1,Livingston Ltd,Barbados,6131,False
https://lopez.io,io,1,16,0,0,0,2,1,Cooper-Mann,Egypt,2558,True
http://young.gov,gov,0,16,0,0,0,2,1,"Parker, Navarro and Martin",Brazil,6934,False
https://pope.org,org,1,16,0,0,0,2,0,"Mcdowell, Caldwell and Benjamin",New Zealand,6172,False
http://wright.gov,gov,0,17,0,0,0,2,0,"Higgins, Lopez and Salazar",Venezuela,3993,False
http://middleton.edu,edu,0,20,0,0,0,2,0,Molina-Olson,Sudan,6449,True
http://colon.net,net,0,16,0,0,0,2,1,"Meyers, Johnston and Powers",Mauritius,3258,False
https://burke.edu,edu,1,17,0,0,0,2,1,Mcmahon LLC,Singapore,6289,True
https://owens.io,io,1,16,0,0,0,2,0,"Nichols, Thomas and Taylor",Thailand,4949,True
https://myers.biz,biz,1,17,0,0,0,2,0,"Tucker, Boone and Stone",South Georgia and the South Sandwich Islands,1304,False
https://tran-hull.io,io,1,20,1,0,0,2,0,"Shannon, Miles and Kim",Singapore,7212,True
http://jones-goodwin.ar,ar,0,23,1,0,0,2,0,Weiss-Miller,Belgium,6115,True
https://smith.info,info,1,18,0,0,0,2,1,"Miller, Myers and West",Montenegro,3872,False
http://lee-mitchell.ar,ar,0,22,1,0,0,2,1,"Torres, Lewis and Roberts",Morocco,1064,False
https://stewart-booth.dev,dev,1,25,1,0,0,2,0,Rogers-Carroll,India,6958,True
https://ibarra.ar,ar,1,17,0,0,0,2,0,Herrera-Parsons,Niue,4296,False
http://garcia-kent.dev,dev,0,22,1,0,0,2,1,Lewis and Sons,Gibraltar,3637,False
http://stevenson-caldwell.dev,dev,0,29,1,0,0,2,0,Gonzalez-Williams,Uzbekistan,4396,False
https://whitehead-yu.biz,biz,1,24,1,0,0,2,1,"Baldwin, Hoffman and Walker",North Macedonia,4905,True
http://gomez-bell.dev,dev,0,21,1,0,0,2,0,"Gibson, Thompson and Simmons",Mozambique,3767,True
https://may.biz,biz,1,15,0,0,0,2,0,Simon Group,Burkina Faso,764,False
http://diaz-york.io,io,0,19,1,0,0,2,1,Hines-Coleman,Afghanistan,4603,False
https://daniels.net,net,1,19,0,0,0,2,0,French-Griffin,Finland,1918,True
https://johnston.io,io,1,19,0,0,0,2,0,Larsen-Webb,Sweden,5614,False
https://ware-smith.net,net,1,22,1,0,0,2,0,Brooks Group,Haiti,3687,True
https://watkins-berg.net,net,1,24,1,0,0,2,0,Ballard-Conrad,Northern Mariana Islands,837,False
http://andrade-burns.ar,ar,0,23,1,0,0,2,0,Hines-Lewis,Lao People's Democratic Republic,2044,False
http://pratt.org,org,0,16,0,0,0,2,1,"George, Burke and Johnson",Serbia,410,True
http://brown.biz,biz,0,16,0,0,0,2,0,Munoz LLC,Indonesia,3414,False
http://andrews.dev,dev,0,18,0,0,0,2,0,Lin Group,Grenada,2558,True
https://jenkins.net,net,1,19,0,0,0,2,0,Leblanc Group,Niue,658,True
http://valdez-hunter.io,io,0,23,1,0,0,2,0,"Howard, Cross and Brewer",Argentina,7139,False
https://kennedy.net,net,1,19,0,0,0,2,1,Lewis-Scott,Cayman Islands,3489,True
https://norman.com,com,1,18,0,0,0,2,0,"Rice, Ali and Haynes",Greenland,4377,False
http://franco-lopez.com,com,0,23,1,0,0,2,1,Williams-Hill,Cyprus,3296,False
http://porter.gov,gov,0,17,0,0,0,2,1,Baker-Kelley,Greece,5560,False
https://miller-reed.info,info,1,24,1,0,0,2,0,Carlson PLC,Equatorial Guinea,4945,False
http://perez-parrish.dev,dev,0,24,1,0,0,2,1,"Thomas, Lambert and Hernandez",Nepal,6404,False
https://brooks.info,info,1,19,0,0,0,2,1,Marshall Group,Turkmenistan,4236,True
https://kaiser-coleman.org,org,1,26,1,0,0,2,1,Hansen Group,Burundi,401,False
http://gonzales-roberts.info,info,0,28,1,0,0,2,0,Hughes Ltd,Hungary,4825,False
https://chapman.org,org,1,19,0,0,0,2,1,"Reese, Walton and Brown",Lebanon,5628,True
https://simmons-hanson.net,net,1,26,1,0,0,2,0,Brown-Bell,Czech Republic,1214,False
http://watkins.edu,edu,0,18,0,0,0,2,0,Miller PLC,Saudi Arabia,3950,True
https://ferguson-mack.com,com,1,25,1,0,0,2,0,Parker-Franco,Jordan,2931,False
https://hunt.net,net,1,16,0,0,0,2,0,Jones Inc,Uruguay,2962,True
https://wade-ramirez.dev,dev,1,24,1,0,0,2,1,Marshall-Wagner,Antigua and Barbuda,6476,False
http://harris-bass.biz,biz,0,22,1,0,0,2,0,Tucker and Sons,Grenada,498,False
https://chen.ar,ar,1,15,0,0,0,2,0,Wright and Sons,Moldova,4880,True
https://austin.com,com,1,18,0,0,0,2,1,Holmes Group,Antigua and Barbuda,2480,True
https://mcguire.io,io,1,18,0,0,0,2,1,Contreras LLC,Malta,1581,True
http://allison.io,io,0,17,0,0,0,2,0,Armstrong and Sons,Czech Republic,6250,False
https://salinas.biz,biz,1,19,0,0,0,2,0,"Hickman, Miller and Malone",Philippines,1795,False
http://hall.dev,dev,0,15,0,0,0,2,0,Farmer-Coleman,Pakistan,4804,True
https://lawson.edu,edu,1,18,0,0,0,2,0,Dickerson Ltd,Sierra Leone,964,False
https://beard.biz,biz,1,17,0,0,0,2,0,"Smith, Solis and Sullivan",Pitcairn Islands,4812,True
http://berry.info,info,0,17,0,0,0,2,0,Evans-Ewing,Nauru,373,True
https://norris.biz,biz,1,18,0,0,0,2,0,"Donovan, Chung and Stone",Dominican Republic,4268,True
http://montoya.info,info,0,19,0,0,0,2,1,Brown-Hopkins,Congo,1186,True
http://lopez.gov,gov,0,16,0,0,0,2,1,"Riddle, Bell and Brown",China,1762,True
http://frey-boyle.edu,edu,0,21,1,0,0,2,0,Morgan PLC,Montenegro,811,True
https://walker.ar,ar,1,17,0,0,0,2,0,"Fisher, Bryan and Diaz",Faroe Islands,6589,True
http://hernandez.net,net,0,20,0,0,0,2,1,"Bean, Barron and Marks",Heard Island and McDonald Islands,1937,False
https://meyer.io,io,1,16,0,0,0,2,1,Thompson-Murphy,Guinea,2631,False
https://bullock.io,io,1,18,0,0,0,2,1,Wood Group,Syrian Arab Republic,3734,False
https://suarez.net,net,1,18,0,0,0,2,1,"Carroll, Pearson and Jensen",Belarus,4413,False
https://knapp.edu,edu,1,17,0,0,0,2,0,Sullivan Ltd,Uruguay,3144,True
https://walton.org,org,1,18,0,0,0,2,1,"Harris, Martinez and Dunlap",Greece,4043,False
https://rivera.gov,gov,1,18,0,0,0,2,1,Hart-Ramos,Equatorial Guinea,4458,False
https://smith.edu,edu,1,17,0,0,0,2,0,"Mcguire, Mendoza and Simmons",Tuvalu,2948,False
https://lewis.org,org,1,17,0,0,0,2,1,Burke-Gallagher,Cocos (Keeling) Islands,1314,True
https://rodriguez-vasquez.ar,ar,1,28,1,0,0,2,0,Santiago and Sons,Bolivia,1020,False
https://beard.info,info,1,18,0,0,0,2,1,Williams PLC,Macao,5869,False
https://campbell.ar,ar,1,19,0,0,0,2,0,Turner Inc,Benin,5989,True
https://gonzalez-moody.dev,dev,1,26,1,0,0,2,1,"Mckenzie, Smith and James",Colombia,6487,True
https://dawson.net,net,1,18,0,0,0,2,0,"Hardin, Russell and Smith",Cape Verde,6071,True
http://williams.org,org,0,19,0,0,0,2,1,"Smith, Garcia and Salas",Thailand,4264,True
http://phillips.ar,ar,0,18,0,0,0,2,0,Russell-Fitzgerald,Singapore,5212,False
http://baker.com,com,0,16,0,0,0,2,0,Weiss-Smith,Gabon,4296,False
https://allen.com,com,1,17,0,0,0,2,0,Porter Inc,Argentina,2041,False
http://adams-bell.org,org,0,21,1,0,0,2,1,"Hughes, Garcia and Stewart",Vanuatu,612,False
http://hayes.gov,gov,0,16,0,0,0,2,1,Lee Ltd,Saint Lucia,1113,False
http://reynolds.ar,ar,0,18,0,0,0,2,1,Lucas-Vargas,Mali,2150,True
http://spencer.info,info,0,19,0,0,0,2,1,Hall Ltd,Cuba,3006,False
https://bridges-foster.org,org,1,26,1,0,0,2,0,"Meyers, Weber and Johnson",Brazil,6746,True
https://adams.biz,biz,1,17,0,0,0,2,1,Flores and Sons,Luxembourg,5895,False
https://alexander.com,com,1,21,0,0,0,2,1,"Lee, Morris and Black",Kuwait,6441,False
http://smith.gov,gov,0,16,0,0,0,2,1,Walker-Hunter,Saint Vincent and the Grenadines,3802,False
https://torres-nguyen.edu,edu,1,25,1,0,0,2,1,"Marks, Welch and Little",Liechtenstein,2359,True
https://armstrong-warren.biz,biz,1,28,1,0,0,2,1,"Martinez, Guerra and Brown",Czech Republic,6784,False
https://ward-wilson.org,org,1,23,1,0,0,2,1,Ross PLC,Tunisia,3067,False
http://santiago.net,net,0,19,0,0,0,2,0,Harrington Ltd,Nigeria,5660,True
http://wilson.edu,edu,0,17,0,0,0,2,0,Diaz Ltd,Tuvalu,2827,True
http://estrada-ball.org,org,0,23,1,0,0,2,1,"Vasquez, Castillo and Cook",Bangladesh,5796,False
http://vasquez-joyce.gov,gov,0,24,1,0,0,2,1,Young Inc,Benin,2084,True
http://oneill.biz,biz,0,17,0,0,0,2,1,Lawrence PLC,Uzbekistan,4574,False
https://macdonald.info,info,1,22,0,0,0,2,0,Avila and Sons,New Caledonia,6037,True
http://bishop.gov,gov,0,17,0,0,0,2,1,Richard-Perez,Holy See (Vatican City State),7254,True
https://wilson-roberts.com,com,1,26,1,0,0,2,0,"Schneider, Edwards and Davis",Antarctica (the territory South of 60 deg S),2902,False
https://lewis.net,net,1,17,0,0,0,2,1,Cisneros-Stark,Greenland,2704,True
https://bridges-franco.gov,gov,1,26,1,0,0,2,1,"Miller, Howard and Barrett",Bhutan,6338,True
https://mosley-smith.dev,dev,1,24,1,0,0,2,1,Freeman LLC,Saint Pierre and Miquelon,4817,True
https://flores.edu,edu,1,18,0,0,0,2,1,Bell Inc,Hungary,5374,False
http://ramirez-thompson.net,net,0,27,1,0,0,2,0,Carter Group,Holy See (Vatican City State),2318,False
https://jones-moore.org,org,1,23,1,0,0,2,1,"Cabrera, Sherman and Green",Liechtenstein,1436,True
http://sutton-simpson.net,net,0,25,1,0,0,2,1,Ferguson LLC,Djibouti,6915,False
https://brown-cook.edu,edu,1,22,1,0,0,2,0,Weiss PLC,Mongolia,1300,False
http://jones-allison.org,org,0,24,1,0,0,2,1,Benton-Berg,United States Minor Outlying Islands,4972,False
https://martinez.dev,dev,1,20,0,0,0,2,1,Morris Inc,Qatar,621,False
https://warren.net,net,1,18,0,0,0,2,1,White-Washington,French Southern Territories,7240,False
https://anderson.info,info,1,21,0,0,0,2,1,"Walker, Allen and Anderson",Belgium,2097,True
http://graves.dev,dev,0,17,0,0,0,2,1,"Khan, Howard and Mcmahon",Anguilla,5343,True
http://rose-anderson.ar,ar,0,23,1,0,0,2,0,"Shaw, Mcgee and Spencer",China,6987,True
http://wallace.biz,biz,0,18,0,0,0,2,1,"Silva, Jones and Pham",Cote d'Ivoire,6981,False
https://castillo.gov,gov,1,20,0,0,0,2,0,"Rollins, Adams and Mills",Puerto Rico,743,True
https://martin.com,com,1,18,0,0,0,2,0,"Gross, Erickson and Garcia",Tokelau,2426,True
https://benson-turner.org,org,1,25,1,0,0,2,1,"Rose, Singleton and Fernandez",Saint Barthelemy,5682,False
http://ingram.info,info,0,18,0,0,0,2,1,"Mckinney, Adams and Miller",Svalbard & Jan Mayen Islands,3056,True
https://bush.gov,gov,1,16,0,0,0,2,0,"Freeman, Carter and Lee",Jersey,1560,False
https://ramos-fox.biz,biz,1,21,1,0,0,2,0,"Sawyer, Russo and Hernandez",New Caledonia,743,False
https://morgan.gov,gov,1,18,0,0,0,2,0,"Braun, Lee and Williams",Tanzania,4143,True
http://nichols.org,org,0,18,0,0,0,2,1,Morales-Petersen,Uganda,2693,True
https://larsen.net,net,1,18,0,0,0,2,1,"Walters, Wallace and Pennington",Saint Lucia,1253,True
https://cruz.biz,biz,1,16,0,0,0,2,1,Brown-Austin,Israel,3942,False
https://nielsen.biz,biz,1,19,0,0,0,2,1,Cook-Ho,Angola,7305,False
http://mahoney.io,io,0,17,0,0,0,2,0,Romero LLC,Brunei Darussalam,4767,False
http://stewart.info,info,0,19,0,0,0,2,0,Anderson and Sons,Luxembourg,4651,False
http://bates.dev,dev,0,16,0,0,0,2,0,Townsend-Parks,United States Minor Outlying Islands,4451,True
https://price.net,net,1,17,0,0,0,2,1,Baker Inc,Montserrat,1753,True
http://mccarthy.org,org,0,19,0,0,0,2,1,Hart-Case,Sri Lanka,7153,True
https://leon.edu,edu,1,16,0,0,0,2,1,Dalton Group,Falkland Islands (Malvinas),6057,True
https://pennington-schmidt.net,net,1,30,1,0,0,2,0,Reese Inc,Tuvalu,1277,False
http://torres-welch.gov,gov,0,23,1,0,0,2,1,"Mason, Cooper and Montgomery",Tokelau,3495,True
http://campbell.gov,gov,0,19,0,0,0,2,0,"Charles, Davies and Hunt",Gabon,680,True
https://mooney.ar,ar,1,17,0,0,0,2,1,White-Perez,Georgia,5082,True
http://burke.io,io,0,15,0,0,0,2,0,Brown Group,Central African Republic,949,False
http://duran.ar,ar,0,15,0,0,0,2,0,Castaneda and Sons,Malaysia,5514,False
http://contreras.dev,dev,0,20,0,0,0,2,0,Kennedy PLC,United Kingdom,3028,False
http://rosales-howard.net,net,0,25,1,0,0,2,1,King and Sons,Puerto Rico,4372,True
https://snyder.edu,edu,1,18,0,0,0,2,1,Wagner-Bennett,Sudan,509,False
https://page.net,net,1,16,0,0,0,2,0,Lewis-Cole,Kazakhstan,1360,False
https://arellano.info,info,1,21,0,0,0,2,0,Cross-Jackson,Luxembourg,2673,False
https://clarke.dev,dev,1,18,0,0,0,2,0,"Alvarez, Edwards and Wilcox",Algeria,2496,False
http://blackburn-gonzalez.net,net,0,29,1,0,0,2,0,"Hill, Tapia and Vance",Malta,2039,False
http://fox-robinson.com,com,0,23,1,0,0,2,0,Sanders-Davis,Slovakia (Slovak Republic),3635,False
http://martin-lee.io,io,0,20,1,0,0,2,1,Edwards LLC,Kuwait,5356,False
https://campbell.org,org,1,20,0,0,0,2,0,Carney-Meadows,Costa Rica,6051,True
http://ellison-rush.biz,biz,0,23,1,0,0,2,1,Robles PLC,Dominican Republic,5946,True
http://roberts.net,net,0,18,0,0,0,2,0,Green PLC,Saint Martin,3406,True
https://simmons-bond.edu,edu,1,24,1,0,0,2,1,Olsen-Reynolds,Kyrgyz Republic,4254,False
https://fisher-hernandez.edu,edu,1,28,1,0,0,2,1,Vang-Simmons,Guyana,3317,False
https://tanner.edu,edu,1,18,0,0,0,2,1,Wright PLC,United States of America,4087,True
http://brown-smith.ar,ar,0,21,1,0,0,2,0,Powell LLC,Gambia,862,False
http://gomez.io,io,0,15,0,0,0,2,1,Rosales-Gray,Romania,3435,True
https://davis.gov,gov,1,17,0,0,0,2,1,Patterson Ltd,Guam,4471,False
http://knight-baker.edu,edu,0,23,1,0,0,2,0,Caldwell-Wright,Qatar,4349,True
https://lester-scott.io,io,1,23,1,0,0,2,0,Williams-Lam,Croatia,2742,True
https://jensen.io,io,1,17,0,0,0,2,1,Cook Ltd,Togo,5644,True
http://richard.gov,gov,0,18,0,0,0,2,1,Bautista-Chapman,Kyrgyz Republic,6845,True
http://fernandez.edu,edu,0,20,0,0,0,2,1,Lee-Jones,Greece,2285,False
http://evans-day.info,info,0,21,1,0,0,2,0,Murphy Ltd,Tokelau,6249,False
http://solis-huber.info,info,0,23,1,0,0,2,0,"Ballard, Dudley and Soto",Cote d'Ivoire,3976,False
https://benjamin.org,org,1,20,0,0,0,2,1,Delacruz and Sons,Korea,6036,True
https://hendrix-garrett.edu,edu,1,27,1,0,0,2,0,"Cortez, Davis and Torres",Cameroon,4803,True
http://tran-sanchez.biz,biz,0,23,1,0,0,2,0,Turner and Sons,India,3232,False
https://williams.info,info,1,21,0,0,0,2,1,"Nelson, Calhoun and Garcia",Jamaica,2351,True
http://hill.edu,edu,0,15,0,0,0,2,1,Boyd Group,Mozambique,4597,False
https://mercado.edu,edu,1,19,0,0,0,2,1,"Johnson, Padilla and Patrick",Libyan Arab Jamahiriya,5315,False
http://ross.dev,dev,0,15,0,0,0,2,1,Williams LLC,Reunion,2882,True
http://johnson.biz,biz,0,18,0,0,0,2,1,Hudson and Sons,Hungary,2133,True
http://ramirez.ar,ar,0,17,0,0,0,2,1,Howard PLC,Jamaica,724,True
https://austin-hanson.info,info,1,26,1,0,0,2,1,"Ellis, Gallegos and Peters",Trinidad and Tobago,3193,False
http://williams.gov,gov,0,19,0,0,0,2,1,"Lynch, Zamora and Ramos",Sri Lanka,2866,True
http://vazquez.ar,ar,0,17,0,0,0,2,0,Shaw Inc,Liechtenstein,2212,True
http://schneider.info,info,0,21,0,0,0,2,1,"Knight, Nolan and Atkinson",France,3383,False
http://thornton-parker.org,org,0,26,1,0,0,2,0,Hill-Rivera,Holy See (Vatican City State),3979,True
http://reeves.gov,gov,0,17,0,0,0,2,1,Mcclain-Hernandez,Bhutan,408,False
http://henry-murphy.io,io,0,22,1,0,0,2,1,"Smith, Whitney and Mueller",Haiti,6086,True
https://banks.ar,ar,1,16,0,0,0,2,0,"Roth, Smith and Richards",Kazakhstan,3348,True
http://jacobson-fernandez.gov,gov,0,29,1,0,0,2,1,Mitchell PLC,Guatemala,1638,True
https://martin.ar,ar,1,17,0,0,0,2,0,Randolph Inc,Myanmar,4354,True
http://rodgers.edu,edu,0,18,0,0,0,2,1,Davis-Whitehead,Antigua and Barbuda,1151,True
http://foley.io,io,0,15,0,0,0,2,0,Patel-Vang,Azerbaijan,5071,True
https://schmidt-nichols.com,com,1,27,1,0,0,2,1,"House, Ingram and Smith",Saint Pierre and Miquelon,6991,False
https://watson.com,com,1,18,0,0,0,2,1,Rich PLC,British Virgin Islands,1598,True
http://harris.gov,gov,0,17,0,0,0,2,0,"Myers, Hernandez and Thompson",Belize,4639,False
http://nguyen.com,com,0,17,0,0,0,2,0,"Jones, Lawson and Arroyo",Central African Republic,5266,True
http://quinn.com,com,0,16,0,0,0,2,0,Dennis-Brown,Guadeloupe,7093,False
https://estrada.gov,gov,1,19,0,0,0,2,0,Ashley-Weaver,Eritrea,2638,True
https://gibbs-henry.com,com,1,23,1,0,0,2,0,"Brooks, Bradley and Wood",China,1427,False
http://becker.ar,ar,0,16,0,0,0,2,0,Williams-Reyes,Bermuda,3488,False
http://dawson.edu,edu,0,17,0,0,0,2,0,Cooper Group,Estonia,871,False
http://park-madden.org,org,0,22,1,0,0,2,0,Warner Ltd,Colombia,2157,True
http://williams.com,com,0,19,0,0,0,2,0,Franco-Sanchez,Peru,6423,True
https://goodman-kim.ar,ar,1,22,1,0,0,2,1,James Group,Malawi,7196,False
http://oliver.info,info,0,18,0,0,0,2,1,Williams-Pratt,Anguilla,5435,True
http://velez.org,org,0,16,0,0,0,2,0,"Robles, Reed and Lewis",Georgia,4409,False
http://white.dev,dev,0,16,0,0,0,2,1,"Smith, Scott and Petty",Botswana,3912,True
https://davis.ar,ar,1,16,0,0,0,2,1,"Juarez, Macdonald and Gentry",Ethiopia,4436,False
https://becker-cunningham.info,info,1,30,1,0,0,2,1,"Harris, Lee and Kim",Ireland,4153,True
http://pitts-zhang.dev,dev,0,22,1,0,0,2,1,Burns Ltd,Seychelles,4853,False
https://walker.dev,dev,1,18,0,0,0,2,1,"Smith, Duncan and Morgan",Belarus,561,False
http://jones-collins.gov,gov,0,24,1,0,0,2,1,"Hess, Hubbard and Garcia",Martinique,4680,False
http://peterson.com,com,0,19,0,0,0,2,0,Cabrera-Becker,Ecuador,4263,False
https://brown-hunt.biz,biz,1,22,1,0,0,2,0,Long-Morris,Sri Lanka,6498,True
http://williams.edu,edu,0,19,0,0,0,2,1,Friedman LLC,Wallis and Futuna,2792,True
http://morgan-hernandez.io,io,0,26,1,0,0,2,0,Fisher-Hays,France,3385,False
https://noble-williams.io,io,1,25,1,0,0,2,1,James PLC,Guatemala,2611,True
http://hoover.biz,biz,0,17,0,0,0,2,1,Johnson-Schmidt,Maldives,3355,True
http://carney-lyons.dev,dev,0,23,1,0,0,2,1,Conway PLC,Saint Barthelemy,6383,True
http://miller.org,org,0,17,0,0,0,2,1,Montoya-Carroll,Ethiopia,2381,True
http://harvey.io,io,0,16,0,0,0,2,1,Hernandez-Bryant,Swaziland,4812,True
https://duarte.info,info,1,19,0,0,0,2,1,Dixon PLC,Antarctica (the territory South of 60 deg S),5592,False
https://macdonald.biz,biz,1,21,0,0,0,2,0,Diaz LLC,Azerbaijan,2477,True
http://smith.info,info,0,17,0,0,0,2,0,Welch LLC,Western Sahara,3655,False
http://conner.info,info,0,18,0,0,0,2,1,"Stephens, Webb and Lloyd",Turkey,4300,False
http://torres.io,io,0,16,0,0,0,2,1,Hardy Ltd,Burkina Faso,1040,False
https://stevenson-white.com,com,1,27,1,0,0,2,0,Gates PLC,Andorra,4574,True
http://good.edu,edu,0,15,0,0,0,2,0,Cruz Ltd,Argentina,3263,False
https://price.io,io,1,16,0,0,0,2,1,"Torres, Jackson and Le",Bahrain,1009,True
http://howard.info,info,0,18,0,0,0,2,0,Larson LLC,Ghana,5809,False
http://kelly.ar,ar,0,15,0,0,0,2,0,Brooks-Watkins,Nigeria,1667,True
https://patrick-johnson.edu,edu,1,27,1,0,0,2,1,Jackson and Sons,Marshall Islands,1399,True
http://brady-morales.dev,dev,0,24,1,0,0,2,0,Knight-Turner,Gibraltar,6183,False
https://brooks-reynolds.dev,dev,1,27,1,0,0,2,1,"Spencer, West and Wood",Cocos (Keeling) Islands,5889,True
https://harvey.gov,gov,1,18,0,0,0,2,0,Henry PLC,Taiwan,6010,True
http://le-lamb.org,org,0,18,1,0,0,2,0,"Smith, Bird and Foster",American Samoa,4804,False
https://cole.info,info,1,17,0,0,0,2,0,"Farmer, Hamilton and Meyers",United States Minor Outlying Islands,5586,True
https://williams.net,net,1,20,0,0,0,2,0,"Rhodes, Cantrell and Matthews",El Salvador,4697,True
http://graham.gov,gov,0,17,0,0,0,2,0,Miller-Chan,Mexico,1223,True
http://mcdonald.io,io,0,18,0,0,0,2,0,"Johnson, Sullivan and Stokes",Taiwan,4696,False
http://collins.info,info,0,19,0,0,0,2,0,Joyce Group,Peru,6583,False
http://howard.info,info,0,18,0,0,0,2,0,Martinez LLC,Lesotho,547,False
https://acosta-luna.edu,edu,1,23,1,0,0,2,1,Bean PLC,Papua New Guinea,3791,False
https://farrell.com,com,1,19,0,0,0,2,0,"Floyd, Willis and Rios",Finland,3067,True
https://thomas.gov,gov,1,18,0,0,0,2,0,"Richardson, Zimmerman and Benson",Malaysia,4959,False
https://french.dev,dev,1,18,0,0,0,2,1,Underwood-Forbes,Burundi,6696,False
https://miller.net,net,1,18,0,0,0,2,1,"Norris, Williams and Brown",Taiwan,6494,True
https://johnson-kelly.gov,gov,1,25,1,0,0,2,0,Gardner Group,Jamaica,5765,False
http://adams.io,io,0,15,0,0,0,2,0,Thompson-Keller,France,1202,True
http://cooper-jones.dev,dev,0,23,1,0,0,2,0,"Barnes, Smith and Holloway",Norway,6628,False
https://branch-garcia.ar,ar,1,24,1,0,0,2,0,"Jones, Simmons and Ward",Israel,5186,True
http://miller.info,info,0,18,0,0,0,2,1,Ball and Sons,Tanzania,1865,True
http://woods.info,info,0,17,0,0,0,2,1,"Harrell, Townsend and Barton",Austria,7107,False
http://vargas.edu,edu,0,17,0,0,0,2,0,Martinez-Conley,Kuwait,2318,True
https://smith-mack.gov,gov,1,22,1,0,0,2,1,Martin Inc,Algeria,2609,False
http://adams.info,info,0,17,0,0,0,2,1,Jenkins-Larson,Tokelau,4135,True
https://martinez.biz,biz,1,20,0,0,0,2,0,Hayes-Holland,Jordan,6365,True
https://carroll.biz,biz,1,19,0,0,0,2,1,"Smith, Fuller and Mendoza",American Samoa,6642,False
https://rios.net,net,1,16,0,0,0,2,1,"Allen, Cook and Carroll",Bouvet Island (Bouvetoya),6363,True
https://sparks-jackson.dev,dev,1,26,1,0,0,2,0,Best LLC,Pakistan,6222,True
https://perez.dev,dev,1,17,0,0,0,2,1,Campbell LLC,Botswana,858,True
https://austin.ar,ar,1,17,0,0,0,2,1,"Perry, Allen and Taylor",Switzerland,614,True
http://simpson-scott.ar,ar,0,23,1,0,0,2,0,Collins-Williams,Timor-Leste,407,True
http://williams.ar,ar,0,18,0,0,0,2,0,"Moore, Harris and Simpson",French Guiana,4313,False
http://burke.dev,dev,0,16,0,0,0,2,1,Castillo-Lee,Chad,3237,True
https://lewis-johnson.com,com,1,25,1,0,0,2,1,"Hunter, Liu and Butler",Moldova,5729,True
http://matthews-ryan.gov,gov,0,24,1,0,0,2,0,Cobb LLC,Luxembourg,3985,True
http://ross.io,io,0,14,0,0,0,2,1,Martinez-Conrad,Azerbaijan,5938,True
http://thompson.org,org,0,19,0,0,0,2,0,"Brewer, Torres and Cruz",Italy,2226,False
http://lee.io,io,0,13,0,0,0,2,0,Meyer-Baldwin,Switzerland,552,True
http://mendez.dev,dev,0,17,0,0,0,2,1,Johnson-Ford,Chile,2294,False
http://moreno.dev,dev,0,17,0,0,0,2,1,"Welch, Zimmerman and Wheeler",Saint Pierre and Miquelon,625,True
http://hart.info,info,0,16,0,0,0,2,1,Patton-Bishop,Tokelau,4238,False
http://stevens.org,org,0,18,0,0,0,2,1,"Diaz, Johnson and Waller",Lebanon,850,True
https://montgomery.edu,edu,1,22,0,0,0,2,0,"Cole, Wise and Davenport",Antigua and Barbuda,1587,True
http://silva.edu,edu,0,16,0,0,0,2,1,"Thomas, Medina and Gutierrez",Liberia,3747,False
http://cordova.dev,dev,0,18,0,0,0,2,0,Delgado-Stafford,Gabon,1461,False
http://rowe.dev,dev,0,15,0,0,0,2,1,"Powell, Mendez and Simpson",Japan,6328,True
https://martinez.dev,dev,1,20,0,0,0,2,1,"Gregory, Ramsey and Carpenter",New Zealand,2654,True
https://chavez.info,info,1,19,0,0,0,2,0,"Smith, Smith and Cardenas",Rwanda,6818,False
http://bishop-harvey.org,org,0,24,1,0,0,2,0,Duran-Hunt,Tuvalu,4668,True
https://vazquez.dev,dev,1,19,0,0,0,2,0,Jimenez-Davis,Ethiopia,563,True
http://barnes-hunter.info,info,0,25,1,0,0,2,1,Ford PLC,Trinidad and Tobago,653,False
http://ayala-parks.info,info,0,23,1,0,0,2,1,Beasley-Davis,Saint Barthelemy,7014,False
https://jones-russell.org,org,1,25,1,0,0,2,0,"Aguilar, Moody and Orozco",Afghanistan,4749,True
http://aguirre-scott.info,info,0,25,1,0,0,2,0,"Weiss, Cobb and Thomas",Bulgaria,2176,True
https://orr.net,net,1,15,0,0,0,2,1,Garcia LLC,Latvia,6671,False
https://dorsey.org,org,1,18,0,0,0,2,0,"Mills, Sloan and Larson",Norfolk Island,6945,False
http://doyle.com,com,0,16,0,0,0,2,1,"West, Miles and Cox",Chad,932,False
https://taylor-fernandez.dev,dev,1,28,1,0,0,2,1,"Tran, Watson and Johnson",Guinea,3488,True
https://moore.net,net,1,17,0,0,0,2,1,Harrington Ltd,Togo,908,True
http://davis.gov,gov,0,16,0,0,0,2,1,Lee-Smith,Armenia,4440,True
https://vargas-williams.net,net,1,27,1,0,0,2,1,Chambers-Carlson,Vanuatu,7033,True
https://tyler-sutton.com,com,1,24,1,0,0,2,1,Robbins LLC,United Kingdom,2155,False
http://mcdonald.io,io,0,18,0,0,0,2,1,"Mullen, Rice and Wade",Germany,3043,False
https://harris.net,net,1,18,0,0,0,2,1,"Green, Hill and Mullins",Swaziland,610,True
https://taylor.info,info,1,19,0,0,0,2,1,"Hall, Woods and Young",Seychelles,2912,True
http://harvey.ar,ar,0,16,0,0,0,2,1,Harris-Gonzalez,Senegal,4598,True
https://mccullough-mills.gov,gov,1,28,1,0,0,2,0,"Hart, Berry and Johnson",Ecuador,6372,False
https://williams.ar,ar,1,19,0,0,0,2,1,Kennedy and Sons,Kyrgyz Republic,6288,False
http://estrada-sandoval.biz,biz,0,27,1,0,0,2,1,Paul Inc,French Polynesia,4822,False
http://walter-fitzgerald.ar,ar,0,27,1,0,0,2,0,Reed-Wyatt,Taiwan,3281,False
https://jones.ar,ar,1,16,0,0,0,2,0,Walker Ltd,Palestinian Territory,2337,False
https://mcdaniel-hayes.info,info,1,27,1,0,0,2,1,Clark-Watson,Malta,1893,False
http://flores-george.dev,dev,0,24,1,0,0,2,0,"Raymond, Espinoza and Gibson",Saint Lucia,7180,False
http://irwin.net,net,0,16,0,0,0,2,0,Harrison-Harrison,French Southern Territories,2081,True
http://yang.dev,dev,0,15,0,0,0,2,0,"Chapman, Patton and Stevens",Sao Tome and Principe,6913,False
http://medina.net,net,0,17,0,0,0,2,0,Mcguire LLC,United States of America,5522,False
https://wright-anderson.biz,biz,1,27,1,0,0,2,1,Ibarra-Le,Bahrain,5811,False
https://walker.com,com,1,18,0,0,0,2,1,Flores LLC,Haiti,1733,True
http://alvarado-campbell.gov,gov,0,28,1,0,0,2,1,Moyer Inc,Bolivia,6971,False
http://patel-todd.ar,ar,0,20,1,0,0,2,0,"Thomas, Porter and Moody",Canada,6141,False
https://gibson-cobb.ar,ar,1,22,1,0,0,2,1,Larson and Sons,Cape Verde,4212,False
http://russell.dev,dev,0,18,0,0,0,2,1,Blankenship-Alvarado,Iran,5612,False
https://petersen-martinez.info,info,1,30,1,0,0,2,0,Wilson LLC,Greece,5637,False
https://stone-palmer.gov,gov,1,24,1,0,0,2,0,"Welch, Nguyen and Pierce",Greenland,1299,False
http://oliver-ruiz.net,net,0,22,1,0,0,2,0,Cortez-White,Saint Pierre and Miquelon,1139,True
http://stanley-brady.info,info,0,25,1,0,0,2,1,"Booker, Harris and Brown",Saint Martin,952,False
https://ramirez.io,io,1,18,0,0,0,2,0,Cole-Rodriguez,Lesotho,4410,False
https://holt.edu,edu,1,16,0,0,0,2,0,Nicholson Ltd,French Guiana,5376,False
https://nelson.dev,dev,1,18,0,0,0,2,0,Sanders-White,Luxembourg,2537,False
https://shaw.dev,dev,1,16,0,0,0,2,0,Calderon-Watson,Tuvalu,6941,True
http://cardenas.net,net,0,19,0,0,0,2,0,"Nguyen, Alexander and Newman",Bahamas,7209,False
http://strong.net,net,0,17,0,0,0,2,0,Watson Ltd,Trinidad and Tobago,5117,True
https://hughes-combs.com,com,1,24,1,0,0,2,1,"Davis, Simmons and Bennett",North Macedonia,7083,True
http://montgomery.io,io,0,20,0,0,0,2,1,Schultz-Banks,Reunion,2353,True
https://lynn.com,com,1,16,0,0,0,2,0,Mueller and Sons,United Arab Emirates,504,False
https://chan.io,io,1,15,0,0,0,2,1,Thomas PLC,Puerto Rico,6925,True
https://richards.net,net,1,20,0,0,0,2,1,Green PLC,Guinea,2733,True
https://lopez-martinez.io,io,1,25,1,0,0,2,0,Delacruz PLC,Papua New Guinea,5158,False
http://davis-hahn.gov,gov,0,21,1,0,0,2,0,"Wallace, Gay and Pham",Bolivia,5947,True
https://townsend-cox.biz,biz,1,24,1,0,0,2,0,"Johnson, Cantu and French",Moldova,3131,True
https://chang-mccullough.dev,dev,1,28,1,0,0,2,1,Rivera PLC,Romania,4644,False
https://patel.biz,biz,1,17,0,0,0,2,1,Garcia PLC,Bosnia and Herzegovina,2363,False
https://wilson-foster.gov,gov,1,25,1,0,0,2,0,"Hernandez, Baxter and Wilson",Korea,2012,True
http://torres-carey.net,net,0,23,1,0,0,2,0,Wilson PLC,Guyana,7100,False
https://hayes-warner.edu,edu,1,24,1,0,0,2,0,"Martinez, Marshall and Berry",Burkina Faso,5328,False
http://allen-mcdonald.dev,dev,0,25,1,0,0,2,0,Stafford and Sons,American Samoa,3196,True
https://barnes.org,org,1,18,0,0,0,2,0,Smith-Turner,Reunion,4484,False
https://gray-lewis.io,io,1,21,1,0,0,2,1,Delgado Ltd,Marshall Islands,6610,True
http://west.ar,ar,0,14,0,0,0,2,0,"Smith, Vaughn and Johnson",Western Sahara,449,True
http://jones-young.net,net,0,22,1,0,0,2,1,Hamilton-Wright,El Salvador,1729,False
http://scott.gov,gov,0,16,0,0,0,2,0,"Nichols, Scott and Collins",Micronesia,5714,False
https://harris.dev,dev,1,18,0,0,0,2,0,Pope-Ramirez,Netherlands Antilles,4143,True
https://yoder.net,net,1,17,0,0,0,2,0,"Smith, Dunn and Burke",Vanuatu,4539,True
https://baker-braun.net,net,1,23,1,0,0,2,1,Lopez LLC,Saudi Arabia,2971,True
http://park.edu,edu,0,15,0,0,0,2,1,Garza-Garcia,Sudan,5318,True
http://miller.dev,dev,0,17,0,0,0,2,1,"Parker, Gonzales and Hogan",Chad,1930,False
https://dominguez.ar,ar,1,20,0,0,0,2,0,Cummings Group,Georgia,2683,True
https://rivas.info,info,1,18,0,0,0,2,1,"Kelley, Beltran and Edwards",Saint Barthelemy,2426,True
https://norris.info,info,1,19,0,0,0,2,1,"Myers, Hart and Sanchez",Czech Republic,2955,False
https://hart.io,io,1,15,0,0,0,2,0,Ruiz-Phillips,Hong Kong,3140,False
https://stewart.com,com,1,19,0,0,0,2,0,Gardner and Sons,Myanmar,6992,False
https://jones.biz,biz,1,17,0,0,0,2,1,Wang-Braun,Croatia,1319,False
https://smith.gov,gov,1,17,0,0,0,2,1,"Robinson, Garcia and Klein",Djibouti,3930,False
http://jenkins.dev,dev,0,18,0,0,0,2,1,"Barton, Li and Soto",Liechtenstein,6165,False
https://glenn-huff.gov,gov,1,22,1,0,0,2,1,"Larson, Trevino and Miles",United States of America,3083,False
https://keller.biz,biz,1,18,0,0,0,2,1,Fitzgerald and Sons,Falkland Islands (Malvinas),4900,False
https://hunter.ar,ar,1,17,0,0,0,2,0,Knox Inc,Equatorial Guinea,6524,True
https://white.org,org,1,17,0,0,0,2,0,Brock LLC,Somalia,4937,True
https://rose-wilkins.com,com,1,24,1,0,0,2,0,Hall Inc,Singapore,2610,True
http://frost-simmons.net,net,0,24,1,0,0,2,0,"Woods, Murray and Bradley",Papua New Guinea,5955,True
http://smith-bishop.io,io,0,22,1,0,0,2,0,Hill Ltd,Ethiopia,5011,False
https://frederick.io,io,1,20,0,0,0,2,1,Walker-Pham,Jamaica,7203,False
http://horne-lewis.io,io,0,21,1,0,0,2,0,"Walker, Bradford and Mccoy",Morocco,5820,False
https://parker.com,com,1,18,0,0,0,2,0,"Taylor, Beard and Nunez",Mali,3464,False
http://robles.dev,dev,0,17,0,0,0,2,1,Greene-Allen,Cocos (Keeling) Islands,2319,False
https://bowman.net,net,1,18,0,0,0,2,0,Erickson-Neal,Iran,2105,True
https://bass-zimmerman.gov,gov,1,26,1,0,0,2,1,Cobb-Butler,Japan,2896,True
http://ramirez.gov,gov,0,18,0,0,0,2,1,Thomas and Sons,Isle of Man,888,True
http://santos.org,org,0,17,0,0,0,2,0,Thompson PLC,Gabon,1106,True
https://delacruz-porter.org,org,1,27,1,0,0,2,0,Rodriguez-Heath,Monaco,3719,False
https://castillo.info,info,1,21,0,0,0,2,0,Cox-Weaver,Madagascar,3902,True
https://knapp-smith.edu,edu,1,23,1,0,0,2,0,Wright-Harris,French Southern Territories,2317,False
https://powell.net,net,1,18,0,0,0,2,0,"Chang, Lamb and Contreras",Djibouti,1936,False
http://phillips-ford.gov,gov,0,24,1,0,0,2,1,Moran-Arnold,Poland,6749,False
https://sanchez.ar,ar,1,18,0,0,0,2,1,"Green, Smith and Martin",Croatia,5892,True
https://ingram.ar,ar,1,17,0,0,0,2,1,"Roberson, Becker and Sampson",Somalia,4963,False
https://bell-pope.biz,biz,1,21,1,0,0,2,0,Whitaker-Watkins,Antigua and Barbuda,3755,True
https://yoder-newton.dev,dev,1,24,1,0,0,2,0,"Gutierrez, Austin and Davis",Saint Lucia,5720,False
https://miller.info,info,1,19,0,0,0,2,1,Salinas PLC,Korea,2105,False
https://griffin.info,info,1,20,0,0,0,2,0,Williams-Johnson,Niue,5106,True
https://jones.info,info,1,18,0,0,0,2,0,Bowman LLC,Heard Island and McDonald Islands,4919,True
http://white-bowers.edu,edu,0,23,1,0,0,2,1,Williamson-Smith,British Indian Ocean Territory (Chagos Archipelago),7022,True
https://cortez.dev,dev,1,18,0,0,0,2,1,Fritz Ltd,Tonga,6409,False
http://jones-lopez.ar,ar,0,21,1,0,0,2,1,"Gibson, Williams and Barton",Guernsey,3363,False
http://daniel.info,info,0,18,0,0,0,2,1,Mccormick-Clay,Iran,3932,True
https://wilson.gov,gov,1,18,0,0,0,2,1,Smith-Johnson,Senegal,6674,True
http://alvarado.io,io,0,18,0,0,0,2,0,"Chavez, Kelly and Lawrence",Nauru,3551,False
https://moreno.ar,ar,1,17,0,0,0,2,1,Larsen-Harvey,Micronesia,2085,True
https://mercado.com,com,1,19,0,0,0,2,0,Jensen and Sons,Malaysia,5737,False
http://daniels.com,com,0,18,0,0,0,2,1,Rangel Group,Belgium,4821,True
https://george-davidson.io,io,1,26,1,0,0,2,1,"Kim, Singh and Smith",Lithuania,5391,True
https://mcclain.info,info,1,20,0,0,0,2,1,"Dean, Cook and Daniel",Spain,4569,False
https://silva-duran.dev,dev,1,23,1,0,0,2,1,Cole Ltd,Paraguay,5899,False
http://rodriguez.net,net,0,20,0,0,0,2,1,"Nguyen, Jones and Brooks",United States of America,5364,True
https://elliott.info,info,1,20,0,0,0,2,0,Ramsey-Martin,Ghana,1416,True
http://peters.biz,biz,0,17,0,0,0,2,0,Brown-Ball,Luxembourg,1405,True
http://kramer.edu,edu,0,17,0,0,0,2,0,Lucas-Lewis,Bhutan,432,True
https://gibson.edu,edu,1,18,0,0,0,2,1,"Ayala, Gonzalez and Williams",Lao People's Democratic Republic,3471,False
https://cook.info,info,1,17,0,0,0,2,0,Leon Group,New Caledonia,5751,False
http://stevens.gov,gov,0,18,0,0,0,2,1,Bryant-Hill,Svalbard & Jan Mayen Islands,5186,True
https://wood.edu,edu,1,16,0,0,0,2,1,Evans LLC,Marshall Islands,1017,True
https://pena-underwood.org,org,1,26,1,0,0,2,0,Rodriguez-Ellis,Cyprus,4480,False
https://thompson.biz,biz,1,20,0,0,0,2,1,"Contreras, Walker and Reyes",Gibraltar,5546,False
https://marshall.io,io,1,19,0,0,0,2,1,"Hodge, Rubio and Butler",Germany,5231,False
http://edwards-johnson.net,net,0,26,1,0,0,2,0,"Reyes, Johnson and Miller",Saint Vincent and the Grenadines,1177,False
http://moreno.ar,ar,0,16,0,0,0,2,0,Stephens-Jones,Cayman Islands,6584,True
https://santos.info,info,1,19,0,0,0,2,1,Johnson-Porter,Congo,6704,True
https://jordan.biz,biz,1,18,0,0,0,2,0,Weber-Ferrell,Trinidad and Tobago,5269,True
https://fuller-baker.dev,dev,1,24,1,0,0,2,0,"Nelson, Klein and Garcia",Andorra,6077,False
http://robertson.io,io,0,19,0,0,0,2,0,"Moore, Jones and Miller",Nepal,5571,False
http://montoya-marshall.info,info,0,28,1,0,0,2,1,Bell and Sons,Sao Tome and Principe,4780,False
http://brennan.info,info,0,19,0,0,0,2,1,Gutierrez-Burke,China,5664,False
http://stewart.info,info,0,19,0,0,0,2,1,"Palmer, Greene and Hall",Belarus,4606,False
http://miller.com,com,0,17,0,0,0,2,1,"Hernandez, Calderon and Jordan",Pakistan,434,True
http://sherman.dev,dev,0,18,0,0,0,2,1,"Garcia, Smith and Sellers",San Marino,591,False
http://hubbard.info,info,0,19,0,0,0,2,0,Bowman-Green,Marshall Islands,2448,True
https://snyder.net,net,1,18,0,0,0,2,0,Smith LLC,Denmark,3613,False
http://vance.io,io,0,15,0,0,0,2,0,Jensen-Noble,Lao People's Democratic Republic,5722,True
https://marsh.biz,biz,1,17,0,0,0,2,0,Collins Inc,Congo,1767,True
https://burnett.dev,dev,1,19,0,0,0,2,0,"Kirby, Williams and Munoz",Bulgaria,2101,False
https://kennedy.io,io,1,18,0,0,0,2,0,Tucker-Powers,Micronesia,6814,True
http://vega.com,com,0,15,0,0,0,2,1,"Guzman, Smith and Wilson",Togo,7113,False
https://delacruz.info,info,1,21,0,0,0,2,1,Bell Ltd,Philippines,7100,True
http://rodriguez.net,net,0,20,0,0,0,2,1,"Brown, Francis and Burns",Palau,6711,False
https://ortiz.gov,gov,1,17,0,0,0,2,1,Sutton Inc,Nicaragua,2543,True
http://hutchinson.com,com,0,21,0,0,0,2,0,Davidson-Smith,Swaziland,900,True
http://knight.org,org,0,17,0,0,0,2,0,Pacheco PLC,Central African Republic,3552,False
http://young.biz,biz,0,16,0,0,0,2,1,Johnson-Walter,Italy,2523,False
https://york-anderson.gov,gov,1,25,1,0,0,2,1,Barnett-Ellis,French Polynesia,2770,True
https://mason.io,io,1,16,0,0,0,2,0,Cobb Ltd,Mayotte,4947,True
https://cook-martin.edu,edu,1,23,1,0,0,2,0,"Moore, Reed and Tucker",Liberia,4380,False
https://barnett.ar,ar,1,18,0,0,0,2,0,Martin-Torres,Netherlands,1822,False
http://perez.io,io,0,15,0,0,0,2,1,Stewart Group,New Zealand,1997,False
http://martin-mason.org,org,0,23,1,0,0,2,0,"Turner, Wilson and Garcia",Gibraltar,377,True
http://jenkins-carney.net,net,0,25,1,0,0,2,1,Thomas Ltd,Niger,5352,True
https://brown.net,net,1,17,0,0,0,2,1,"Prince, Collins and Butler",Madagascar,3425,False
https://wagner.org,org,1,18,0,0,0,2,1,Lopez-Hubbard,Denmark,3729,False
http://holloway.ar,ar,0,18,0,0,0,2,1,Jordan LLC,Saint Martin,3947,False
https://roy.org,org,1,15,0,0,0,2,0,"Boyd, Shelton and Morton",Israel,7048,False
http://mack-cook.ar,ar,0,19,1,0,0,2,0,"Powell, Lucas and Ford",Maldives,6752,False
http://manning-parker.org,org,0,25,1,0,0,2,1,Hunt Group,Uruguay,6652,True
https://kerr.edu,edu,1,16,0,0,0,2,1,Allen-Mckay,Romania,2046,True
https://smith-garza.net,net,1,23,1,0,0,2,1,Burke Ltd,Germany,2658,False
https://riley.com,com,1,17,0,0,0,2,1,Brown Group,Timor-Leste,5270,False
https://dawson.info,info,1,19,0,0,0,2,1,Campbell Inc,United Kingdom,1471,True
http://randall-camacho.info,info,0,27,1,0,0,2,0,Thomas-Gibson,Saint Martin,3599,True
https://cohen-arnold.org,org,1,24,1,0,0,2,1,"Reid, Lee and Warren",Belize,661,True
http://smith-cooke.io,io,0,21,1,0,0,2,0,Ayala-Bryant,South Georgia and the South Sandwich Islands,5786,True
http://clark.gov,gov,0,16,0,0,0,2,1,Lambert-Russell,Vietnam,4314,True
http://ward-wiggins.gov,gov,0,23,1,0,0,2,1,"Jones, Smith and Velazquez",United States Minor Outlying Islands,5073,False
https://robinson-duncan.com,com,1,27,1,0,0,2,0,Johnson Inc,Suriname,5805,True
http://hamilton-franklin.info,info,0,29,1,0,0,2,0,"Miller, Thomas and Jordan",Saint Vincent and the Grenadines,1582,True
http://fisher.org,org,0,17,0,0,0,2,1,Lam-Morrison,Christmas Island,3180,False
http://becker.net,net,0,17,0,0,0,2,0,Reid-Parker,Haiti,780,False
http://smith-williams.gov,gov,0,25,1,0,0,2,0,Aguilar Ltd,Netherlands,5550,True
https://reid.info,info,1,17,0,0,0,2,1,Morrow-Hardin,Barbados,2911,False
https://brown.info,info,1,18,0,0,0,2,0,Harris-Hamilton,Gambia,1911,False
https://vang.io,io,1,15,0,0,0,2,1,"Bailey, Myers and Mckinney",Palestinian Territory,2125,True
https://reynolds.biz,biz,1,20,0,0,0,2,0,"Long, Arnold and Castro",Togo,4003,True
http://marshall-howard.info,info,0,27,1,0,0,2,0,"Branch, Stanley and Reyes",Mexico,2139,False
https://murray-johnson.net,net,1,26,1,0,0,2,1,Edwards-Greer,Saint Kitts and Nevis,5080,False
https://oneill-gould.io,io,1,23,1,0,0,2,0,Bradley Inc,Tokelau,938,True
https://reynolds.dev,dev,1,20,0,0,0,2,1,"Fowler, Klein and Adkins",Iceland,6674,False
http://perry-kennedy.gov,gov,0,24,1,0,0,2,1,Mccarthy Group,Norfolk Island,3862,False
http://johnson-bautista.gov,gov,0,27,1,0,0,2,1,Collins-Owens,Tajikistan,6609,False
http://cummings.biz,biz,0,19,0,0,0,2,0,Tran-Aguilar,Jordan,6124,False
https://bass-lopez.com,com,1,22,1,0,0,2,1,"Hicks, Howell and Lester",Slovakia (Slovak Republic),6333,True
https://walker.dev,dev,1,18,0,0,0,2,0,Moore Inc,Tonga,5045,True
https://mitchell-hernandez.org,org,1,30,1,0,0,2,0,Bush-Richards,Congo,4366,True
http://robinson.dev,dev,0,19,0,0,0,2,0,Knox-Parks,Netherlands Antilles,2809,True
http://moore.info,info,0,17,0,0,0,2,1,Kim-Johns,Singapore,3367,False
https://larson-palmer.dev,dev,1,25,1,0,0,2,0,Wheeler-Buchanan,Barbados,6120,False
http://martinez.biz,biz,0,19,0,0,0,2,1,Ross-Cole,Equatorial Guinea,4247,False
http://allen.info,info,0,17,0,0,0,2,1,Rodriguez PLC,Uruguay,1373,True
http://fox.net,net,0,14,0,0,0,2,0,"Cooper, Tanner and Johnson",Chad,6825,False
http://houston.io,io,0,17,0,0,0,2,1,"Acosta, Smith and Barber",Denmark,1416,True
http://miller-torres.dev,dev,0,24,1,0,0,2,1,Grimes-Wade,Qatar,6494,True
https://cooley.edu,edu,1,18,0,0,0,2,0,"Alexander, Jones and Lara",India,5277,False
https://flowers.net,net,1,19,0,0,0,2,1,Scott-Chen,Niue,5532,False
https://boyle.gov,gov,1,17,0,0,0,2,1,Kim PLC,Sierra Leone,7254,True
https://perez-brock.biz,biz,1,23,1,0,0,2,1,Ortiz PLC,Andorra,5246,True
http://hawkins-gordon.gov,gov,0,25,1,0,0,2,0,Lutz PLC,Paraguay,3018,False
https://murphy-gray.ar,ar,1,22,1,0,0,2,1,Jones-Ray,Estonia,3273,True
https://contreras.net,net,1,21,0,0,0,2,0,Hughes Ltd,Tokelau,4959,False
http://ponce-ramos.biz,biz,0,22,1,0,0,2,0,Evans Ltd,American Samoa,1347,True
http://ford-salazar.ar,ar,0,22,1,0,0,2,0,"Martin, Johnson and Medina",Australia,4310,True
https://stanley.edu,edu,1,19,0,0,0,2,0,Garcia-Henry,Reunion,1081,True
https://watts-castillo.com,com,1,26,1,0,0,2,0,Allen-Reed,Bangladesh,4279,False
http://clay.edu,edu,0,15,0,0,0,2,0,Schwartz-Flores,Ecuador,2523,True
https://cain-mclaughlin.com,com,1,27,1,0,0,2,1,Villegas LLC,Saint Kitts and Nevis,5580,True
http://wong.dev,dev,0,15,0,0,0,2,1,Turner Inc,French Guiana,7088,False
http://gray-mcintyre.edu,edu,0,24,1,0,0,2,1,Walton PLC,Micronesia,2469,True
http://cowan-davis.io,io,0,21,1,0,0,2,0,Johnson LLC,Bosnia and Herzegovina,5222,False
http://palmer-flores.io,io,0,23,1,0,0,2,1,Hull-Gomez,Reunion,5019,True
https://boone.net,net,1,17,0,0,0,2,0,"Lewis, Schmidt and Moody",Haiti,3638,False
http://wood.info,info,0,16,0,0,0,2,0,Willis and Sons,Cyprus,5315,True
http://vaughn.dev,dev,0,17,0,0,0,2,1,"Nguyen, Walters and Durham",Cote d'Ivoire,676,False
https://jenkins.com,com,1,19,0,0,0,2,1,Bennett PLC,Burundi,1068,True
http://williams.io,io,0,18,0,0,0,2,1,Patterson LLC,Bangladesh,872,False
https://bell.io,io,1,15,0,0,0,2,0,Patton and Sons,Cuba,5751,False
https://pearson.biz,biz,1,19,0,0,0,2,1,Vargas-Ramirez,Thailand,5759,False
https://james-davis.biz,biz,1,23,1,0,0,2,0,"Hebert, Hubbard and Foley",Taiwan,1009,False
http://miller-haas.biz,biz,0,22,1,0,0,2,0,"George, Harrell and Dougherty",Heard Island and McDonald Islands,4432,True
https://stevens-hill.io,io,1,23,1,0,0,2,0,Colon LLC,Tanzania,491,False
http://howard.com,com,0,17,0,0,0,2,1,Brown-Fisher,Togo,7134,True
http://bernard.info,info,0,19,0,0,0,2,1,Barber LLC,Algeria,529,False
http://weber.biz,biz,0,16,0,0,0,2,1,Jones-Hanna,Guinea,1424,False
http://davidson-james.edu,edu,0,25,1,0,0,2,1,Dennis-Long,British Virgin Islands,4271,False
http://poole.com,com,0,16,0,0,0,2,0,Becker LLC,Bangladesh,2504,False
http://ortiz-bailey.ar,ar,0,22,1,0,0,2,0,"Olson, Ryan and Nichols",Egypt,3107,False
http://smith-aguilar.biz,biz,0,24,1,0,0,2,0,Jones-Carlson,Finland,1324,True
http://garcia.dev,dev,0,17,0,0,0,2,1,Cunningham and Sons,American Samoa,3362,True
https://gonzalez.net,net,1,20,0,0,0,2,0,Chang-Hall,Iran,3862,False
http://rojas-palmer.dev,dev,0,23,1,0,0,2,0,"Williams, Christensen and Hicks",Angola,2034,True
http://martin-spencer.edu,edu,0,25,1,0,0,2,0,Mueller-Johnston,Russian Federation,1284,False
http://fletcher-mosley.com,com,0,26,1,0,0,2,1,Baxter Inc,Qatar,5648,False
https://anderson.dev,dev,1,20,0,0,0,2,1,Gay-Villanueva,Austria,1022,False
http://vasquez.gov,gov,0,18,0,0,0,2,1,"Lewis, Davis and Todd",Pakistan,3170,False
https://pierce.gov,gov,1,18,0,0,0,2,0,"Rodriguez, Mcclain and Estrada",India,3719,True
http://chapman-alexander.io,io,0,27,1,0,0,2,0,Davenport Inc,Cocos (Keeling) Islands,7001,False
https://ryan-russo.net,net,1,22,1,0,0,2,1,"Jones, Shelton and Lewis",Cuba,2129,True
https://lewis-hogan.dev,dev,1,23,1,0,0,2,1,Simpson LLC,Saint Kitts and Nevis,2368,False
https://lee.biz,biz,1,15,0,0,0,2,1,Shaw Inc,Pakistan,3492,False
http://irwin.net,net,0,16,0,0,0,2,0,Leonard LLC,Mongolia,4417,False
https://mann.edu,edu,1,16,0,0,0,2,0,Silva-Chavez,Lithuania,3549,True
https://foster-french.edu,edu,1,25,1,0,0,2,0,Reyes-Arias,Vietnam,7117,True
http://owens-murray.edu,edu,0,23,1,0,0,2,0,Combs-Becker,Malaysia,1442,True
http://clark.io,io,0,15,0,0,0,2,1,"Montoya, Patton and Jordan",Burkina Faso,3523,False
https://oconnor.com,com,1,19,0,0,0,2,1,"Mcdonald, Young and Ellis",Puerto Rico,6734,False
https://schneider-leblanc.edu,edu,1,29,1,0,0,2,1,"Wood, Salinas and Cox",Kiribati,4109,False
http://walter.biz,biz,0,17,0,0,0,2,1,Turner Ltd,Netherlands,3719,True
http://miranda.edu,edu,0,18,0,0,0,2,0,Evans LLC,Denmark,5354,True
https://hart.org,org,1,16,0,0,0,2,1,"Cortez, Berry and Velasquez",Isle of Man,6311,False
http://hamilton-lopez.net,net,0,25,1,0,0,2,1,"Watson, Price and Torres",Turks and Caicos Islands,1791,True
https://meza.biz,biz,1,16,0,0,0,2,1,Gillespie Inc,Brazil,3344,False
http://gilbert-stewart.io,io,0,25,1,0,0,2,1,Figueroa-Little,Uzbekistan,2788,True
https://bruce.io,io,1,16,0,0,0,2,0,Bishop-Rhodes,Lithuania,4033,True
https://cooley.info,info,1,19,0,0,0,2,0,"Hughes, Cox and Harrell",Eritrea,2074,False
http://young.dev,dev,0,16,0,0,0,2,1,Mathis Inc,Falkland Islands (Malvinas),4208,True
https://hawkins.info,info,1,20,0,0,0,2,1,Cruz-Bowers,Russian Federation,6692,True
https://moyer.io,io,1,16,0,0,0,2,1,Gilbert Inc,Gabon,2249,True
https://peterson.com,com,1,20,0,0,0,2,0,Everett and Sons,Saudi Arabia,1489,True
https://johnson.ar,ar,1,18,0,0,0,2,1,Lopez LLC,Somalia,3405,False
http://medina.biz,biz,0,17,0,0,0,2,0,"Mcgrath, Parker and Richardson",British Virgin Islands,3596,True
https://adams-cook.edu,edu,1,22,1,0,0,2,0,Cox and Sons,Panama,3654,True
https://moore.io,io,1,16,0,0,0,2,0,Anthony and Sons,Seychelles,1121,False
https://brown.edu,edu,1,17,0,0,0,2,0,"Anderson, Cruz and Miller",Papua New Guinea,4389,True
http://lee.dev,dev,0,14,0,0,0,2,0,"Smith, Kane and Wood",Guyana,1338,True
https://garza-alvarez.ar,ar,1,24,1,0,0,2,0,"Daniels, Daugherty and Holland",Mayotte,1743,True
http://owens-oneill.gov,gov,0,23,1,0,0,2,0,"Williams, Sparks and Cole",Saint Lucia,7223,True
http://singh.net,net,0,16,0,0,0,2,1,Knox-Leonard,Costa Rica,1604,True
http://davis-levine.biz,biz,0,23,1,0,0,2,1,Patrick-Nixon,French Southern Territories,1419,False
https://olson.info,info,1,18,0,0,0,2,1,Armstrong-Duarte,Afghanistan,5252,False
https://lewis.ar,ar,1,16,0,0,0,2,0,Kelley Group,Korea,3160,False
https://sanchez.org,org,1,19,0,0,0,2,1,"Hamilton, Townsend and Smith",Nigeria,3621,True
https://hunt.biz,biz,1,16,0,0,0,2,1,Hill Inc,Gibraltar,2337,True
https://oconnor.biz,biz,1,19,0,0,0,2,1,"Ortega, Goodman and Baker",United Kingdom,3425,False
https://brown.net,net,1,17,0,0,0,2,1,Lopez-Fowler,Ethiopia,2157,True
http://anderson.org,org,0,19,0,0,0,2,0,"Myers, Carroll and Reyes",Chad,3057,True
http://gray.gov,gov,0,15,0,0,0,2,0,"Delacruz, Anderson and Smith",Tunisia,3371,True
https://king-erickson.net,net,1,25,1,0,0,2,1,Torres Ltd,Kuwait,5508,False
https://esparza.ar,ar,1,18,0,0,0,2,0,"Howard, Moody and Jackson",Anguilla,2270,False
http://garcia-carter.gov,gov,0,24,1,0,0,2,1,Garcia Group,Cyprus,2558,False
http://burns-miller.edu,edu,0,23,1,0,0,2,0,"Harris, Long and Nicholson",Greenland,1330,False
http://lee-hicks.io,io,0,19,1,0,0,2,1,"Williams, Henry and Lopez",Somalia,3187,True
http://morris-cook.biz,biz,0,22,1,0,0,2,0,"Ramirez, Davis and Carr",Mongolia,984,False
http://bush.io,io,0,14,0,0,0,2,0,Johnson-Terry,Malta,3475,False
http://thomas.ar,ar,0,16,0,0,0,2,1,Ortiz-Davis,Guyana,2139,True
https://brown.dev,dev,1,17,0,0,0,2,0,Daniels-Bryan,Estonia,2741,False
http://ortiz-martinez.ar,ar,0,24,1,0,0,2,0,"Ramirez, Chan and Davis",Svalbard & Jan Mayen Islands,2986,True
https://hudson-singh.net,net,1,24,1,0,0,2,0,Prince LLC,Northern Mariana Islands,6961,True
https://perry-miller.info,info,1,25,1,0,0,2,1,Thomas-Calderon,France,2491,False
http://mendoza.org,org,0,18,0,0,0,2,1,Ross-Hull,Papua New Guinea,6852,True
http://gregory.biz,biz,0,18,0,0,0,2,1,"Carlson, Hayden and Castillo",Northern Mariana Islands,6403,True
http://thomas-powell.edu,edu,0,24,1,0,0,2,0,Scott PLC,Finland,3669,False
https://garcia-rodriguez.ar,ar,1,27,1,0,0,2,0,Walker-Morris,Malaysia,2231,True
http://evans.info,info,0,17,0,0,0,2,1,Meyer Inc,Trinidad and Tobago,447,True
http://hall-fuller.net,net,0,22,1,0,0,2,1,Herrera-Young,Western Sahara,6182,True
https://lynch.com,com,1,17,0,0,0,2,0,"Schneider, Jordan and Tucker",Aruba,4931,True
https://kelly.net,net,1,17,0,0,0,2,0,Mcintosh-Davis,Cuba,1669,False
http://lee.io,io,0,13,0,0,0,2,0,"Spencer, Le and Hill",Denmark,3085,True
https://sandoval.net,net,1,20,0,0,0,2,0,Rivers Group,Palestinian Territory,5708,False
https://nicholson-miller.io,io,1,27,1,0,0,2,1,Duarte Ltd,Korea,6148,False
https://shelton.com,com,1,19,0,0,0,2,0,Henderson-Walker,Angola,1684,False
https://garcia-martin.gov,gov,1,25,1,0,0,2,1,Harris PLC,Turkmenistan,6862,True
http://olson-perez.biz,biz,0,22,1,0,0,2,1,Molina-King,Somalia,3904,True
http://williams.ar,ar,0,18,0,0,0,2,1,"Clayton, Holloway and Lyons",Senegal,4010,True
http://sanchez-sparks.dev,dev,0,25,1,0,0,2,0,Galloway-Christian,Cameroon,2913,True
https://coleman.ar,ar,1,18,0,0,0,2,0,Cooper-Copeland,Hong Kong,4944,True
http://dean.org,org,0,15,0,0,0,2,1,"Robinson, Wright and Estes",Cayman Islands,5473,True
https://james.dev,dev,1,17,0,0,0,2,0,"Kent, Spencer and Barton",Uganda,983,False
https://kelly-conley.info,info,1,25,1,0,0,2,1,Drake-Roberts,Czech Republic,2894,False
http://martin.ar,ar,0,16,0,0,0,2,0,James-Norris,Sudan,654,True
https://lee-kemp.dev,dev,1,20,1,0,0,2,0,"Carlson, Brennan and Woodard",British Indian Ocean Territory (Chagos Archipelago),5216,True
http://long.biz,biz,0,15,0,0,0,2,0,Carlson-Richardson,Norway,397,True
http://martinez-miller.biz,biz,0,26,1,0,0,2,0,"Cooper, Davis and Moore",Micronesia,4445,True
http://rose-romero.io,io,0,21,1,0,0,2,1,"Peterson, Glenn and Adams",Greenland,4041,True
https://knight.dev,dev,1,18,0,0,0,2,1,"Murphy, Rollins and Salas",Gabon,5780,True
http://odom.net,net,0,15,0,0,0,2,1,Davis-Hernandez,China,3114,False
http://johnson-hooper.ar,ar,0,24,1,0,0,2,1,"Ferguson, Stone and Jennings",Montenegro,2908,True
http://bass-smith.info,info,0,22,1,0,0,2,0,"Coleman, Robinson and Fernandez",Burundi,1437,False
https://chambers-johnson.io,io,1,27,1,0,0,2,1,"Faulkner, Mendoza and Barajas",Niger,1315,True
http://costa.info,info,0,17,0,0,0,2,0,"Woodard, Perry and Powell",Equatorial Guinea,5932,True
http://elliott.org,org,0,18,0,0,0,2,0,Gonzalez Ltd,Singapore,5854,False
https://cooper.ar,ar,1,17,0,0,0,2,0,"Spears, Garcia and Nelson",Wallis and Futuna,961,False
https://hall-graham.ar,ar,1,22,1,0,0,2,0,"Smith, Frye and Kelly",Tajikistan,6881,True
https://moreno.org,org,1,18,0,0,0,2,0,Simmons-Nichols,Mexico,734,True
http://mcdaniel.info,info,0,20,0,0,0,2,1,Newton Inc,Uganda,7106,True
http://lee.dev,dev,0,14,0,0,0,2,0,Douglas-Howard,Uzbekistan,5488,True
http://watson.ar,ar,0,16,0,0,0,2,0,"Alvarez, Espinoza and Aguilar",Uruguay,4517,True
https://smith.biz,biz,1,17,0,0,0,2,1,"Valdez, Dixon and Barker",Serbia,5143,True
http://smith.org,org,0,16,0,0,0,2,1,"Cohen, Barnett and Jefferson",Serbia,4502,False
http://lynch.gov,gov,0,16,0,0,0,2,0,Murray-Key,Iraq,1515,True
http://keller.gov,gov,0,17,0,0,0,2,0,"Frazier, Rice and Young",Moldova,6401,True
http://rivera.dev,dev,0,17,0,0,0,2,1,Andrews-Stone,Kiribati,2402,True
http://dalton-carney.ar,ar,0,23,1,0,0,2,0,"Allison, Meza and Salas",Cameroon,2373,False
https://thomas.gov,gov,1,18,0,0,0,2,1,"Hoover, Robertson and Davis",Saint Barthelemy,4622,False
https://davidson-lang.gov,gov,1,25,1,0,0,2,0,"Carter, Ortega and Banks",Antigua and Barbuda,3336,False
https://stone.biz,biz,1,17,0,0,0,2,1,Hancock Ltd,Dominican Republic,2826,False
http://ross-drake.biz,biz,0,21,1,0,0,2,0,Saunders-Huynh,Bangladesh,418,True
http://ramirez-sloan.edu,edu,0,24,1,0,0,2,0,"Ramos, Livingston and Smith",Turkmenistan,3303,True
https://deleon.org,org,1,18,0,0,0,2,1,Fitzpatrick-Jackson,Russian Federation,1684,True
http://hamilton.edu,edu,0,19,0,0,0,2,0,"Gibbs, Alexander and Barton",Norway,1041,True
https://johnson-beltran.gov,gov,1,27,1,0,0,2,1,Johnson-Myers,Montenegro,6414,True
http://allen-smith.gov,gov,0,22,1,0,0,2,1,Simmons-Wood,British Virgin Islands,1783,False
http://brown.info,info,0,17,0,0,0,2,0,Knight LLC,Western Sahara,3605,True
http://wright.edu,edu,0,17,0,0,0,2,1,Duran-Alvarado,Namibia,3440,True
http://rivera.ar,ar,0,16,0,0,0,2,0,"Cameron, Spears and Reynolds",Guyana,2828,True
http://marshall-wright.gov,gov,0,26,1,0,0,2,0,Moss-Castillo,Martinique,2590,False
http://graves.biz,biz,0,17,0,0,0,2,1,"Miller, Floyd and Hess",Antigua and Barbuda,4222,True
http://holmes.com,com,0,17,0,0,0,2,1,Rasmussen-Brown,Tanzania,5046,True
http://griffin.org,org,0,18,0,0,0,2,1,Day-Ramsey,Svalbard & Jan Mayen Islands,3975,True
http://haynes-carson.biz,biz,0,24,1,0,0,2,0,"Garcia, Wang and Mccoy",Oman,675,False
https://bird.io,io,1,15,0,0,0,2,0,Hernandez Ltd,United States Virgin Islands,4803,True
https://brooks-hall.com,com,1,23,1,0,0,2,1,Martin Group,Norway,6009,False
http://white.dev,dev,0,16,0,0,0,2,1,Mckinney-Moore,Afghanistan,7279,True
http://simon.biz,biz,0,16,0,0,0,2,0,Brown-Gentry,Kenya,3360,False
https://hughes.gov,gov,1,18,0,0,0,2,0,Chambers LLC,Liberia,5798,False
https://adams.net,net,1,17,0,0,0,2,0,White-Jackson,Mali,679,False
http://shelton.biz,biz,0,18,0,0,0,2,0,White LLC,Saint Kitts and Nevis,3521,True
https://lawrence.org,org,1,20,0,0,0,2,0,Martin-Perez,Zambia,7007,False
http://yates.gov,gov,0,16,0,0,0,2,0,Schultz PLC,Vanuatu,5892,False
https://wells.dev,dev,1,17,0,0,0,2,1,Byrd-Patterson,Tajikistan,4274,True
https://smith.edu,edu,1,17,0,0,0,2,0,"Elliott, Miller and Buckley",Gambia,3814,False
http://garcia.net,net,0,17,0,0,0,2,0,Delgado PLC,Niger,6744,True
https://king.edu,edu,1,16,0,0,0,2,0,Jones Ltd,Switzerland,6132,True
https://woodward-pennington.biz,biz,1,31,1,0,0,2,0,"Ewing, Klein and Underwood",Chad,5919,False
https://hart-johnson.info,info,1,25,1,0,0,2,0,Robinson-Anderson,Brazil,3108,True
http://alexander.edu,edu,0,20,0,0,0,2,0,Davis and Sons,Kazakhstan,5788,False
http://ellis.ar,ar,0,15,0,0,0,2,1,Norris-Raymond,Guadeloupe,5967,True
http://peterson-hughes.io,io,0,25,1,0,0,2,0,Meyer-Wallace,Ecuador,3343,False
http://allen.com,com,0,16,0,0,0,2,1,Terry Inc,Heard Island and McDonald Islands,1809,False
https://stewart.io,io,1,18,0,0,0,2,1,"Shah, Gilbert and Villarreal",Angola,1687,True
https://miller.dev,dev,1,18,0,0,0,2,1,"Garcia, Ramirez and Lopez",French Polynesia,6993,True
https://jones.org,org,1,17,0,0,0,2,1,"White, Harper and Hernandez",Tokelau,820,False
http://strong.io,io,0,16,0,0,0,2,1,"Swanson, Chaney and Lang",Mongolia,797,False
https://frost-stanley.org,org,1,25,1,0,0,2,0,Smith-Fuller,Congo,4805,False
http://miller.info,info,0,18,0,0,0,2,1,Harris-Yang,Serbia,6968,False
http://mahoney.com,com,0,18,0,0,0,2,0,Lloyd-Gross,Russian Federation,3946,True
https://miles-riley.info,info,1,24,1,0,0,2,0,Vargas LLC,Iceland,1969,True
http://galloway-moody.biz,biz,0,25,1,0,0,2,0,Allen Inc,Gibraltar,783,True
https://robinson-clements.gov,gov,1,29,1,0,0,2,1,Murphy Inc,Saint Kitts and Nevis,2731,True
https://wilkerson-chung.info,info,1,28,1,0,0,2,1,Short Group,Heard Island and McDonald Islands,4509,False
https://evans.dev,dev,1,17,0,0,0,2,0,"Steele, Peck and Holmes",Palau,4597,True
https://warren.org,org,1,18,0,0,0,2,0,"Bradley, Smith and Rosario",Tonga,5109,True
https://brock.biz,biz,1,17,0,0,0,2,0,Cruz-Wu,Spain,1526,False
https://jordan.ar,ar,1,17,0,0,0,2,1,Cardenas and Sons,Ireland,645,False
https://gonzalez.dev,dev,1,20,0,0,0,2,0,"Curtis, Brown and Martin",Vietnam,6174,False
https://parsons.com,com,1,19,0,0,0,2,1,Herrera-Donaldson,Solomon Islands,833,True
http://hamilton.info,info,0,20,0,0,0,2,1,"Baker, Castillo and Jones",Djibouti,6588,True
http://rose.net,net,0,15,0,0,0,2,1,Galvan-Campbell,Greece,1432,True
http://rodgers.biz,biz,0,18,0,0,0,2,1,Shaffer-Pollard,Pitcairn Islands,1886,False
https://jacobs.gov,gov,1,18,0,0,0,2,1,Combs-Costa,Reunion,4211,True
https://rodriguez-nelson.biz,biz,1,28,1,0,0,2,0,Petersen and Sons,Hong Kong,7129,True
http://mercer.net,net,0,17,0,0,0,2,1,Gilbert LLC,Botswana,4295,False
http://smith-rangel.edu,edu,0,23,1,0,0,2,0,Mahoney Inc,Monaco,1679,True
https://smith.ar,ar,1,16,0,0,0,2,1,Schmidt LLC,Ecuador,6286,True
https://jenkins.net,net,1,19,0,0,0,2,0,Johnson-Allen,Mayotte,7285,True
https://atkinson-gonzalez.ar,ar,1,28,1,0,0,2,1,Sharp-Sullivan,Palestinian Territory,6138,False
https://good.edu,edu,1,16,0,0,0,2,1,Ritter Group,Christmas Island,679,True
http://ramos.net,net,0,16,0,0,0,2,0,Avila LLC,Reunion,1517,False
https://johnson.gov,gov,1,19,0,0,0,2,1,Ramos and Sons,Guinea-Bissau,1792,False
https://lee.org,org,1,15,0,0,0,2,1,"Hunter, Brown and Landry",Nicaragua,6927,True
https://cooper-fisher.gov,gov,1,25,1,0,0,2,0,Monroe Inc,Belgium,6334,True
https://thomas-smith.com,com,1,24,1,0,0,2,0,"Henson, Kline and Petersen",Brazil,2221,True
https://harris-garza.biz,biz,1,24,1,0,0,2,0,"Alexander, Carter and Little",Bahamas,7232,True
https://le.net,net,1,14,0,0,0,2,0,"Hamilton, Armstrong and Lutz",Fiji,1835,True
https://hernandez.gov,gov,1,21,0,0,0,2,0,Cross Inc,Vietnam,519,True
http://brown.io,io,0,15,0,0,0,2,1,"Ball, Norman and Melton",Morocco,4185,True
https://green-mack.gov,gov,1,22,1,0,0,2,0,Campbell PLC,New Caledonia,6699,True
http://black.io,io,0,15,0,0,0,2,1,Brooks-Smith,British Virgin Islands,5438,False
http://hill-sanders.ar,ar,0,22,1,0,0,2,1,"Williams, Gilbert and Thompson",Turkey,3924,True
http://ellis.dev,dev,0,16,0,0,0,2,0,Gordon-Murphy,Hungary,4063,True
http://short-bell.net,net,0,21,1,0,0,2,1,Osborn-Chen,Latvia,1738,True
http://morales.ar,ar,0,17,0,0,0,2,0,Anderson-Ortega,Tunisia,463,False
https://hancock-crane.gov,gov,1,25,1,0,0,2,1,"Mullins, Robinson and Wheeler",Austria,4823,True
https://murray.ar,ar,1,17,0,0,0,2,0,Herrera LLC,Haiti,900,False
http://silva.dev,dev,0,16,0,0,0,2,1,Crawford LLC,Congo,5362,False
https://walker-hines.net,net,1,24,1,0,0,2,1,Taylor-Colon,Lao People's Democratic Republic,6339,True
http://garrett-acosta.org,org,0,25,1,0,0,2,0,Saunders-Carter,Nepal,1465,False
https://fowler-moore.ar,ar,1,23,1,0,0,2,1,Mitchell-Hoffman,Honduras,2524,False
http://velazquez.com,com,0,20,0,0,0,2,1,"Clark, Wise and Lara",Syrian Arab Republic,4956,True
https://carter.ar,ar,1,17,0,0,0,2,1,"Morales, Nelson and Porter",Tanzania,2576,False
https://robinson.info,info,1,21,0,0,0,2,1,"Miller, Browning and Turner",Cocos (Keeling) Islands,5797,False
http://davis.biz,biz,0,16,0,0,0,2,0,Chapman Ltd,Sri Lanka,6997,True
http://hale-walker.ar,ar,0,21,1,0,0,2,0,"Brown, Roberson and Duncan",Denmark,2197,True
http://stark.gov,gov,0,16,0,0,0,2,0,"Mcbride, Jones and Martinez",Iraq,1256,True
https://kelly-moran.info,info,1,24,1,0,0,2,1,Foster Group,Maldives,1115,True
https://graham.ar,ar,1,17,0,0,0,2,0,Ruiz Inc,Latvia,6399,True
https://elliott.com,com,1,19,0,0,0,2,0,"Long, Taylor and Soto",Philippines,4499,False
http://shaffer-gonzalez.gov,gov,0,27,1,0,0,2,1,Gibbs-Phillips,Singapore,1080,True
http://berry.io,io,0,15,0,0,0,2,0,Lozano-Wagner,Cambodia,1794,True
https://beltran-dixon.dev,dev,1,25,1,0,0,2,1,"Hunter, Morrison and Lester",Yemen,3376,False
https://moore.biz,biz,1,17,0,0,0,2,0,"Briggs, Morales and Jimenez",Armenia,2556,False
http://mcneil.ar,ar,0,16,0,0,0,2,1,Werner Inc,Austria,6379,True
http://campbell.com,com,0,19,0,0,0,2,0,Parks PLC,Korea,4531,False
https://jackson.ar,ar,1,18,0,0,0,2,1,Livingston-Mendez,Micronesia,5300,False
http://jennings.biz,biz,0,19,0,0,0,2,1,Parker Group,Central African Republic,5841,True
http://reynolds.dev,dev,0,19,0,0,0,2,1,"Patel, Wallace and Koch",Korea,2832,False
http://flynn-miller.ar,ar,0,22,1,0,0,2,0,Terrell-Cox,Martinique,4340,False
https://hess-spencer.com,com,1,24,1,0,0,2,0,"Cox, Lawson and Goodwin",Cape Verde,6054,True
http://lawrence-gray.org,org,0,24,1,0,0,2,0,Crosby LLC,Finland,7298,False
https://nichols.dev,dev,1,19,0,0,0,2,1,"Harris, Knight and Armstrong",Nepal,562,False
https://mccall.org,org,1,18,0,0,0,2,1,Adkins Inc,Heard Island and McDonald Islands,1741,True
https://may.gov,gov,1,15,0,0,0,2,1,Little-Santiago,Uzbekistan,4017,True
http://mcbride-smith.io,io,0,23,1,0,0,2,1,"Palmer, Wade and Hill",Tuvalu,4818,True
https://cooley.com,com,1,18,0,0,0,2,1,Blake and Sons,Albania,6326,True
https://baker.org,org,1,17,0,0,0,2,1,Fischer-Espinoza,Singapore,4470,True
http://green-salazar.io,io,0,23,1,0,0,2,0,Love-Ross,Maldives,5963,True
https://daniel.gov,gov,1,18,0,0,0,2,1,"Cole, Schneider and Ross",Saint Helena,2976,True
https://cameron.net,net,1,19,0,0,0,2,0,Lozano LLC,Pitcairn Islands,7239,False
https://lara.gov,gov,1,16,0,0,0,2,1,"Martin, Farmer and Snyder",Libyan Arab Jamahiriya,2714,False
http://hayes.gov,gov,0,16,0,0,0,2,1,Hopkins-Livingston,Serbia,4381,False
http://smith-graves.gov,gov,0,23,1,0,0,2,1,Ruiz-Molina,Madagascar,2634,True
http://cook.org,org,0,15,0,0,0,2,0,Bauer Ltd,Malta,2471,False
http://mcintosh.gov,gov,0,19,0,0,0,2,0,"Aguilar, Salinas and Wagner",Syrian Arab Republic,6984,False
http://flores.dev,dev,0,17,0,0,0,2,1,Cabrera-Rodriguez,Vanuatu,2070,False
http://jones.com,com,0,16,0,0,0,2,0,Cunningham LLC,Niue,6116,True
https://le.biz,biz,1,14,0,0,0,2,0,"Meyer, Bowen and Franklin",Austria,613,False
http://walker.edu,edu,0,17,0,0,0,2,1,"Washington, Garcia and Zimmerman",Australia,6919,False
http://arnold-brown.dev,dev,0,23,1,0,0,2,1,"Cook, Franklin and Ho",Isle of Man,1781,True
http://garrison.io,io,0,18,0,0,0,2,1,Beasley PLC,Macao,5731,True
http://pearson.gov,gov,0,18,0,0,0,2,0,"Wilson, Stewart and Davidson",Northern Mariana Islands,5161,False
http://chase.org,org,0,16,0,0,0,2,0,Lee LLC,Grenada,4888,False
http://nelson.org,org,0,17,0,0,0,2,0,Rose PLC,Burkina Faso,3486,False
http://wheeler.info,info,0,19,0,0,0,2,1,Carroll and Sons,Hong Kong,3467,False
https://brown.net,net,1,17,0,0,0,2,0,"Ellis, Rivera and Mcdonald",Chile,726,False
https://mason-harvey.com,com,1,24,1,0,0,2,0,May-Ayala,Saint Kitts and Nevis,1729,True
https://wu.dev,dev,1,14,0,0,0,2,0,Wiley LLC,Rwanda,5821,True
https://hess-wright.dev,dev,1,23,1,0,0,2,0,"Ayers, Lee and Lopez",Taiwan,6432,False
http://bright.info,info,0,18,0,0,0,2,1,Cannon LLC,Spain,4714,False
https://ortiz.dev,dev,1,17,0,0,0,2,1,Taylor and Sons,Cape Verde,1439,False
https://richardson-lewis.edu,edu,1,28,1,0,0,2,1,"Gay, Morris and Myers",Bhutan,1694,True
http://hall.org,org,0,15,0,0,0,2,1,Chavez-Cole,Korea,7302,False
http://saunders-harvey.edu,edu,0,26,1,0,0,2,1,Solis-Abbott,Afghanistan,4538,True
https://diaz-landry.info,info,1,24,1,0,0,2,0,"Davis, Brown and Hill",Romania,5772,False
http://stewart.gov,gov,0,18,0,0,0,2,0,Coleman Inc,Niger,5696,True
http://hays.dev,dev,0,15,0,0,0,2,1,"Barrera, Adams and Malone",Jersey,6209,True
https://hood.edu,edu,1,16,0,0,0,2,0,"Sanchez, Peters and Holt",Guam,6688,False
https://garcia.net,net,1,18,0,0,0,2,0,"Woods, Hayden and Miller",Estonia,2157,False
http://bishop.info,info,0,18,0,0,0,2,1,Mckinney Ltd,Brazil,3748,True
http://nelson.net,net,0,17,0,0,0,2,0,Martin PLC,Sudan,2479,False
https://smith.info,info,1,18,0,0,0,2,1,Rollins and Sons,New Zealand,6059,True
https://reynolds-jensen.com,com,1,27,1,0,0,2,1,Schmidt-Walker,Kenya,4300,False
https://brewer-boyle.org,org,1,24,1,0,0,2,0,Petersen Ltd,Algeria,1689,True
https://charles.biz,biz,1,19,0,0,0,2,0,Olson-Waters,Turkmenistan,1679,False
https://reyes.gov,gov,1,17,0,0,0,2,0,Hernandez-Collins,Trinidad and Tobago,3665,True
http://hansen.edu,edu,0,17,0,0,0,2,1,Jackson PLC,Venezuela,7269,False
https://quinn.com,com,1,17,0,0,0,2,1,"Henry, Moore and Kelly",Norfolk Island,371,True
http://warner-white.io,io,0,22,1,0,0,2,0,"Schmitt, Knight and Williams",Luxembourg,4937,True
https://hubbard.info,info,1,20,0,0,0,2,0,Cameron Group,Indonesia,4327,False
http://smith.info,info,0,17,0,0,0,2,1,Johnson and Sons,Tuvalu,1341,False
http://meadows-huerta.biz,biz,0,25,1,0,0,2,0,White Inc,Lebanon,4222,True
https://scott.ar,ar,1,16,0,0,0,2,1,Hendrix-Evans,El Salvador,4091,False
http://lowery.dev,dev,0,17,0,0,0,2,0,Arnold Inc,Bolivia,3141,True
https://sanchez-elliott.dev,dev,1,27,1,0,0,2,1,"Pham, Burch and Skinner",Mongolia,1242,False
https://harvey.org,org,1,18,0,0,0,2,1,Jones-Faulkner,Jersey,4048,True
https://jackson.com,com,1,19,0,0,0,2,1,Green Ltd,Lebanon,3589,False
http://hebert.com,com,0,17,0,0,0,2,1,Ward LLC,Ireland,2706,False
https://kemp.ar,ar,1,15,0,0,0,2,1,French Ltd,Marshall Islands,5713,True
https://johnson-rios.gov,gov,1,24,1,0,0,2,1,"Garrett, Robinson and Long",New Zealand,4568,False
https://booker.org,org,1,18,0,0,0,2,0,Lambert LLC,Nauru,2267,False
https://bailey.ar,ar,1,17,0,0,0,2,1,Dennis-Morgan,Central African Republic,709,False
https://garcia.edu,edu,1,18,0,0,0,2,0,Thompson-Jacobs,Slovakia (Slovak Republic),7288,True
http://conley-hernandez.dev,dev,0,27,1,0,0,2,1,Rhodes-Holder,Yemen,4606,True
https://wells-russell.org,org,1,25,1,0,0,2,1,Arnold-Ross,Liechtenstein,587,False
http://stewart-gray.com,com,0,23,1,0,0,2,0,Choi LLC,Central African Republic,6869,True
http://bautista.net,net,0,19,0,0,0,2,0,Ortiz-Kelley,Kazakhstan,541,False
http://hill.info,info,0,16,0,0,0,2,1,Wade-Farley,United States Virgin Islands,6090,True
http://hess-merritt.info,info,0,24,1,0,0,2,0,Medina Group,Ethiopia,5142,True
http://hicks.edu,edu,0,16,0,0,0,2,0,Peters-Le,Latvia,4008,False
http://hebert-wallace.gov,gov,0,25,1,0,0,2,0,Thompson-Webb,Bhutan,5261,False
http://stone-mooney.edu,edu,0,23,1,0,0,2,0,"Massey, Church and Miller",Puerto Rico,1612,False
https://gibbs.edu,edu,1,17,0,0,0,2,0,Duncan and Sons,Uzbekistan,7093,True
https://wood.edu,edu,1,16,0,0,0,2,1,Potts-Thomas,Aruba,6270,True
https://freeman.net,net,1,19,0,0,0,2,0,Martinez-Moreno,Oman,1134,True
https://hayes-little.edu,edu,1,24,1,0,0,2,1,Rivera-Bowman,Mongolia,2951,True
http://garcia.info,info,0,18,0,0,0,2,1,Bishop and Sons,Ethiopia,1073,True
http://payne.org,org,0,16,0,0,0,2,0,"Perry, Blevins and Gomez",British Virgin Islands,2916,False
https://pearson-armstrong.ar,ar,1,28,1,0,0,2,1,"Tapia, Wade and Adams",Uruguay,781,True
http://martinez.ar,ar,0,18,0,0,0,2,0,Allen-Burns,Papua New Guinea,576,True
https://david-thomas.edu,edu,1,24,1,0,0,2,1,Mccarty Inc,Haiti,2563,True
http://wilson.ar,ar,0,16,0,0,0,2,1,Soto PLC,Estonia,2578,True
http://russell.ar,ar,0,17,0,0,0,2,1,"Brooks, Nielsen and White",Turks and Caicos Islands,1094,True
http://vaughan.org,org,0,18,0,0,0,2,1,Torres Inc,Yemen,4701,True
https://davis.ar,ar,1,16,0,0,0,2,0,Mcclure-Cook,United Arab Emirates,6237,True
https://taylor-lane.gov,gov,1,23,1,0,0,2,1,Nelson-Watson,Sierra Leone,5707,True
https://thomas.com,com,1,18,0,0,0,2,0,Hernandez-Jones,Malta,4968,True
https://christensen.dev,dev,1,23,0,0,0,2,1,"Smith, Reynolds and Hammond",Belize,5380,True
https://white-james.info,info,1,24,1,0,0,2,0,Wilkinson Group,Czech Republic,2013,True
https://white.edu,edu,1,17,0,0,0,2,1,Lopez PLC,Iran,2035,True
http://davis.dev,dev,0,16,0,0,0,2,1,Knapp Ltd,Cook Islands,5022,False
https://huff.info,info,1,17,0,0,0,2,1,Suarez Inc,Cameroon,4796,False
https://smith.com,com,1,17,0,0,0,2,0,"Rice, Cole and Williams",Niue,1193,True
https://le-morris.org,org,1,21,1,0,0,2,0,Jones LLC,Aruba,700,False
https://vaughn-richards.io,io,1,26,1,0,0,2,0,Castro and Sons,Norway,4125,False
http://jones.io,io,0,15,0,0,0,2,1,"Nelson, Rojas and Watkins",French Southern Territories,4527,False
http://walker-marks.gov,gov,0,23,1,0,0,2,1,Chandler-Goodman,Andorra,3982,True
https://scott.io,io,1,16,0,0,0,2,1,Davis-White,French Guiana,4692,True
https://colon-arias.dev,dev,1,23,1,0,0,2,1,"Martin, Howard and Petersen",Belize,1482,False
https://collier.io,io,1,18,0,0,0,2,0,Johnson-Miller,Tajikistan,3671,False
https://thomas.gov,gov,1,18,0,0,0,2,0,Meyers PLC,New Zealand,3103,True
https://murray.biz,biz,1,18,0,0,0,2,0,"Williams, Davidson and Simmons",Somalia,4231,False
https://krause.org,org,1,18,0,0,0,2,0,Berry-Brewer,Palestinian Territory,7161,False
http://phillips.io,io,0,18,0,0,0,2,0,"Nguyen, Phillips and Castro",Slovakia (Slovak Republic),4753,False
https://williams.org,org,1,20,0,0,0,2,1,Duncan-Miller,Lesotho,2170,True
https://hendrix-morgan.gov,gov,1,26,1,0,0,2,1,"Lawrence, Benton and Carlson",Libyan Arab Jamahiriya,3674,True
https://campbell.biz,biz,1,20,0,0,0,2,0,"Price, Ayers and Frye",Palau,5644,True
https://morales-merritt.com,com,1,27,1,0,0,2,0,"Logan, Pitts and Walter",Thailand,1030,False
http://allen-carter.net,net,0,23,1,0,0,2,0,Clayton Ltd,United Arab Emirates,6669,True
http://mitchell.biz,biz,0,19,0,0,0,2,0,Turner-Murphy,United States Virgin Islands,2025,False
http://david.gov,gov,0,16,0,0,0,2,1,Gibson Inc,Hong Kong,5055,True
http://weeks.gov,gov,0,16,0,0,0,2,0,Garcia Ltd,Slovakia (Slovak Republic),5035,True
https://browning.net,net,1,20,0,0,0,2,1,"Meadows, Ingram and Norman",Wallis and Futuna,2204,False
https://lynch.org,org,1,17,0,0,0,2,1,Miller-Walker,Hong Kong,3862,True
https://rhodes.io,io,1,17,0,0,0,2,1,Rodriguez Ltd,Estonia,5561,True
http://thompson.gov,gov,0,19,0,0,0,2,0,"Blackwell, Peterson and Knight",Malaysia,2348,True
https://aguilar.edu,edu,1,19,0,0,0,2,1,Chapman PLC,Sri Lanka,7055,True
http://phillips.biz,biz,0,19,0,0,0,2,0,Ware PLC,Papua New Guinea,6013,False
http://sutton-zhang.biz,biz,0,23,1,0,0,2,1,"Mcdonald, Vaughn and Thompson",Venezuela,4185,True
https://lewis-weaver.ar,ar,1,23,1,0,0,2,0,Manning-Johnson,South Georgia and the South Sandwich Islands,581,False
https://jones.dev,dev,1,17,0,0,0,2,1,"Riley, Lewis and Patton",Serbia,4450,True
http://hamilton.io,io,0,18,0,0,0,2,0,Marquez-Delacruz,Luxembourg,2796,True
http://white-brown.org,org,0,22,1,0,0,2,1,Fisher Inc,Antarctica (the territory South of 60 deg S),5527,True
http://wang.com,com,0,15,0,0,0,2,1,Cooke-Ramirez,Azerbaijan,6411,True
http://stafford.info,info,0,20,0,0,0,2,1,Parker PLC,Chad,4188,False
http://harris.info,info,0,18,0,0,0,2,1,Rodgers Ltd,British Virgin Islands,1358,True
http://webster.ar,ar,0,17,0,0,0,2,1,Mccoy Inc,Senegal,399,True
https://newman.io,io,1,17,0,0,0,2,0,Conner-Cantu,Central African Republic,1057,False
https://robinson.edu,edu,1,20,0,0,0,2,1,Bryant-Mccoy,Mexico,7035,False
https://thomas.ar,ar,1,17,0,0,0,2,1,"Harper, Lowe and Walker",Turks and Caicos Islands,1675,False
https://scott-rodriguez.net,net,1,27,1,0,0,2,0,"Smith, Bond and Wiggins",Austria,1933,False
http://lane.dev,dev,0,15,0,0,0,2,1,"Johnson, Hull and Rivera",Dominican Republic,5826,False
http://gibson.net,net,0,17,0,0,0,2,0,Davis-Spears,Somalia,5133,False
http://clark.ar,ar,0,15,0,0,0,2,0,Armstrong Inc,Uzbekistan,4475,True
http://villarreal.com,com,0,21,0,0,0,2,0,Owens and Sons,Sao Tome and Principe,1973,False
http://mclaughlin.edu,edu,0,21,0,0,0,2,0,"Huffman, Mathis and Black",Myanmar,7162,False
http://miller.org,org,0,17,0,0,0,2,0,"Walker, Werner and Harrell",Jordan,2641,True
http://collins-green.gov,gov,0,24,1,0,0,2,0,"Williams, Roberts and Vargas",Christmas Island,6066,False
https://wright-wise.gov,gov,1,23,1,0,0,2,0,"Scott, Ibarra and Scott",Nigeria,4297,True
http://davenport.edu,edu,0,20,0,0,0,2,0,Campbell-Frederick,Sierra Leone,2803,False
http://warner.org,org,0,17,0,0,0,2,1,"Green, Baxter and Perry",Singapore,1668,False
http://navarro.io,io,0,17,0,0,0,2,1,"Hughes, Daugherty and Fowler",Belarus,6608,False
http://cortez-mejia.biz,biz,0,23,1,0,0,2,1,Harris-Castaneda,Aruba,4060,False
https://monroe.ar,ar,1,17,0,0,0,2,0,"Morgan, Mckenzie and Coleman",Estonia,1891,True
https://jones.gov,gov,1,17,0,0,0,2,1,Fisher-Glenn,Mozambique,1613,True
http://mason.info,info,0,17,0,0,0,2,1,"Harris, Torres and Werner",Sri Lanka,5473,False
http://reid-lee.gov,gov,0,19,1,0,0,2,0,Benson Inc,Serbia,5906,True
http://watson-gutierrez.dev,dev,0,27,1,0,0,2,0,Herrera-Grant,Azerbaijan,5209,True
http://johnson-ibarra.info,info,0,26,1,0,0,2,0,Nelson-Chaney,Kenya,1247,True
https://myers.edu,edu,1,17,0,0,0,2,1,Hopkins-Mitchell,British Virgin Islands,3405,False
http://serrano-smith.io,io,0,23,1,0,0,2,1,"Maxwell, Patrick and Armstrong",Poland,5096,False
https://jimenez.biz,biz,1,19,0,0,0,2,0,Torres Inc,Ukraine,3371,False
https://rodriguez.gov,gov,1,21,0,0,0,2,0,"White, Phillips and Garcia",Vanuatu,6745,True
https://smith.org,org,1,17,0,0,0,2,0,Smith Group,South Georgia and the South Sandwich Islands,4806,True
http://velez-moore.io,io,0,21,1,0,0,2,0,Hammond Group,Colombia,4189,False
http://carter.edu,edu,0,17,0,0,0,2,1,"Thomas, Nguyen and Lambert",Argentina,4586,False
http://moody-taylor.biz,biz,0,23,1,0,0,2,0,Sanchez-Salinas,Ireland,2214,False
https://wagner.biz,biz,1,18,0,0,0,2,1,Bailey and Sons,Netherlands Antilles,6143,True
https://lewis.edu,edu,1,17,0,0,0,2,0,"Chavez, Kaiser and Rogers",Nauru,1447,False
https://chase.com,com,1,17,0,0,0,2,1,Greene-Lee,Turks and Caicos Islands,4640,True
http://todd.biz,biz,0,15,0,0,0,2,0,"Johnson, Garcia and Garcia",Thailand,5478,True
https://bentley.ar,ar,1,18,0,0,0,2,0,Jimenez and Sons,Kyrgyz Republic,2376,True
https://maldonado.io,io,1,20,0,0,0,2,0,"Cardenas, Henry and Chan",India,7100,False
https://bryant.biz,biz,1,18,0,0,0,2,1,Wilson-Davis,Lebanon,4334,False
http://gibson.net,net,0,17,0,0,0,2,1,Davis Inc,Lesotho,389,False
https://hunt-bishop.ar,ar,1,22,1,0,0,2,1,Shaw-Gibson,Bermuda,6906,True
https://good-valenzuela.edu,edu,1,27,1,0,0,2,1,Davis-Smith,Indonesia,5021,False
http://white-green.edu,edu,0,22,1,0,0,2,1,Goodman and Sons,South Georgia and the South Sandwich Islands,7002,True
https://hudson-benson.net,net,1,25,1,0,0,2,0,Torres Inc,Latvia,3719,False
https://horn.dev,dev,1,16,0,0,0,2,0,Mckee-Munoz,Monaco,6174,True
http://sheppard.org,org,0,19,0,0,0,2,0,Wall PLC,Algeria,4845,True
http://norris.biz,biz,0,17,0,0,0,2,0,"Schneider, Simon and Hamilton",Hungary,1580,False
http://jones-gonzalez.io,io,0,24,1,0,0,2,0,Melendez-Rios,Netherlands Antilles,5019,False
https://dennis.org,org,1,18,0,0,0,2,1,"Campbell, Hall and Wolf",Pitcairn Islands,6213,False
http://pierce.org,org,0,17,0,0,0,2,1,Jackson Ltd,Iceland,4910,True
http://bray-bennett.dev,dev,0,23,1,0,0,2,1,Austin-Kelley,Monaco,2957,False
http://tate-hernandez.net,net,0,25,1,0,0,2,0,Schwartz-Reed,Guinea-Bissau,4063,True
https://rice-hoover.com,com,1,23,1,0,0,2,1,"Ryan, Tran and Richard",Romania,1960,False
http://gomez-hernandez.ar,ar,0,25,1,0,0,2,0,Andrews-Jones,Bosnia and Herzegovina,4216,False
http://jackson-davidson.gov,gov,0,27,1,0,0,2,1,Price-Clark,Qatar,5580,False
https://wang.gov,gov,1,16,0,0,0,2,0,Byrd-Nicholson,Andorra,2801,False
https://ponce.ar,ar,1,16,0,0,0,2,0,Hansen-Russell,Australia,5387,True
http://freeman.ar,ar,0,17,0,0,0,2,0,Fields-Munoz,Morocco,1877,True
http://bailey.com,com,0,17,0,0,0,2,1,Mccormick LLC,Iraq,2147,False
http://grant.org,org,0,16,0,0,0,2,0,Patton LLC,Turkmenistan,4931,False
https://anderson.gov,gov,1,20,0,0,0,2,1,Richardson-Salinas,Ethiopia,985,True
https://parker.io,io,1,17,0,0,0,2,0,"Zamora, Smith and Garcia",Sierra Leone,5129,True
http://smith.dev,dev,0,16,0,0,0,2,0,"Davis, White and Johnson",Kyrgyz Republic,4517,True
https://francis-cabrera.io,io,1,26,1,0,0,2,1,"Potter, Kerr and Martin",Barbados,468,True
http://bishop-lewis.dev,dev,0,23,1,0,0,2,0,Holland-Diaz,Bosnia and Herzegovina,2963,False
http://thompson.org,org,0,19,0,0,0,2,0,"Mcdonald, Lara and Murphy",Trinidad and Tobago,1248,False
http://tucker-duncan.edu,edu,0,24,1,0,0,2,1,Olson Group,Botswana,6367,False
http://noble-walters.dev,dev,0,24,1,0,0,2,0,Moran-Brown,Indonesia,3768,True
https://farmer.info,info,1,19,0,0,0,2,1,"Mcdaniel, Butler and Watson",Aruba,2596,False
http://alvarado.gov,gov,0,19,0,0,0,2,1,Henry Inc,Germany,3286,True
https://ross.io,io,1,15,0,0,0,2,1,Bryant-Dixon,New Zealand,3500,False
http://scott.com,com,0,16,0,0,0,2,0,Small Inc,Micronesia,5240,False
https://wiley.com,com,1,17,0,0,0,2,1,"Anderson, Rojas and Frey",El Salvador,2046,False
https://lam.net,net,1,15,0,0,0,2,1,Gordon Inc,Bermuda,387,True
https://lutz.ar,ar,1,15,0,0,0,2,0,Cook LLC,Guernsey,2703,True
http://smith-erickson.ar,ar,0,24,1,0,0,2,0,Martin-Sanchez,Hong Kong,6757,False
https://davis.io,io,1,16,0,0,0,2,0,Adams-Brown,Japan,727,False
http://velez-lee.info,info,0,21,1,0,0,2,1,Kennedy Group,Ukraine,628,True
http://romero-hansen.org,org,0,24,1,0,0,2,1,King-Melton,Cayman Islands,1637,False
https://richardson.org,org,1,22,0,0,0,2,0,"Medina, Hood and Garcia",Ecuador,2501,True
http://newman.gov,gov,0,17,0,0,0,2,1,Rivera Inc,Congo,4274,True
https://miller.ar,ar,1,17,0,0,0,2,1,"Smith, Robinson and Mcdowell",Belize,835,True
http://english-williams.info,info,0,28,1,0,0,2,1,Farley and Sons,Burundi,617,False
http://gilbert.edu,edu,0,18,0,0,0,2,0,Conner-Wu,Senegal,1109,True
http://park.ar,ar,0,14,0,0,0,2,1,Oconnor-Henderson,Cambodia,4199,True
https://cox-goodman.dev,dev,1,23,1,0,0,2,0,Torres Inc,Trinidad and Tobago,940,True
https://cole.com,com,1,16,0,0,0,2,0,"Johnson, Downs and Rose",Guadeloupe,3871,False
https://gibbs.biz,biz,1,17,0,0,0,2,0,"Galvan, Walsh and Berry",Indonesia,6527,True
http://perez.ar,ar,0,15,0,0,0,2,0,"Sellers, Stein and Hall",Pakistan,1555,False
https://burton.biz,biz,1,18,0,0,0,2,0,Mayo-Reyes,Uganda,1560,True
http://brown-cabrera.io,io,0,23,1,0,0,2,1,Gilbert Ltd,Djibouti,5398,True
https://gross.net,net,1,17,0,0,0,2,1,"Kelley, Sullivan and Brooks",Cuba,3140,False
http://shea.net,net,0,15,0,0,0,2,0,Chen Ltd,New Caledonia,962,True
https://hale.net,net,1,16,0,0,0,2,1,Carr-James,Lesotho,2296,False
https://roberts.com,com,1,19,0,0,0,2,1,Andrews-Holder,Philippines,6547,True
https://edwards.com,com,1,19,0,0,0,2,0,Macdonald Inc,Malaysia,5591,True
http://greene.dev,dev,0,17,0,0,0,2,0,Knight LLC,Tunisia,5882,True
http://wolf.info,info,0,16,0,0,0,2,1,Bennett-Williams,Sri Lanka,6513,True
https://lambert-myers.net,net,1,25,1,0,0,2,1,Ramirez Inc,Chad,6733,True
https://miller-murillo.ar,ar,1,25,1,0,0,2,0,Newman Ltd,Djibouti,3913,False
http://mason.com,com,0,16,0,0,0,2,0,Carrillo-Gallegos,British Virgin Islands,3011,False
https://estes.edu,edu,1,17,0,0,0,2,1,"Young, Gomez and Murray",Dominica,4000,False
https://patel-montgomery.info,info,1,29,1,0,0,2,0,Davis-Norris,Italy,3254,False
https://stanton-bentley.org,org,1,27,1,0,0,2,1,Lopez-Copeland,San Marino,4397,False
http://powers.net,net,0,17,0,0,0,2,0,"Johnson, Butler and Beasley",French Guiana,6044,True
http://nixon.io,io,0,15,0,0,0,2,0,"Davis, Hood and Lee",Sudan,1101,True
http://smith-sosa.net,net,0,21,1,0,0,2,0,Allen-Williams,Bahamas,6659,True
http://combs.ar,ar,0,15,0,0,0,2,0,Stephens-Sexton,American Samoa,1389,False
http://patterson.io,io,0,19,0,0,0,2,0,Keller-Weaver,Bolivia,4664,False
https://smith-russo.com,com,1,23,1,0,0,2,0,Wade-Dunn,Germany,3935,False
http://wagner.info,info,0,18,0,0,0,2,1,"Walsh, Bennett and Blankenship",Denmark,1191,False
http://floyd-lewis.net,net,0,22,1,0,0,2,1,Taylor-Hartman,Tuvalu,2987,True
https://flores.com,com,1,18,0,0,0,2,1,Boyer Inc,Thailand,4139,False
http://smith.dev,dev,0,16,0,0,0,2,1,Sanders-Stokes,Swaziland,1813,False
https://lewis.net,net,1,17,0,0,0,2,1,"Drake, Cain and West",Russian Federation,6453,False
http://price.dev,dev,0,16,0,0,0,2,1,Tyler and Sons,Cook Islands,4349,True
http://mccall.dev,dev,0,17,0,0,0,2,1,Padilla PLC,Netherlands,2626,False
http://marquez.info,info,0,19,0,0,0,2,0,Vargas PLC,Dominican Republic,2760,True
https://huynh-oliver.org,org,1,24,1,0,0,2,1,"Ward, Mccullough and Miller",Panama,6339,True
https://summers.net,net,1,19,0,0,0,2,0,Elliott-Smith,Rwanda,5036,True
http://welch.ar,ar,0,15,0,0,0,2,1,"Gallegos, Hill and Sutton",Vanuatu,425,False
http://knight-trevino.gov,gov,0,25,1,0,0,2,0,"Johnson, Yu and Norton",Puerto Rico,1274,True
https://cruz.io,io,1,15,0,0,0,2,0,Barajas LLC,Kiribati,5124,True
http://patel.org,org,0,16,0,0,0,2,0,"Dunn, Skinner and Chambers",Pakistan,5601,True
http://robertson-rangel.io,io,0,26,1,0,0,2,1,Rhodes-Coffey,Netherlands Antilles,3410,False
http://lopez-mack.gov,gov,0,21,1,0,0,2,0,"Green, Savage and Morris",British Virgin Islands,6346,False
http://butler.ar,ar,0,16,0,0,0,2,0,"Velasquez, Martin and Gallagher",Zambia,4320,True
http://knight.dev,dev,0,17,0,0,0,2,1,Holmes-Santos,Cameroon,3625,False
http://hancock-dunlap.com,com,0,25,1,0,0,2,1,Davenport-Young,Switzerland,574,False
http://walker-harris.ar,ar,0,23,1,0,0,2,0,Harris LLC,Greece,5615,False
https://sanchez-wilson.info,info,1,27,1,0,0,2,1,Green LLC,Morocco,5285,True
http://martin.edu,edu,0,17,0,0,0,2,1,Hogan-Higgins,Guadeloupe,3700,False
https://peters-murray.org,org,1,25,1,0,0,2,1,"Berry, Savage and Alvarez",Puerto Rico,2661,False
https://bowers-williams.com,com,1,27,1,0,0,2,0,"Smith, Stone and Odonnell",French Southern Territories,4418,True
http://gutierrez.biz,biz,0,20,0,0,0,2,0,Logan PLC,China,4745,True
https://horton.org,org,1,18,0,0,0,2,0,Walsh PLC,Antigua and Barbuda,5274,True
http://jacobson.gov,gov,0,19,0,0,0,2,0,"Salinas, Thomas and Myers",Yemen,2034,True
http://hernandez.net,net,0,20,0,0,0,2,1,"Ruiz, Jones and Haley",Grenada,5503,False
http://snyder-bauer.ar,ar,0,22,1,0,0,2,0,Fitzgerald-Ruiz,Poland,4001,False
https://cox.io,io,1,14,0,0,0,2,0,Smith LLC,Puerto Rico,5231,True
https://dixon-alvarez.gov,gov,1,25,1,0,0,2,0,Smith LLC,Uruguay,4730,False
http://hurst-rodriguez.dev,dev,0,26,1,0,0,2,1,Garcia-Richards,Falkland Islands (Malvinas),2400,False
https://king-choi.biz,biz,1,21,1,0,0,2,0,Christensen PLC,Peru,4112,False
https://santos.dev,dev,1,18,0,0,0,2,1,Thomas-Wallace,Ireland,1546,True
https://gamble.biz,biz,1,18,0,0,0,2,0,"Dixon, Dudley and Clarke",Pitcairn Islands,1248,True
https://galloway.io,io,1,19,0,0,0,2,1,Marshall-Rodriguez,Liberia,4662,True
http://glenn.net,net,0,16,0,0,0,2,0,Walker-Rivera,Tanzania,6944,False
http://ramirez.dev,dev,0,18,0,0,0,2,1,"Johnson, Rodriguez and Williams",Lithuania,689,True
http://barnett.ar,ar,0,17,0,0,0,2,0,Costa-Hill,Central African Republic,7219,True
http://long-crane.org,org,0,21,1,0,0,2,1,"Martinez, Vasquez and Montgomery",Tokelau,2846,True
https://howard-todd.gov,gov,1,23,1,0,0,2,1,Miller LLC,Saudi Arabia,5342,True
http://krause-perez.info,info,0,24,1,0,0,2,0,Good-Gamble,Svalbard & Jan Mayen Islands,3389,False
http://lee.ar,ar,0,13,0,0,0,2,1,"Howell, Dillon and Morris",Kazakhstan,6030,False
http://mccormick.biz,biz,0,20,0,0,0,2,1,"Foster, Mcdonald and Small",Bolivia,6093,False
https://norris-harris.edu,edu,1,25,1,0,0,2,1,Patel Group,Antigua and Barbuda,5388,True
http://williamson.dev,dev,0,21,0,0,0,2,0,Koch Inc,Greenland,6714,False
https://erickson.edu,edu,1,20,0,0,0,2,0,Kane Ltd,Lebanon,2725,False
https://villanueva.biz,biz,1,22,0,0,0,2,1,Fischer Group,Zambia,825,False
https://cochran.org,org,1,19,0,0,0,2,1,Reyes-Martin,Ukraine,4119,True
http://hays.gov,gov,0,15,0,0,0,2,0,"Gordon, Murphy and Duffy",Venezuela,7215,True
http://mcclure.gov,gov,0,18,0,0,0,2,1,"Young, Meza and Klein",Jersey,5811,False
https://smith-hahn.org,org,1,22,1,0,0,2,1,Beck-Gomez,Bermuda,6943,False
http://edwards-nelson.org,org,0,25,1,0,0,2,0,Smith PLC,Cote d'Ivoire,2663,False
http://rasmussen.edu,edu,0,20,0,0,0,2,0,Oliver Inc,Nepal,3921,False
http://merritt.com,com,0,18,0,0,0,2,0,"Perry, Davis and Robinson",Saint Helena,1683,True
http://parker.org,org,0,17,0,0,0,2,0,"David, Murphy and Stone",New Zealand,1354,False
https://rodriguez-johnson.com,com,1,29,1,0,0,2,1,"Moreno, Smith and Gonzalez",Liechtenstein,6982,False
http://garcia-martin.info,info,0,25,1,0,0,2,0,Jones Inc,Maldives,3026,False
https://andrews.org,org,1,19,0,0,0,2,0,"Jackson, Graves and Smith",Cocos (Keeling) Islands,6339,False
https://evans.com,com,1,17,0,0,0,2,0,Garcia PLC,Niue,4245,False
https://taylor.net,net,1,18,0,0,0,2,1,"Harris, Martinez and Green",France,3999,True
https://miller-anderson.edu,edu,1,27,1,0,0,2,0,Perez-Gilmore,Samoa,5776,True
http://hanson.io,io,0,16,0,0,0,2,0,Castillo-Kim,Trinidad and Tobago,4946,False
https://waters.gov,gov,1,18,0,0,0,2,0,Chapman-Frazier,Argentina,3717,True
https://winters-morris.net,net,1,26,1,0,0,2,1,Taylor-Miller,Turkmenistan,2761,False
http://castro.dev,dev,0,17,0,0,0,2,0,"Spencer, Mendoza and Woods",Kuwait,2258,False
http://harris.edu,edu,0,17,0,0,0,2,0,Phillips PLC,China,6046,False
http://mitchell.org,org,0,19,0,0,0,2,0,Nelson PLC,Northern Mariana Islands,3998,True
https://chapman.io,io,1,18,0,0,0,2,0,Burns-Sanders,Russian Federation,2280,True
https://jacobs.io,io,1,17,0,0,0,2,0,"Espinoza, Carson and Short",Uruguay,1655,False
http://manning-martin.dev,dev,0,25,1,0,0,2,1,Cunningham-Cook,Dominican Republic,5925,True
https://deleon.ar,ar,1,17,0,0,0,2,1,"Harris, Roberts and Cowan",Rwanda,6899,False
https://rodriguez.io,io,1,20,0,0,0,2,1,"Whitney, Miller and Johnson",Iran,1611,False
http://burgess-norris.ar,ar,0,24,1,0,0,2,1,Reeves and Sons,British Virgin Islands,5401,False
https://alexander.org,org,1,21,0,0,0,2,1,Young-Young,Antarctica (the territory South of 60 deg S),5966,True
https://benson-stewart.ar,ar,1,25,1,0,0,2,1,"Wade, Gill and Barajas",Cote d'Ivoire,5965,True
http://mueller.com,com,0,18,0,0,0,2,1,"Cox, Osborne and Contreras",Korea,600,True
http://wong.gov,gov,0,15,0,0,0,2,1,James LLC,Botswana,5586,False
http://kelly.info,info,0,17,0,0,0,2,0,Peck-Weber,New Zealand,4086,True
http://gomez.dev,dev,0,16,0,0,0,2,0,Miller-Marsh,Ireland,5004,True
http://allen.org,org,0,16,0,0,0,2,1,Perez PLC,Djibouti,1349,True
http://mcbride.edu,edu,0,18,0,0,0,2,1,Morrow-Smith,Niue,4273,True
http://alvarez.dev,dev,0,18,0,0,0,2,1,Villa-Bradshaw,Brunei Darussalam,3338,True
http://mueller-sanders.dev,dev,0,26,1,0,0,2,1,Harrington-Aguirre,Bahrain,6424,False
https://burgess.ar,ar,1,18,0,0,0,2,0,Cummings Ltd,Bermuda,4125,True
http://bentley.net,net,0,18,0,0,0,2,0,Schultz-Diaz,Saint Lucia,3560,False
https://love.org,org,1,16,0,0,0,2,0,"Moreno, Green and Fisher",Paraguay,4486,False
http://harper.info,info,0,18,0,0,0,2,0,Vance and Sons,Netherlands,4314,False
http://barnett-jenkins.edu,edu,0,26,1,0,0,2,0,Sanders-Curtis,Bangladesh,688,True
https://houston.edu,edu,1,19,0,0,0,2,1,Johnson Ltd,Central African Republic,480,False
https://scott.biz,biz,1,17,0,0,0,2,0,Carpenter Group,Tanzania,3076,False
http://lee.gov,gov,0,14,0,0,0,2,1,"Dudley, Daugherty and Lee",Morocco,6259,True
https://carter.info,info,1,19,0,0,0,2,1,Carson-Clark,Morocco,1494,False
http://lewis-phillips.gov,gov,0,25,1,0,0,2,1,"Spence, Pierce and Herman",Poland,4650,False
http://mcconnell-rodriguez.org,org,0,30,1,0,0,2,1,"Owens, Morris and Richardson",Korea,1267,False
https://jones.gov,gov,1,17,0,0,0,2,1,"Snyder, Thompson and Morales",French Southern Territories,5644,True
https://ward-chapman.net,net,1,24,1,0,0,2,0,"Cohen, Cook and Cardenas",Saint Helena,6866,False
http://scott.biz,biz,0,16,0,0,0,2,0,Phillips LLC,Venezuela,2500,False
http://phillips.com,com,0,19,0,0,0,2,0,Kaiser LLC,Anguilla,5684,False
http://molina.info,info,0,18,0,0,0,2,1,Sexton-Hogan,Kenya,5039,True
https://carter.dev,dev,1,18,0,0,0,2,1,Gill PLC,Zimbabwe,4719,False
http://schroeder-smith.com,com,0,26,1,0,0,2,1,Colon-Rodriguez,Costa Rica,4023,False
http://patrick.net,net,0,18,0,0,0,2,1,"Campbell, Ross and Gray",Tunisia,2629,False
https://glenn.info,info,1,18,0,0,0,2,0,"Garza, Robertson and Spencer",Bhutan,3356,False
http://johnson.info,info,0,19,0,0,0,2,1,Frost-Tucker,Somalia,2727,True
http://harmon-pearson.com,com,0,25,1,0,0,2,1,"Stewart, Robles and Martin",Mexico,4160,False
https://reese.edu,edu,1,17,0,0,0,2,1,Davidson PLC,Australia,6484,True
https://english-irwin.info,info,1,26,1,0,0,2,1,Bryant-Gonzalez,Congo,4402,False
http://richardson.io,io,0,20,0,0,0,2,0,Cruz Group,Turkmenistan,1444,True
http://gonzalez.ar,ar,0,18,0,0,0,2,0,Smith LLC,Cape Verde,6675,True
http://evans.edu,edu,0,16,0,0,0,2,1,"Marshall, Mccullough and Dean",Austria,5510,False
http://rocha.org,org,0,16,0,0,0,2,0,Thompson Inc,Afghanistan,2077,True
https://andrews-lopez.gov,gov,1,25,1,0,0,2,1,"Branch, Alvarado and Morgan",Montserrat,6158,False
https://frye-atkins.com,com,1,23,1,0,0,2,1,Jones-Moore,Niue,1063,True
http://ferguson-campbell.net,net,0,28,1,0,0,2,1,Velasquez-Pittman,Norfolk Island,573,False
http://alexander.dev,dev,0,20,0,0,0,2,0,Johnson-Riley,Malaysia,1229,False
https://kirk-palmer.org,org,1,23,1,0,0,2,1,"Patterson, Bowers and Hodges",Dominica,5932,False
http://mccarthy.gov,gov,0,19,0,0,0,2,0,Harvey Ltd,Pitcairn Islands,4134,False
https://wood-burton.dev,dev,1,23,1,0,0,2,1,"Kane, Reed and Arnold",Dominican Republic,3501,True
https://wright.ar,ar,1,17,0,0,0,2,1,Leonard-Sims,Benin,943,False
http://harvey.org,org,0,17,0,0,0,2,1,"Jones, Smith and Patterson",Myanmar,1295,True
https://sutton-rasmussen.dev,dev,1,28,1,0,0,2,0,Sanchez Ltd,Nepal,4108,True
https://brown.io,io,1,16,0,0,0,2,1,Walter-Turner,Japan,6130,False
http://fowler.com,com,0,17,0,0,0,2,1,Mack-Stephens,Philippines,6085,False
http://miller.io,io,0,16,0,0,0,2,1,Doyle Ltd,Pitcairn Islands,5137,True
http://hanna-morales.ar,ar,0,23,1,0,0,2,1,Watson-Garcia,North Macedonia,2296,True
https://wolf.gov,gov,1,16,0,0,0,2,1,Cabrera and Sons,Senegal,2836,False
https://kirk.gov,gov,1,16,0,0,0,2,1,Griffin-Page,Saint Kitts and Nevis,4109,True
https://graham.dev,dev,1,18,0,0,0,2,0,Cox PLC,Uzbekistan,2506,True
http://cook.gov,gov,0,15,0,0,0,2,0,Dunn Inc,Uruguay,6745,False
http://clark-thomas.info,info,0,24,1,0,0,2,1,Hicks Ltd,Tunisia,961,True
https://perry-montgomery.ar,ar,1,27,1,0,0,2,0,Lawrence-Love,Pakistan,3405,False
https://robles-johnson.com,com,1,26,1,0,0,2,0,Bowman and Sons,British Virgin Islands,2249,True
http://clark.io,io,0,15,0,0,0,2,1,Sellers-Hicks,El Salvador,6995,True
http://mcdaniel.gov,gov,0,19,0,0,0,2,1,Bennett-Lyons,Serbia,6389,False
http://torres.net,net,0,17,0,0,0,2,1,"Becker, King and Wilson",Australia,3235,True
https://smith-ortega.gov,gov,1,24,1,0,0,2,0,Carrillo-Thomas,Barbados,3162,True
https://ashley.gov,gov,1,18,0,0,0,2,1,Gomez Inc,Norfolk Island,1478,True
https://lowery.com,com,1,18,0,0,0,2,1,Thomas Inc,Ireland,3377,False
http://larsen.dev,dev,0,17,0,0,0,2,1,Gomez-Lopez,Saint Lucia,4768,True
http://wiley.gov,gov,0,16,0,0,0,2,1,"Estrada, Day and Hays",Mexico,6696,True
http://holden.com,com,0,17,0,0,0,2,0,Johnson-Garcia,Jordan,2331,True
http://garcia.gov,gov,0,17,0,0,0,2,0,"Davis, Mendez and Mcguire",Guam,3526,False
http://barr-williamson.ar,ar,0,25,1,0,0,2,1,Carter Ltd,Brunei Darussalam,1570,False
http://colon.com,com,0,16,0,0,0,2,0,Sanders-Beck,Bahamas,4713,True
https://turner.io,io,1,17,0,0,0,2,0,Hurst PLC,Honduras,1104,True
http://serrano.dev,dev,0,18,0,0,0,2,1,"Miller, Moon and Jones",Micronesia,2267,False
https://rojas-williams.org,org,1,26,1,0,0,2,0,Murphy-Oneill,Burundi,3518,False
https://meyer.org,org,1,17,0,0,0,2,0,Frederick PLC,Tanzania,3277,False
https://davis-thompson.biz,biz,1,26,1,0,0,2,1,"Gardner, Wood and Moore",Australia,5802,True
https://day.info,info,1,16,0,0,0,2,1,Martin-Ross,Iceland,4527,False
https://olson-mendoza.org,org,1,25,1,0,0,2,0,Butler Ltd,Mauritius,7275,True
http://delacruz.biz,biz,0,19,0,0,0,2,0,"Leblanc, Sanchez and Bridges",Saint Pierre and Miquelon,583,True
http://king.org,org,0,15,0,0,0,2,0,Wells-Hall,Saint Martin,4328,True
http://maynard.info,info,0,19,0,0,0,2,0,Martinez-Martinez,Singapore,5349,False
http://jones.net,net,0,16,0,0,0,2,0,"Williams, Rodriguez and Haynes",United States Minor Outlying Islands,5653,True
http://rivas-smith.info,info,0,23,1,0,0,2,1,Shepard-Munoz,Zambia,1487,True
https://howard-pham.net,net,1,23,1,0,0,2,0,Ray PLC,Canada,1577,False
http://miles-robinson.edu,edu,0,25,1,0,0,2,1,"Foster, Gilbert and Patterson",Bosnia and Herzegovina,4722,True
http://sexton.net,net,0,17,0,0,0,2,0,Wright LLC,Hungary,1354,False
https://reynolds.edu,edu,1,20,0,0,0,2,0,Nichols LLC,Antigua and Barbuda,1311,True
https://garcia.edu,edu,1,18,0,0,0,2,0,"Smith, Jones and Webb",Hong Kong,6056,False
http://myers.edu,edu,0,16,0,0,0,2,0,Camacho-Smith,Micronesia,378,False
https://moore.com,com,1,17,0,0,0,2,0,Knight and Sons,Mauritius,1569,True
https://hale.info,info,1,17,0,0,0,2,0,Guerrero Inc,Sierra Leone,3477,True
http://kaufman-shepherd.io,io,0,26,1,0,0,2,0,Castaneda-Mcdonald,Uruguay,2593,True
https://valdez-hines.io,io,1,23,1,0,0,2,1,Macdonald Inc,China,1686,True
https://shannon.ar,ar,1,18,0,0,0,2,0,Mcbride-Allen,Guadeloupe,677,False
http://buckley.net,net,0,18,0,0,0,2,0,Dominguez-Howell,Suriname,6800,False
http://bryant.com,com,0,17,0,0,0,2,0,Miller-Hood,Saint Pierre and Miquelon,4802,True
http://ortiz.io,io,0,15,0,0,0,2,0,Hamilton-Ferrell,Saint Lucia,3034,False
http://butler-moore.edu,edu,0,23,1,0,0,2,0,"Miller, Goodman and Rhodes",Albania,4413,True
https://brown.info,info,1,18,0,0,0,2,0,"Holden, Wheeler and Carroll",Sao Tome and Principe,3802,True
https://martinez.gov,gov,1,20,0,0,0,2,0,Smith PLC,Netherlands,3033,False
https://reyes-garza.edu,edu,1,23,1,0,0,2,0,Morrow Group,United States Minor Outlying Islands,6839,True
http://weber.net,net,0,16,0,0,0,2,0,Fletcher-Hoover,Haiti,6025,False
http://navarro.info,info,0,19,0,0,0,2,0,Gallagher Group,Turkey,6699,False
http://johnson.info,info,0,19,0,0,0,2,1,Pace Inc,American Samoa,7002,False
http://douglas-perez.edu,edu,0,24,1,0,0,2,0,Ingram-Parker,Kazakhstan,908,False
https://jennings.com,com,1,20,0,0,0,2,1,Rivera Group,Micronesia,4594,True
https://charles.info,info,1,20,0,0,0,2,0,Smith Inc,Monaco,6875,False
https://taylor.dev,dev,1,18,0,0,0,2,0,"Fuentes, Horn and Ramos",Cameroon,643,True
https://henry.dev,dev,1,17,0,0,0,2,0,Ochoa-Fitzgerald,French Guiana,5462,True
https://stanley.biz,biz,1,19,0,0,0,2,0,"Williams, Gilbert and Hartman",British Indian Ocean Territory (Chagos Archipelago),5121,True
https://singh.info,info,1,18,0,0,0,2,1,Sullivan LLC,United States Virgin Islands,7071,True
https://walker.gov,gov,1,18,0,0,0,2,0,Thompson-Sweeney,New Zealand,3383,False
https://garcia-myers.dev,dev,1,24,1,0,0,2,0,Cook and Sons,Taiwan,3456,False
https://mcdonald-kirby.net,net,1,26,1,0,0,2,0,"Black, Lloyd and Curtis",Guam,3549,False
http://richmond.com,com,0,19,0,0,0,2,0,Miller-Gonzalez,Swaziland,428,False
https://henson-hamilton.info,info,1,28,1,0,0,2,1,Chen-Moody,China,1371,True
https://hart-harris.org,org,1,23,1,0,0,2,1,Montgomery-Molina,Isle of Man,2247,True
http://bean-harris.biz,biz,0,22,1,0,0,2,0,Howard-Jones,Bouvet Island (Bouvetoya),4950,True
http://nash.io,io,0,14,0,0,0,2,1,"Diaz, Walker and Johnson",Andorra,825,True
http://rivera.io,io,0,16,0,0,0,2,1,"Bennett, Richardson and Bennett",Micronesia,2534,False
https://smith-contreras.net,net,1,27,1,0,0,2,1,Elliott PLC,Trinidad and Tobago,4442,True
https://williams-morales.gov,gov,1,28,1,0,0,2,0,Smith LLC,Gibraltar,3157,True
http://ruiz-ramirez.info,info,0,24,1,0,0,2,1,Williamson Inc,Korea,4512,False
https://estrada-conley.org,org,1,26,1,0,0,2,1,Gray-Coleman,Greece,2561,False
http://garcia-perry.org,org,0,23,1,0,0,2,0,Wright Ltd,Hong Kong,1545,True
https://carr.com,com,1,16,0,0,0,2,0,Martinez and Sons,Liechtenstein,1589,True
http://moody.org,org,0,16,0,0,0,2,1,"Jones, Rasmussen and Sullivan",Uruguay,5960,True
https://reid.net,net,1,16,0,0,0,2,0,Roman Inc,Sao Tome and Principe,6649,True
http://brown-hunt.ar,ar,0,20,1,0,0,2,1,Hayes-Miller,Norway,6308,True
http://salazar-franco.io,io,0,24,1,0,0,2,1,Rodriguez LLC,Spain,4302,True
http://hamilton-wood.net,net,0,24,1,0,0,2,1,Walter-Cook,Estonia,4001,False
https://underwood-brown.biz,biz,1,27,1,0,0,2,0,Pierce-Edwards,Turkey,6537,False
https://mcguire-cox.gov,gov,1,23,1,0,0,2,0,"Scott, Peters and Hicks",Central African Republic,549,False
http://lawson-jimenez.info,info,0,26,1,0,0,2,1,Williams PLC,Mongolia,4371,True
http://schultz-martin.net,net,0,25,1,0,0,2,0,Spencer-Johnson,Serbia,5974,False
http://harrell.info,info,0,19,0,0,0,2,1,Camacho PLC,Antarctica (the territory South of 60 deg S),3923,False
https://kim.edu,edu,1,15,0,0,0,2,0,Olson-Downs,Poland,2856,True
https://beck-cunningham.dev,dev,1,27,1,0,0,2,0,Hawkins Inc,Tokelau,708,True
http://williams.ar,ar,0,18,0,0,0,2,1,"Thompson, Griffin and Davenport",France,2108,True
https://yang-johnson.io,io,1,23,1,0,0,2,0,Mckinney-Reyes,Chad,1221,True
http://wyatt.gov,gov,0,16,0,0,0,2,1,White Inc,Cayman Islands,460,False
https://long.com,com,1,16,0,0,0,2,0,Johnson PLC,Albania,2517,False
https://green.org,org,1,17,0,0,0,2,0,Bryant Group,Dominica,437,True
https://gray.gov,gov,1,16,0,0,0,2,0,"Williams, Reyes and Anderson",Saint Kitts and Nevis,629,True
http://whitaker.biz,biz,0,19,0,0,0,2,1,"Hall, Davis and Jensen",Malta,3793,True
http://kennedy.org,org,0,18,0,0,0,2,1,Knight LLC,French Southern Territories,4470,True
https://mclaughlin-howard.info,info,1,30,1,0,0,2,0,Spencer-Benton,Mali,5989,True
http://jenkins-turner.info,info,0,26,1,0,0,2,1,Gardner and Sons,United States of America,6439,True
http://johnson.info,info,0,19,0,0,0,2,1,Williams Group,Saint Kitts and Nevis,6451,True
http://collins.info,info,0,19,0,0,0,2,1,Hall PLC,Falkland Islands (Malvinas),1272,False
http://freeman-bolton.com,com,0,25,1,0,0,2,0,Cain Ltd,Liechtenstein,6345,False
http://hayes.com,com,0,16,0,0,0,2,1,Boone-Garcia,French Guiana,2558,False
https://blackburn.ar,ar,1,20,0,0,0,2,0,Jones LLC,British Virgin Islands,4610,False
https://sloan-schmidt.io,io,1,24,1,0,0,2,0,"Stephens, Owens and Hudson",Philippines,6893,True
http://suarez.ar,ar,0,16,0,0,0,2,0,Vasquez-Brown,Cambodia,7087,False
https://chen.info,info,1,17,0,0,0,2,1,Williams-Sanchez,Haiti,1369,False
https://welch.com,com,1,17,0,0,0,2,1,Mcmillan-Walker,Liberia,6060,True
https://sullivan.dev,dev,1,20,0,0,0,2,1,"Wilson, Wall and Garcia",Peru,622,True
http://davis-robinson.ar,ar,0,24,1,0,0,2,1,Jones Group,Syrian Arab Republic,5168,True
http://williams.net,net,0,19,0,0,0,2,0,"Thompson, Sanders and Turner",Micronesia,596,False
http://jackson.gov,gov,0,18,0,0,0,2,0,Hamilton Inc,Gibraltar,2296,False
https://hayes.info,info,1,18,0,0,0,2,1,"Hernandez, Salazar and Pena",Malaysia,2039,False
http://lopez-jones.dev,dev,0,22,1,0,0,2,0,"Wright, Santiago and Santos",Cameroon,2718,False
https://rush-stone.ar,ar,1,21,1,0,0,2,0,Rogers PLC,Guyana,3264,False
https://gonzales.org,org,1,20,0,0,0,2,1,"Little, Ortiz and Robinson",Cote d'Ivoire,3639,True
https://rivera.com,com,1,18,0,0,0,2,1,Collins-Bailey,Georgia,6428,False
http://hernandez.info,info,0,21,0,0,0,2,0,Hall PLC,Heard Island and McDonald Islands,5096,False
http://williams-torres.io,io,0,25,1,0,0,2,1,"Ryan, Morgan and Davis",Somalia,2572,False
http://jarvis-boyd.net,net,0,22,1,0,0,2,1,Young-Good,Uganda,2553,False
https://jones.net,net,1,17,0,0,0,2,0,"Miller, Barnett and Rivera",Bahrain,1787,False
http://conley.edu,edu,0,17,0,0,0,2,1,Parker-Ortiz,Netherlands Antilles,5044,True
https://lewis.info,info,1,18,0,0,0,2,1,"Flores, Lynch and Miller",Dominican Republic,1921,False
https://hernandez.dev,dev,1,21,0,0,0,2,0,Berry and Sons,Benin,6843,True
https://martinez-moore.org,org,1,26,1,0,0,2,1,"Young, Martin and White",Niue,6988,False
https://evans.org,org,1,17,0,0,0,2,1,Hebert-Leonard,Estonia,5740,False
http://hernandez.info,info,0,21,0,0,0,2,0,"James, King and Walker",Tajikistan,2063,False
http://collins.org,org,0,18,0,0,0,2,0,"Campos, Johnson and Glass",Turks and Caicos Islands,6671,False
http://faulkner.gov,gov,0,19,0,0,0,2,0,Bennett Inc,Dominican Republic,2596,False
http://wells.org,org,0,16,0,0,0,2,0,Smith-Spencer,Gambia,3852,False
https://wilcox.org,org,1,18,0,0,0,2,0,"Vasquez, Powers and Clark",Burundi,1977,True
https://wall.io,io,1,15,0,0,0,2,1,Solis and Sons,Ghana,650,True
http://costa.edu,edu,0,16,0,0,0,2,1,Gibson-Wells,Svalbard & Jan Mayen Islands,7075,True
http://mcdaniel.edu,edu,0,19,0,0,0,2,1,"Diaz, Wallace and Aguilar",Iran,5532,False
https://beard.io,io,1,16,0,0,0,2,0,Hernandez-Potts,New Zealand,7261,False
https://tran.biz,biz,1,16,0,0,0,2,1,Boone and Sons,Trinidad and Tobago,1412,True
https://miller.biz,biz,1,18,0,0,0,2,1,"Barrett, Brewer and Sanchez",Armenia,3287,True
http://thomas.info,info,0,18,0,0,0,2,0,"Miller, Hines and Rowland",Rwanda,3737,True
https://lewis-lucas.org,org,1,23,1,0,0,2,0,Mays-Simpson,American Samoa,7125,True
http://hill.com,com,0,15,0,0,0,2,1,Murphy PLC,Bahrain,1105,True
https://baker-davis.info,info,1,24,1,0,0,2,1,Rose-Johnson,Netherlands,6874,False
http://king.com,com,0,15,0,0,0,2,0,"Gomez, Carr and Larson",Morocco,2060,True
https://cunningham.io,io,1,21,0,0,0,2,0,"Hughes, Wiley and Burnett",Ecuador,7192,False
https://jones.io,io,1,16,0,0,0,2,1,Robinson PLC,Lao People's Democratic Republic,3897,False
http://hall.info,info,0,16,0,0,0,2,0,"Peterson, Marquez and Simmons",Macao,759,True
http://duffy.ar,ar,0,15,0,0,0,2,1,Hughes Ltd,Greece,803,False
http://freeman.edu,edu,0,18,0,0,0,2,0,"Schmidt, Beard and Hamilton",Equatorial Guinea,6678,True
http://hanna.ar,ar,0,15,0,0,0,2,0,Ortiz-Reed,Azerbaijan,1955,True
http://hoffman-rocha.edu,edu,0,24,1,0,0,2,1,"Rodriguez, Wright and Rose",British Virgin Islands,6892,False
http://meyer.io,io,0,15,0,0,0,2,0,Spears-Wilson,Togo,4686,False
http://young-barron.biz,biz,0,23,1,0,0,2,1,Conner-Rodriguez,Oman,1897,True
http://gilbert.biz,biz,0,18,0,0,0,2,1,"Perez, Day and Mills",Bahrain,2009,False
http://scott-flores.com,com,0,23,1,0,0,2,0,Perez Group,Cambodia,4684,False
https://clark-bowman.io,io,1,23,1,0,0,2,1,Hodge and Sons,Egypt,5758,True
https://bishop.ar,ar,1,17,0,0,0,2,0,Frank-Carter,Mauritius,4910,True
https://wilkins.biz,biz,1,19,0,0,0,2,1,Church Group,Sweden,6434,True
http://wall.io,io,0,14,0,0,0,2,1,Miller-Miller,Aruba,5828,True
http://smith.biz,biz,0,16,0,0,0,2,0,Juarez Ltd,Tuvalu,574,True
https://wheeler-clark.gov,gov,1,25,1,0,0,2,1,Wilson LLC,Jordan,5222,True
http://miller.ar,ar,0,16,0,0,0,2,1,Bryant and Sons,Dominican Republic,6171,True
http://hammond.io,io,0,17,0,0,0,2,0,"Barnett, Humphrey and Taylor",Guadeloupe,3898,True
https://harrison.net,net,1,20,0,0,0,2,1,"Smith, Osborne and Franklin",Guatemala,2590,False
https://lopez.org,org,1,17,0,0,0,2,1,Day-Campbell,Cayman Islands,1417,False
https://green.info,info,1,18,0,0,0,2,1,Butler-Williams,Bouvet Island (Bouvetoya),5581,True
http://wells.gov,gov,0,16,0,0,0,2,0,Hodges-Armstrong,Vietnam,6232,True
http://diaz.biz,biz,0,15,0,0,0,2,0,"Sullivan, Kelley and Robinson",Cyprus,468,True
https://stevens.io,io,1,18,0,0,0,2,0,Bishop-Poole,Egypt,3812,False
https://smith.org,org,1,17,0,0,0,2,0,"Brown, Moore and Carter",Sao Tome and Principe,2212,False
http://stevenson.net,net,0,20,0,0,0,2,1,Smith-Porter,North Macedonia,1872,True
https://mclean.gov,gov,1,18,0,0,0,2,1,Wood LLC,Lesotho,6330,False
http://kirk.net,net,0,15,0,0,0,2,1,"Smith, Mason and Perez",South Georgia and the South Sandwich Islands,4555,False
https://brewer.org,org,1,18,0,0,0,2,1,"Patel, Moore and Luna",Mongolia,7264,True
http://torres.com,com,0,17,0,0,0,2,1,Hicks Ltd,Oman,6528,False
https://taylor.io,io,1,17,0,0,0,2,1,"Baker, Torres and Downs",Antarctica (the territory South of 60 deg S),5552,True
https://rodriguez.io,io,1,20,0,0,0,2,0,Thompson and Sons,Indonesia,2952,True
http://johnson.gov,gov,0,18,0,0,0,2,1,Booth-Mccoy,Norfolk Island,413,True
https://williams.info,info,1,21,0,0,0,2,0,Dean-Paul,Tokelau,6598,False
http://padilla-cooper.edu,edu,0,25,1,0,0,2,1,Weaver-Leonard,Cocos (Keeling) Islands,6191,True
https://collins.dev,dev,1,19,0,0,0,2,1,"Hernandez, Chapman and Johns",Ecuador,1190,True
http://jennings.io,io,0,18,0,0,0,2,1,Castaneda PLC,Peru,5712,True
https://gonzalez.io,io,1,19,0,0,0,2,1,"Ray, Erickson and Hernandez",Puerto Rico,1437,False
http://jones.com,com,0,16,0,0,0,2,1,Diaz-Aguirre,United Kingdom,1556,True
https://gonzalez.edu,edu,1,20,0,0,0,2,0,Golden and Sons,Afghanistan,3096,True
http://jackson.gov,gov,0,18,0,0,0,2,1,"Obrien, Gibbs and Mccoy",United States of America,1746,False
https://flores.dev,dev,1,18,0,0,0,2,0,"Galloway, Harris and Palmer",Senegal,438,True
http://powell.dev,dev,0,17,0,0,0,2,0,Miller-Duran,Vietnam,6825,True
https://castaneda-ford.org,org,1,26,1,0,0,2,0,Andrews Group,Sierra Leone,3239,False
https://petersen.gov,gov,1,20,0,0,0,2,0,Wiley Inc,Kiribati,1395,False
http://johnson-hanna.com,com,0,24,1,0,0,2,0,Patton PLC,Equatorial Guinea,6516,True
https://james.biz,biz,1,17,0,0,0,2,0,Kelley-Tyler,Niue,2553,False
https://keith-lawson.io,io,1,23,1,0,0,2,0,"Wilkinson, Sheppard and Ramsey",Trinidad and Tobago,6452,False
http://black.com,com,0,16,0,0,0,2,1,Maxwell LLC,Namibia,6173,False
http://baker.ar,ar,0,15,0,0,0,2,0,"Navarro, Tran and Cox",Guernsey,3340,False
https://cervantes.edu,edu,1,21,0,0,0,2,0,Pratt-Smith,Dominica,3050,True
https://todd.biz,biz,1,16,0,0,0,2,0,Davis and Sons,Slovakia (Slovak Republic),3507,False
http://salas.edu,edu,0,16,0,0,0,2,1,Davis Group,Korea,2653,True
https://hamilton.ar,ar,1,19,0,0,0,2,0,"Smith, Brown and Mcdonald",Monaco,6842,True
https://ramirez.io,io,1,18,0,0,0,2,0,Richardson Inc,Venezuela,4529,True
http://jones-smith.biz,biz,0,22,1,0,0,2,0,"Shannon, Cooper and Anderson",Eritrea,3458,False
http://diaz.biz,biz,0,15,0,0,0,2,1,"Nielsen, Velasquez and Sanchez",Pitcairn Islands,4627,False
http://allen-franco.gov,gov,0,23,1,0,0,2,1,Wright PLC,China,6568,False
https://diaz-booker.com,com,1,23,1,0,0,2,1,Tran and Sons,Brunei Darussalam,5832,True
https://bailey-owens.io,io,1,23,1,0,0,2,0,Hernandez-Anderson,Belgium,5362,True
https://jones.info,info,1,18,0,0,0,2,1,Dunn PLC,Namibia,609,False
https://washington-schroeder.gov,gov,1,32,1,0,0,2,1,Hudson and Sons,Vietnam,7289,False
https://thomas-williams.edu,edu,1,27,1,0,0,2,1,Kerr and Sons,Turkmenistan,615,True
https://garcia-blake.com,com,1,24,1,0,0,2,1,Rowe and Sons,Portugal,4801,False
https://dillon.org,org,1,18,0,0,0,2,1,Bernard-Rojas,Cayman Islands,3074,False
http://rodriguez.com,com,0,20,0,0,0,2,0,Martinez and Sons,Slovenia,1730,True
https://floyd.com,com,1,17,0,0,0,2,0,"Rodriguez, Wilson and Morton",British Indian Ocean Territory (Chagos Archipelago),5298,True
https://rubio-montes.ar,ar,1,23,1,0,0,2,0,Taylor-Roman,Switzerland,5622,True
http://hall.io,io,0,14,0,0,0,2,0,Mcbride-Palmer,Greenland,6061,True
http://baldwin-hayes.dev,dev,0,24,1,0,0,2,0,"Hahn, Walker and Rivera",Nepal,4001,False
http://wiley-scott.biz,biz,0,22,1,0,0,2,1,"Kirk, Green and Ross",Yemen,4157,True
https://burgess.biz,biz,1,19,0,0,0,2,0,"Parks, Wright and Castro",South Georgia and the South Sandwich Islands,3504,True
https://barnes.com,com,1,18,0,0,0,2,0,"Lynch, Walters and Ruiz",Burundi,1462,True
https://ware.org,org,1,16,0,0,0,2,1,Ward LLC,Seychelles,2599,True
https://young-thompson.edu,edu,1,26,1,0,0,2,1,Ferguson-Vincent,Mozambique,879,False
https://barrera.edu,edu,1,19,0,0,0,2,0,"Suarez, Duncan and Bryant",Malawi,1058,True
http://mcdonald.dev,dev,0,19,0,0,0,2,0,Dixon-Hanson,Portugal,3439,True
https://levine.com,com,1,18,0,0,0,2,1,"Powers, Morris and Harris",Turkmenistan,2025,False
https://rivers.edu,edu,1,18,0,0,0,2,1,"Turner, Mckay and Lawrence",Canada,6720,True
http://baker.ar,ar,0,15,0,0,0,2,1,Jones and Sons,Dominican Republic,4049,True
https://powell.io,io,1,17,0,0,0,2,0,Weaver-Howard,Latvia,5048,True
http://murphy.biz,biz,0,17,0,0,0,2,1,"Sims, Myers and Rowland",Korea,561,True
https://jacobson.info,info,1,21,0,0,0,2,0,Miller-Washington,Heard Island and McDonald Islands,4738,False
http://coleman.gov,gov,0,18,0,0,0,2,1,Davis-Gregory,Burkina Faso,5438,False
https://meyers.dev,dev,1,18,0,0,0,2,0,Erickson-Hill,Norway,6806,False
http://wood.ar,ar,0,14,0,0,0,2,1,Buck and Sons,Malta,5984,True
https://hernandez.dev,dev,1,21,0,0,0,2,1,"Jensen, Terry and Beck",Saint Barthelemy,1935,True
http://ortiz.com,com,0,16,0,0,0,2,0,Ruiz Inc,United Kingdom,4669,False
http://gomez-zamora.info,info,0,24,1,0,0,2,1,"Anderson, Wells and Pena",Niger,3308,False
https://romero-parker.gov,gov,1,25,1,0,0,2,0,"Harris, Smith and Murray",Sri Lanka,4872,True
https://davis-adams.ar,ar,1,22,1,0,0,2,1,"Mcneil, Diaz and Hunter",Cuba,6141,True
http://snyder-hernandez.biz,biz,0,27,1,0,0,2,1,Smith and Sons,Dominica,3321,False
https://fleming.gov,gov,1,19,0,0,0,2,1,Thompson-Guzman,Kenya,4731,True
https://guzman.edu,edu,1,18,0,0,0,2,0,"Krause, Wright and Fletcher",Palau,7121,False
http://hogan.ar,ar,0,15,0,0,0,2,1,"Washington, Francis and Jacobson",Luxembourg,6246,True
https://murillo-sweeney.org,org,1,27,1,0,0,2,0,Barnes-Garcia,Jordan,5136,False
http://chandler.edu,edu,0,19,0,0,0,2,0,"Taylor, Gibson and Barnes",Sierra Leone,5057,True
https://wade-erickson.info,info,1,26,1,0,0,2,0,Daugherty LLC,Palestinian Territory,7292,True
https://black.info,info,1,18,0,0,0,2,1,"Hawkins, Swanson and Suarez",Nigeria,4215,False
http://hernandez-daniels.io,io,0,27,1,0,0,2,1,Morrison-Payne,Mauritius,4419,True
https://parker-rodriguez.dev,dev,1,28,1,0,0,2,1,"Garcia, Wilson and Anderson",Turkey,4082,False
http://ellis.net,net,0,16,0,0,0,2,0,"Gomez, Cannon and Gordon",Senegal,5279,False
https://castro.net,net,1,18,0,0,0,2,1,Coleman-Perkins,Central African Republic,5675,False
https://tapia-odonnell.gov,gov,1,26,1,0,0,2,1,"Barrera, Hernandez and Sloan",Netherlands,4678,True
http://collins-harris.io,io,0,24,1,0,0,2,0,Parker-Thomas,Congo,2927,False
http://hanna.edu,edu,0,16,0,0,0,2,0,"Schmitt, Fuentes and Porter",Uganda,6467,False
https://hunter-harris.org,org,1,25,1,0,0,2,0,"Brown, Wright and Velasquez",Panama,2984,True
http://smith.dev,dev,0,16,0,0,0,2,1,"Butler, Gonzalez and Bradford",Bahamas,1852,True
http://jones.net,net,0,16,0,0,0,2,1,Lutz and Sons,Haiti,4956,False
https://mcclure.info,info,1,20,0,0,0,2,0,Alvarado PLC,Poland,5598,False
https://campbell.org,org,1,20,0,0,0,2,1,"Moreno, Wang and Sherman",Tanzania,4074,True
http://sellers.info,info,0,19,0,0,0,2,1,Love-Bonilla,Costa Rica,6791,True
https://kennedy.com,com,1,19,0,0,0,2,0,White-Willis,Croatia,6688,True
http://knight-lam.net,net,0,21,1,0,0,2,1,"Leonard, Gregory and Lynn",Isle of Man,1500,True
http://brown-wall.dev,dev,0,21,1,0,0,2,1,"Mcclain, Martinez and Cooper",Cayman Islands,4574,True
http://shea.io,io,0,14,0,0,0,2,1,Harrison-Smith,Iraq,4165,False
https://manning-perez.info,info,1,26,1,0,0,2,1,"Hernandez, Arias and Daniels",Benin,3209,False
http://anderson-craig.info,info,0,26,1,0,0,2,0,"Wallace, Mcpherson and Johnson",Chile,2609,False
https://garcia.dev,dev,1,18,0,0,0,2,1,Gray-Bell,Bahrain,4739,False
http://walker.gov,gov,0,17,0,0,0,2,1,Morales LLC,Bolivia,912,True
https://king.gov,gov,1,16,0,0,0,2,1,Perez PLC,Azerbaijan,4493,True
https://gray.ar,ar,1,15,0,0,0,2,0,Rogers and Sons,Mali,3498,False
https://morse.org,org,1,17,0,0,0,2,1,"Moore, Boone and Frederick",Italy,2950,True
http://stewart-mcbride.gov,gov,0,26,1,0,0,2,1,Gibson LLC,Palau,4228,True
https://hendricks.info,info,1,22,0,0,0,2,0,"Stewart, Allen and Ramirez",Sri Lanka,1965,True
https://bright.dev,dev,1,18,0,0,0,2,0,Ramirez and Sons,Luxembourg,631,True
https://willis-thomas.biz,biz,1,25,1,0,0,2,0,Mcbride LLC,Mayotte,7146,False
http://ruiz-crane.net,net,0,21,1,0,0,2,0,Smith PLC,Austria,2492,True
https://kelly.com,com,1,17,0,0,0,2,1,Allen-Brennan,Cayman Islands,6689,True
http://hudson.com,com,0,17,0,0,0,2,1,"Roberts, Richardson and Perry",Cambodia,6758,True
http://bush.org,org,0,15,0,0,0,2,0,"Moore, Myers and Savage",British Virgin Islands,6479,False
https://williams.edu,edu,1,20,0,0,0,2,0,Harris and Sons,Guinea-Bissau,2731,False
http://dunn.info,info,0,16,0,0,0,2,1,Dyer-Perry,Afghanistan,7271,True
https://miller.io,io,1,17,0,0,0,2,0,Chen-Simpson,Romania,3050,False
https://hughes-rodriguez.dev,dev,1,28,1,0,0,2,1,Griffin Ltd,Cayman Islands,3652,True
http://leblanc-reilly.ar,ar,0,24,1,0,0,2,0,Griffith-Bailey,United Kingdom,1738,False
http://mosley.com,com,0,17,0,0,0,2,0,Hall-Deleon,Azerbaijan,3076,False
http://johnson.dev,dev,0,18,0,0,0,2,1,Richardson-Kelly,Kyrgyz Republic,1647,True
https://bell.dev,dev,1,16,0,0,0,2,0,"Moore, Garner and King",Ghana,2968,True
https://price.io,io,1,16,0,0,0,2,0,Solomon-Rollins,Azerbaijan,6773,False
http://jordan.net,net,0,17,0,0,0,2,0,"Arnold, Morales and Vega",Cook Islands,3178,True
http://riddle.gov,gov,0,17,0,0,0,2,0,"Crawford, Green and Lane",Turkmenistan,5401,True
https://may.biz,biz,1,15,0,0,0,2,0,Crosby-Johnson,Benin,6846,False
https://wright.org,org,1,18,0,0,0,2,0,"Ramos, Smith and Vazquez",Saint Kitts and Nevis,4402,False
https://jackson.dev,dev,1,19,0,0,0,2,0,Pearson Group,Korea,1208,False
http://holloway.com,com,0,19,0,0,0,2,1,Smith and Sons,Suriname,3404,True
http://lynch.biz,biz,0,16,0,0,0,2,1,Thompson-Mendoza,New Zealand,6711,True
http://miller.net,net,0,17,0,0,0,2,1,Thompson-Gordon,Central African Republic,2456,True
https://evans-malone.biz,biz,1,24,1,0,0,2,0,"Davis, Reyes and Morgan",Paraguay,5844,True
http://wang-swanson.ar,ar,0,22,1,0,0,2,0,Stephens PLC,Algeria,3435,True
http://lee-lamb.ar,ar,0,18,1,0,0,2,0,"Stein, Sanchez and Wright",Romania,5210,False
http://smith.dev,dev,0,16,0,0,0,2,1,Jones and Sons,Peru,7154,False
http://petersen.edu,edu,0,19,0,0,0,2,0,Lewis-Ortiz,Morocco,1838,True
https://shepherd.ar,ar,1,19,0,0,0,2,0,Christian Inc,Qatar,6823,False
https://santos.ar,ar,1,17,0,0,0,2,0,Beard Group,Aruba,5578,False
https://guzman.com,com,1,18,0,0,0,2,1,Mendoza Ltd,Benin,1671,True
http://hoffman.org,org,0,18,0,0,0,2,1,"Barnett, Hickman and Flowers",Cook Islands,2812,False
https://brown-taylor.dev,dev,1,24,1,0,0,2,0,"Williams, Haney and Kim",Turks and Caicos Islands,730,True
http://pruitt.info,info,0,18,0,0,0,2,0,"Rice, Huynh and Perez",Singapore,6099,True
http://simpson.io,io,0,17,0,0,0,2,1,Anthony Ltd,Moldova,731,True
https://scott.io,io,1,16,0,0,0,2,1,"Wall, Hansen and Wong",Rwanda,6540,True
http://bell.gov,gov,0,15,0,0,0,2,0,Odonnell PLC,Heard Island and McDonald Islands,2165,False
http://gillespie.org,org,0,20,0,0,0,2,0,"Brown, Andrews and Oneal",Mayotte,6836,True
https://williams.net,net,1,20,0,0,0,2,0,Fisher and Sons,Bahrain,2880,True
https://hartman-rios.com,com,1,24,1,0,0,2,0,Mckay-Sanford,Svalbard & Jan Mayen Islands,4949,True
https://gibbs.org,org,1,17,0,0,0,2,0,"Hoover, Bryant and Holland",Papua New Guinea,1915,True
https://terry-steele.net,net,1,24,1,0,0,2,0,"Burns, Jackson and Marsh",Mongolia,3255,False
https://cardenas.gov,gov,1,20,0,0,0,2,1,Franklin-Freeman,Romania,5014,False
https://wright.gov,gov,1,18,0,0,0,2,0,Smith-Gonzales,Malawi,3238,True
https://young-phillips.org,org,1,26,1,0,0,2,1,"Ramirez, Foster and Oconnell",Christmas Island,6535,False
https://espinoza.edu,edu,1,20,0,0,0,2,1,Chen-Thomas,Costa Rica,3796,False
https://smith.com,com,1,17,0,0,0,2,0,Smith-Oneill,Mexico,2013,True
http://williams-thomas.io,io,0,25,1,0,0,2,1,Collins Group,Faroe Islands,7146,True
http://hatfield.org,org,0,19,0,0,0,2,0,George Ltd,Korea,2090,True
https://aguilar.org,org,1,19,0,0,0,2,1,Lee-Hunter,Palau,3241,True
https://richardson.dev,dev,1,22,0,0,0,2,0,Gonzalez-Williams,Mauritius,4583,True
http://figueroa-alvarez.ar,ar,0,26,1,0,0,2,1,Campbell Inc,Saint Martin,5690,False
https://glover-elliott.dev,dev,1,26,1,0,0,2,0,Glover LLC,Mongolia,4741,True
http://lopez.dev,dev,0,16,0,0,0,2,0,Fields-Richards,Poland,5094,True
http://brooks.biz,biz,0,17,0,0,0,2,0,Larson-Miller,Guyana,2842,True
https://wolf.ar,ar,1,15,0,0,0,2,0,Gray PLC,Czech Republic,4843,True
http://jacobs.com,com,0,17,0,0,0,2,1,Wiggins Ltd,Antigua and Barbuda,1023,False
https://jones.net,net,1,17,0,0,0,2,1,Sanders-Lane,Switzerland,5575,True
http://york.edu,edu,0,15,0,0,0,2,1,Singh Inc,Yemen,776,False
https://arnold-hernandez.io,io,1,27,1,0,0,2,0,Hunt PLC,Taiwan,6776,False
http://conway.io,io,0,16,0,0,0,2,0,"Miller, Galloway and Ramirez",Austria,4230,True
http://wade.io,io,0,14,0,0,0,2,1,Oconnor-Peterson,Norway,5921,True
http://wright.org,org,0,17,0,0,0,2,1,"Rivera, Anderson and Walls",Turkey,6620,True
http://brooks.dev,dev,0,17,0,0,0,2,1,Moore Inc,Luxembourg,958,False
https://mejia.gov,gov,1,17,0,0,0,2,1,Morton and Sons,Aruba,5549,True
https://grant-blair.gov,gov,1,23,1,0,0,2,1,Smith Group,Malta,4384,False
https://howard.ar,ar,1,17,0,0,0,2,0,Smith and Sons,Cape Verde,6768,False
https://mata.org,org,1,16,0,0,0,2,1,Walker-Hurst,Brunei Darussalam,4720,False
https://smith.ar,ar,1,16,0,0,0,2,1,Lara Inc,Honduras,2891,False
https://mcintosh.io,io,1,19,0,0,0,2,1,"Harris, Gibson and Jones",Fiji,3877,True
https://hernandez-walls.edu,edu,1,27,1,0,0,2,0,Fleming-Norris,Niger,3058,True
https://randolph.biz,biz,1,20,0,0,0,2,1,"Garcia, Wilkins and Gordon",Tunisia,3367,True
https://graves-tran.edu,edu,1,23,1,0,0,2,1,Curtis-Gonzalez,Mauritius,5613,False
http://davis-moore.biz,biz,0,22,1,0,0,2,1,Acevedo-Lloyd,United Arab Emirates,1684,False
https://baird-willis.ar,ar,1,23,1,0,0,2,1,Harding Inc,Christmas Island,1155,False
http://weaver.edu,edu,0,17,0,0,0,2,0,Jones Ltd,Swaziland,5382,True
https://dickerson-hubbard.edu,edu,1,29,1,0,0,2,1,Jimenez Inc,Lithuania,3298,False
http://carter-thomas.edu,edu,0,24,1,0,0,2,1,Schroeder-Martinez,Solomon Islands,4434,True
http://freeman.com,com,0,18,0,0,0,2,1,Francis-Nelson,Honduras,7025,False
https://aguirre.biz,biz,1,19,0,0,0,2,1,Williams PLC,Dominica,3848,False
http://gallagher.dev,dev,0,20,0,0,0,2,1,Joseph Inc,Isle of Man,4816,True
http://stephens.biz,biz,0,19,0,0,0,2,1,Long PLC,El Salvador,4705,False
https://perkins-ewing.gov,gov,1,25,1,0,0,2,0,"Bush, Cross and Howard",Morocco,1328,True
https://jensen.io,io,1,17,0,0,0,2,1,Harper-Zavala,Uzbekistan,2897,True
https://simpson-wilson.gov,gov,1,26,1,0,0,2,1,Carr Group,Tanzania,6371,False
https://pruitt.gov,gov,1,18,0,0,0,2,1,"Palmer, Richardson and Hoffman",Moldova,4219,False
http://hernandez.edu,edu,0,20,0,0,0,2,1,"Henry, Woods and Williamson",Egypt,1132,True
https://johnson.gov,gov,1,19,0,0,0,2,0,"Wyatt, Davidson and Mcbride",Portugal,5204,True
http://hunt-livingston.net,net,0,26,1,0,0,2,0,"Rodriguez, Wong and Carter",Singapore,6510,True
https://leonard.ar,ar,1,18,0,0,0,2,0,David Ltd,Botswana,4643,True
https://guerra.io,io,1,17,0,0,0,2,1,Hendricks Group,Algeria,4523,False
http://foster.dev,dev,0,17,0,0,0,2,0,"Miles, Henderson and Roberts",Malaysia,694,False
https://barnett.com,com,1,19,0,0,0,2,0,Zimmerman-Escobar,Moldova,2523,True
http://sandoval-clark.org,org,0,25,1,0,0,2,0,Walsh-Weaver,Anguilla,1471,False
https://alvarez.io,io,1,18,0,0,0,2,0,"Mitchell, Mack and Brown",Liechtenstein,792,True
https://valenzuela.io,io,1,21,0,0,0,2,0,Wallace-Williams,Maldives,5785,False
https://young.com,com,1,17,0,0,0,2,0,"Stevens, Miranda and Peterson",Kyrgyz Republic,2820,True
http://bennett.net,net,0,18,0,0,0,2,0,Warren PLC,Guadeloupe,5216,False
https://brown-smith.gov,gov,1,23,1,0,0,2,0,"Wilson, Stokes and Sawyer",Liechtenstein,3759,True
https://johnson.ar,ar,1,18,0,0,0,2,0,Kelly PLC,United States of America,5484,False
https://jacobs-deleon.com,com,1,25,1,0,0,2,0,"Petty, Weiss and Edwards",Mali,4857,True
http://knox-townsend.edu,edu,0,24,1,0,0,2,0,"Romero, Adams and Marsh",Lesotho,721,False
https://burnett.com,com,1,19,0,0,0,2,0,Robinson-Cline,Burkina Faso,7279,False
https://rodriguez.com,com,1,21,0,0,0,2,1,"Manning, Scott and Thornton",Saint Helena,1275,False
https://anderson.gov,gov,1,20,0,0,0,2,0,"Jones, Campbell and Brown",Angola,6013,False
http://gonzalez.io,io,0,18,0,0,0,2,1,"Sanchez, Bailey and Bates",Comoros,4772,False
https://perez-lee.edu,edu,1,21,1,0,0,2,1,Fields LLC,United Arab Emirates,837,False
http://johnson.edu,edu,0,18,0,0,0,2,1,White-Mills,Jamaica,2830,True
http://nelson.edu,edu,0,17,0,0,0,2,0,"Phelps, Russell and Stokes",Libyan Arab Jamahiriya,2530,True
https://clarke.io,io,1,17,0,0,0,2,0,"Reeves, Bird and Moran",Bahrain,4039,False
http://suarez.io,io,0,16,0,0,0,2,1,"Donaldson, Morris and Freeman",Sweden,2025,False
https://barry.dev,dev,1,17,0,0,0,2,1,Vincent and Sons,United Arab Emirates,847,False
http://lawson.edu,edu,0,17,0,0,0,2,1,Harrison-Mendoza,Montserrat,2162,False
http://evans.io,io,0,15,0,0,0,2,1,Garcia Inc,Palestinian Territory,3881,True
https://lee.ar,ar,1,14,0,0,0,2,1,Robinson-Padilla,Saint Barthelemy,5569,True
https://caldwell.gov,gov,1,20,0,0,0,2,0,"Parker, Costa and Perkins",Tajikistan,6334,True
https://jensen-velez.dev,dev,1,24,1,0,0,2,1,Martin-Reed,Honduras,3254,False
https://gonzalez-kelly.biz,biz,1,26,1,0,0,2,1,"Bowman, Jackson and Carlson",Korea,5330,True
https://hensley.com,com,1,19,0,0,0,2,0,Sullivan-Thornton,Gabon,2142,True
http://marshall.info,info,0,20,0,0,0,2,0,"Clark, Johnson and Snow",Ethiopia,4014,False
https://page.com,com,1,16,0,0,0,2,1,Johnson LLC,Uruguay,4179,False
https://rodriguez.biz,biz,1,21,0,0,0,2,0,"Williams, Horn and Carlson",Belarus,4275,True
https://reyes.edu,edu,1,17,0,0,0,2,0,Bush Inc,Cote d'Ivoire,7000,False
https://holmes.biz,biz,1,18,0,0,0,2,1,"Williams, Howard and Peterson",Northern Mariana Islands,4611,True
https://carr-lutz.net,net,1,21,1,0,0,2,1,Hoffman Inc,Bulgaria,6171,True
https://erickson-jennings.com,com,1,29,1,0,0,2,1,"Cole, George and Saunders",Djibouti,4059,True
http://harris.net,net,0,17,0,0,0,2,1,Tucker-Olsen,Afghanistan,3810,False
http://bautista-wilkinson.edu,edu,0,29,1,0,0,2,1,Rose Inc,Belgium,3290,False
http://crawford-clark.info,info,0,26,1,0,0,2,0,Sanchez PLC,Jamaica,2842,False
